location,aiPlaceName,rank,candidateName,categoryName,categoryGroupCode,address,placeUrl,x,y,score,gatePass,containsDirection,prefixRest,suffixRest
경주,불국사,0,불국사,"문화,예술 > 종교 > 불교 > 절,사찰",,경북 경주시 불국로 385,http://place.map.kakao.com/12760573,129.3318426090494,35.78991466172384,8,true,EXACT,,
경주,불국사,1,불국사 정문주차장,"교통,수송 > 교통시설 > 주차장 > 공영주차장",PK6,경북 경주시 진현동 산 70-1,http://place.map.kakao.com/20516971,129.3322329651638,35.786357938744,8,true,CANDIDATE_LONGER,,정문주차장
경주,불국사,2,하운드호텔 경주불국사,여행 > 숙박 > 호텔,AD5,경북 경주시 불국신택지4길 34,http://place.map.kakao.com/832046967,129.325443977923,35.7856641473026,8,true,CANDIDATE_LONGER,하운드호텔경주,
경주,불국사,3,불국사 공영주차장,"교통,수송 > 교통시설 > 주차장 > 공영주차장",PK6,경북 경주시 진현동 50-2,http://place.map.kakao.com/704451699,129.32905024914854,35.78642866890904,8,true,CANDIDATE_LONGER,,공영주차장
경주,불국사,4,불국사농협 진현지점,"금융,보험 > 금융서비스 > 은행 > 농축협",,경북 경주시 진현로2길 54,http://place.map.kakao.com/8246726,129.32759715454688,35.78570716345793,8,true,CANDIDATE_LONGER,,농협진현지점
경주,석굴암,0,석굴암,"문화,예술 > 종교 > 불교 > 절,사찰",,경북 경주시 석굴로 238,http://place.map.kakao.com/8361996,129.35052073446747,35.79524166200299,8,true,EXACT,,
경주,석굴암,1,석굴암 주차장,"교통,수송 > 교통시설 > 주차장",PK6,경북 경주시 진현동 973-8,http://place.map.kakao.com/17576812,129.349787520925,35.7902868562833,8,true,CANDIDATE_LONGER,,주차장
경주,석굴암,2,석굴암전망대,"여행 > 관광,명소 > 전망대",AT4,경북 경주시 진현동 산 9-1,http://place.map.kakao.com/17579112,129.34939193063,35.7906730204903,10,true,CANDIDATE_LONGER,,전망대
경주,석굴암,3,석굴암한옥펜션,여행 > 숙박 > 한옥숙소,AD5,경북 경주시 문무대왕면 석굴로 110-133,http://place.map.kakao.com/1284711494,129.36607337224498,35.78016871666779,8,true,CANDIDATE_LONGER,,한옥펜션
경주,석굴암,4,석굴암 석굴,"여행 > 관광,명소 > 문화유적",,경북 경주시 석굴로 238,http://place.map.kakao.com/1021120302,129.34923831334638,35.79491984499583,8,true,CANDIDATE_LONGER,,석굴
경주,토함산식당,0,토함산식당,"음식점 > 한식 > 육류,고기 > 닭요리",FD6,경북 경주시 새골길 197,http://place.map.kakao.com/8114811,129.312736540521,35.798541805332,10,true,EXACT,,
경주,토함산식당,1,토함산식당,음식점 > 한식,FD6,경북 경주시 감포읍 동해안로 1704,http://place.map.kakao.com/1246526867,129.492933056375,35.7612233612207,10,true,EXACT,,
경주,토함산식당,2,불국사토함산밀면,음식점 > 한식 > 국수,FD6,경북 경주시 구정1길 8,http://place.map.kakao.com/26875855,129.298052080365,35.77753747853498,5,false,DISJOINT,,
경주,토함산식당,3,토함산솔밭가든,"음식점 > 한식 > 육류,고기 > 닭요리",FD6,경북 경주시 문무대왕면 불국로 1056-8,http://place.map.kakao.com/1204981145,129.35523861840684,35.75806762659848,5,false,DISJOINT,,
경주,토함산식당,4,토함산손칼국수,음식점 > 한식 > 국수 > 칼국수,FD6,경북 경주시 진현로1길 59-9,http://place.map.kakao.com/9561274,129.3274183985586,35.78628908588838,5,false,DISJOINT,,
경주,국립경주박물관,0,국립경주박물관,"문화,예술 > 문화시설 > 박물관",CT1,경북 경주시 일정로 186,http://place.map.kakao.com/9666845,129.22795026492514,35.829233895353426,8,true,EXACT,,
경주,국립경주박물관,1,국립경주박물관 어린이박물관,"문화,예술 > 문화시설 > 박물관",CT1,경북 경주시 일정로 186,http://place.map.kakao.com/9666846,129.2287508153467,35.82957135353371,8,true,CANDIDATE_LONGER,,어린이박물관
경주,국립경주박물관,2,국립경주박물관 신라미술관,"문화,예술 > 문화시설 > 미술관",CT1,경북 경주시 일정로 186,http://place.map.kakao.com/17574835,129.228618864244,35.8288097169209,8,true,CANDIDATE_LONGER,,신라미술관
경주,국립경주박물관,3,국립경주박물관 특별전시관,"문화,예술 > 문화시설 > 전시관",CT1,경북 경주시 일정로 186,http://place.map.kakao.com/17581661,129.228671887025,35.8294394634649,8,true,CANDIDATE_LONGER,,특별전시관
경주,국립경주박물관,4,국립경주박물관 공영주차장,"교통,수송 > 교통시설 > 주차장",PK6,경북 경주시 구황동 619,http://place.map.kakao.com/20594690,129.22982045242338,35.83050931254594,8,true,CANDIDATE_LONGER,,공영주차장
경주,교리김밥,0,교리김밥 경주본점,음식점 > 분식,FD6,경북 경주시 탑리3길 2,http://place.map.kakao.com/11807645,129.2107891117208,35.82169290821779,10,true,CANDIDATE_LONGER,,경주본점
경주,교리김밥,1,교리김밥 봉황대점,음식점 > 분식,FD6,경북 경주시 태종로 746,http://place.map.kakao.com/825009109,129.2095888417204,35.83928990400284,10,true,CANDIDATE_LONGER,,봉황대점
경주,교리김밥,2,교리김밥 황성직영점,음식점 > 분식,FD6,경북 경주시 황성로 31,http://place.map.kakao.com/25816696,129.2145672317088,35.865858279667755,10,true,CANDIDATE_LONGER,,황성직영점
경주,교리김밥,3,교리김밥 보문점,음식점 > 분식,FD6,경북 경주시 신평동 375-1,http://place.map.kakao.com/117148050,129.286358748392,35.8439792717939,10,true,CANDIDATE_LONGER,,보문점
경주,교리김밥,4,교리김밥 경주본점 주차장,"교통,수송 > 교통시설 > 주차장",PK6,경북 경주시 포석로 900,http://place.map.kakao.com/1835292482,129.210758906839,35.8215213639397,8,true,CANDIDATE_LONGER,,경주본점주차장
경주,동궁과 월지,0,동궁과월지,"여행 > 관광,명소 > 연못",,경북 경주시 원화로 102,http://place.map.kakao.com/8179010,129.226975518857,35.8347762643542,3,true,EXACT,,
경주,동궁과 월지,1,동궁과월지 주차장,"교통,수송 > 교통시설 > 주차장 > 공영주차장",PK6,경북 경주시 원화로 102,http://place.map.kakao.com/20518946,129.22704028771633,35.83313516559263,3,true,CANDIDATE_LONGER,,주차장
경주,동궁과 월지,2,동궁과월지 연꽃단지,"여행 > 관광,명소",,경북 경주시 인왕동 523-3,http://place.map.kakao.com/1443665936,129.22323058637977,35.83575118203273,3,true,CANDIDATE_LONGER,,연꽃단지
경주,동궁과 월지,3,동궁과월지 매표소,"서비스,산업 > 관리,운영 > 매표소",,경북 경주시 원화로 102,http://place.map.kakao.com/1971345636,129.226655082371,35.8333675671048,3,true,CANDIDATE_LONGER,,매표소
경주,동궁과 월지,4,동궁과월지 연꽃단지 노상주차장,"교통,수송 > 교통시설 > 주차장 > 공영주차장",PK6,경북 경주시 인왕동 53-2,http://place.map.kakao.com/1007573467,129.228568372401,35.8330167220326,3,true,CANDIDATE_LONGER,,연꽃단지노상주차장
경주,대릉원,0,대릉원,"여행 > 관광,명소 > 문화유적 > 릉,묘,총",,경북 경주시 황남동 31-1,http://place.map.kakao.com/8288444,129.21333399231364,35.83819105876201,8,true,EXACT,,
경주,대릉원,1,대릉원 공영주차장,"교통,수송 > 교통시설 > 주차장 > 공영주차장",PK6,경북 경주시 황남동 202-6,http://place.map.kakao.com/17577580,129.215677947036,35.8351762005644,8,true,CANDIDATE_LONGER,,공영주차장
경주,대릉원,2,스타벅스 경주대릉원점,음식점 > 카페 > 커피전문점 > 스타벅스,CE7,경북 경주시 첨성로 125,http://place.map.kakao.com/24994872,129.214987136254,35.8340500195735,10,true,CANDIDATE_LONGER,스타벅스경주,점
경주,대릉원,3,대릉원돌담길,"여행 > 관광,명소",,경북 경주시 황남동 15-11,http://place.map.kakao.com/1513460329,129.213679016152,35.8390587143541,8,true,CANDIDATE_LONGER,,돌담길
경주,대릉원,4,대릉원흑백사진관,"문화,예술 > 사진 > 사진관,포토스튜디오",,경북 경주시 포석로 1081,http://place.map.kakao.com/1701158079,129.209618564356,35.8375692611184,8,true,CANDIDATE_LONGER,,흑백사진관
경주,첨성대,0,첨성대,"여행 > 관광,명소 > 문화유적",,경북 경주시 인왕동 839-1,http://place.map.kakao.com/8089382,129.21900018259583,35.83471481233599,8,true,EXACT,,
경주,첨성대,1,경주십원빵 첨성대점,"음식점 > 간식 > 제과,베이커리",FD6,경북 경주시 첨성로 161,http://place.map.kakao.com/1119886819,129.218668584894,35.8358400343646,10,true,CANDIDATE_LONGER,경주십원빵,점
경주,첨성대,2,첨성대초콜렛,"음식점 > 간식 > 제과,베이커리",FD6,경북 경주시 포석로 1058-7,http://place.map.kakao.com/26452348,129.21016243799764,35.83555532948565,10,true,CANDIDATE_LONGER,,초콜렛
경주,첨성대,3,GS25 경주첨성대점,"가정,생활 > 편의점 > GS25",CS2,경북 경주시 첨성로 161,http://place.map.kakao.com/27267873,129.218661999231,35.8358419580904,8,true,CANDIDATE_LONGER,gs25경주,점
경주,첨성대,4,경주첨성대 브랜드콜택시,"교통,수송 > 택시 > 콜택시",,경북 경주시 동천로28번길 11,http://place.map.kakao.com/17766084,129.227448947809,35.8496454873842,8,true,CANDIDATE_LONGER,경주,브랜드콜택시
경주,향화정,0,향화정,음식점 > 한식,FD6,경북 경주시 사정로57번길 17,http://place.map.kakao.com/632306474,129.209192577739,35.8380095983727,10,true,EXACT,,
경주,황리단길,0,황리단길,"여행 > 관광,명소 > 테마거리 > 카페거리",AT4,경북 경주시 태종로 746,http://place.map.kakao.com/627627078,129.209645417434,35.8393348165945,10,true,EXACT,,
경주,황리단길,1,경주 황리단길,"여행 > 관광,명소 > 도보여행",AT4,경북 경주시 포석로 1080,http://place.map.kakao.com/1124130238,129.209953809161,35.8374081139238,10,true,CANDIDATE_LONGER,경주,
경주,황리단길,2,황리단길 공영주차장,"교통,수송 > 교통시설 > 주차장 > 공영주차장",PK6,경북 경주시 사정동 183,http://place.map.kakao.com/1370822071,129.20539257328036,35.831973932427026,8,true,CANDIDATE_LONGER,,공영주차장
경주,황리단길,3,황리단길 주차장,"교통,수송 > 교통시설 > 주차장",PK6,경북 경주시 사정로 27,http://place.map.kakao.com/1160151312,129.206185109715,35.8369782107022,8,true,CANDIDATE_LONGER,,주차장
경주,황리단길,4,황리단길 포석로공영주차장,"교통,수송 > 교통시설 > 주차장 > 공영주차장",PK6,경북 경주시 황남동 280,http://place.map.kakao.com/1332384978,129.21010407531617,35.83739994299501,8,true,CANDIDATE_LONGER,,포석로공영주차장
경주,대릉원사진관,0,대릉원흑백사진관,"문화,예술 > 사진 > 사진관,포토스튜디오",,경북 경주시 포석로 1081,http://place.map.kakao.com/1701158079,129.209618564356,35.8375692611184,3,false,DISJOINT,,
경주,월정교,0,경주춘양교지,"여행 > 관광,명소 > 문화유적",,경북 경주시 인왕동 921-1,http://place.map.kakao.com/12706099,129.22614089954646,35.82843036862392,3,false,DISJOINT,,
경주,월정교,1,월정교,"여행 > 관광,명소 > 문화유적",,경북 경주시 교동 274,http://place.map.kakao.com/1839209698,129.21812129691938,35.82929954620109,8,true,EXACT,,
경주,월정교,2,월정교 주차장,"교통,수송 > 교통시설 > 주차장",PK6,경북 경주시 교동 153-5,http://place.map.kakao.com/182251458,129.21538412500448,35.82795343347463,8,true,CANDIDATE_LONGER,,주차장
경주,월정교,3,월정교 주차장화장실,"가정,생활 > 화장실",,경북 경주시 교동 155-2,http://place.map.kakao.com/1538567641,129.215750524949,35.8283971990151,8,true,CANDIDATE_LONGER,,주차장화장실
경주,월정교,4,월정교,"음식점 > 한식 > 해물,생선",FD6,경북 경주시 감포읍 동해안로 1890,http://place.map.kakao.com/1613134148,129.494138377529,35.7773018587763,10,true,EXACT,,
경주,함양집,0,함양집 경주보문점,음식점 > 한식,FD6,경북 경주시 북군1길 10-1,http://place.map.kakao.com/17399928,129.262183765744,35.8520273426589,10,true,CANDIDATE_LONGER,,경주보문점
경주,함양집,1,함양집 황리단점,음식점 > 한식,FD6,경북 경주시 포석로 1058-24,http://place.map.kakao.com/1434141477,129.210277447632,35.835313535147,10,true,CANDIDATE_LONGER,,황리단점
경주,함양집,2,함양집 보불로점,음식점 > 한식,FD6,경북 경주시 보불로 287,http://place.map.kakao.com/25813072,129.306903872918,35.8082661158945,10,true,CANDIDATE_LONGER,,보불로점
경주,함양집,3,함양집 주차장,"교통,수송 > 교통시설 > 주차장",PK6,경북 경주시 보불로 287,http://place.map.kakao.com/969937007,129.307062744403,35.808290096476,8,true,CANDIDATE_LONGER,,주차장
경주,보문호반길,-1,,,,,,,,,,,,
경주,동궁원,0,경주동궁원,"여행 > 관광,명소 > 수목원,식물원",AT4,경북 경주시 보문로 74-14,http://place.map.kakao.com/19464673,129.26166060389696,35.849507092525485,10,true,CANDIDATE_LONGER,경주,
경주,동궁원,1,경주동궁원 동궁식물원 본관,"여행 > 관광,명소 > 수목원,식물원",AT4,경북 경주시 보문로 74-13,http://place.map.kakao.com/643170133,129.264248812477,35.8505431697621,10,true,CANDIDATE_LONGER,경주,동궁식물원본관
경주,동궁원,2,경주동궁원 주차장,"교통,수송 > 교통시설 > 주차장",PK6,경북 경주시 북군동 576-4,http://place.map.kakao.com/1746105493,129.262429699036,35.8505558270305,8,true,CANDIDATE_LONGER,경주,주차장
경주,동궁원,3,경주동궁원 경주버드파크야외체험장,"교육,학문 > 교육단체 > 체험학습장",,경북 경주시 북군동 591-1,http://place.map.kakao.com/1120491012,129.26129149867,35.8489806304161,8,true,CANDIDATE_LONGER,경주,경주버드파크야외체험장
경주,동궁원,4,경주동궁원 주령구공용화장실,"가정,생활 > 화장실",,경북 경주시 보문로 74-10,http://place.map.kakao.com/2004045391,129.262162609514,35.8503482141398,8,true,CANDIDATE_LONGER,경주,주령구공용화장실
경주,보문뜰,0,보문뜰,음식점 > 한식 > 한정식,FD6,경북 경주시 경감로 142-3,http://place.map.kakao.com/25968394,129.25170633678914,35.842684067348976,10,true,EXACT,,
경주,보문뜰,1,보문뜰 주차장,"교통,수송 > 교통시설 > 주차장",PK6,경북 경주시 경감로 142-3,http://place.map.kakao.com/773209072,129.251307349686,35.8427411034681,8,true,CANDIDATE_LONGER,,주차장
경주,주렁주렁 경주점,0,주렁주렁 경주점,"여행 > 관광,명소 > 동물원 > 실내동물원",AT4,경북 경주시 엑스포로 80,http://place.map.kakao.com/26848872,129.28982987710802,35.8344982844486,10,true,EXACT,,
경주,카페 아덴,0,아덴 보문호수점,음식점 > 카페 > 테마카페 > 디저트카페,CE7,경북 경주시 한국관광1번로 34,http://place.map.kakao.com/425270187,129.28367743254475,35.84313285674398,5,false,DISJOINT,,
경주,카페 아덴,1,아덴 2호점,음식점 > 카페 > 테마카페 > 디저트카페,CE7,경북 경주시 사정로 57,http://place.map.kakao.com/1345543229,129.209153680974,35.8367668704458,5,false,DISJOINT,,
경주,경주중앙시장,0,경주중앙시장,"가정,생활 > 시장",,경북 경주시 금성로 295,http://place.map.kakao.com/2136388558,129.20674378595027,35.843961867137544,8,true,EXACT,,
경주,경주중앙시장,1,경주중앙시장 주차장,"교통,수송 > 교통시설 > 주차장",PK6,경북 경주시 금성로 295,http://place.map.kakao.com/1135466868,129.20585974221402,35.843608677149746,8,true,CANDIDATE_LONGER,,주차장
경주,경주중앙시장,2,경주중앙농산물도매시장,"가정,생활 > 식품판매",,경북 경주시 동성로 47,http://place.map.kakao.com/685559532,129.20570829114,35.843574515532,3,false,DISJOINT,,
경주,경주중앙시장,3,경주중앙시장 번영회,"서비스,산업 > 관리,운영",,경북 경주시 금성로 295,http://place.map.kakao.com/21120984,129.20674494196217,35.84396364798982,8,true,CANDIDATE_LONGER,,번영회
경주,경주중앙시장,4,경주중앙시장 물품보관함,"서비스,산업 > 보관,저장",,경북 경주시 금성로 295,http://place.map.kakao.com/1590484321,129.206650726496,35.8441978486146,8,true,CANDIDATE_LONGER,,물품보관함
부산,해운대해수욕장,0,해운대해수욕장,"여행 > 관광,명소 > 해수욕장,해변",AT4,부산 해운대구 우동,http://place.map.kakao.com/7913306,129.159854668484,35.1585232170784,10,true,EXACT,,
부산,해운대해수욕장,1,해운대모래축제,이슈 > 이벤트 > 페스티벌,,부산 해운대구 해운대해변로 264,http://place.map.kakao.com/25045411,129.159932007878,35.1587921803816,3,false,DISJOINT,,
부산,해운대해수욕장,2,해운대 빛축제,이슈 > 이벤트 > 페스티벌,,부산 해운대구 해운대해변로 280,http://place.map.kakao.com/1958714741,129.16257647704452,35.15949653649849,3,false,DISJOINT,,
부산,해운대해수욕장,3,해운대해수욕장 LCT 소공원 공중화장실,"가정,생활 > 화장실",,부산 해운대구 해운대해변로298번길 34,http://place.map.kakao.com/515465660,129.1676696816042,35.16005789987037,8,true,CANDIDATE_LONGER,,lct소공원공중화장실
부산,해운대해수욕장,4,해운대해수욕장삼거리,"교통,수송 > 도로시설 > 교차로",,부산 해운대구 중동,http://place.map.kakao.com/15146713,129.160602171521,35.1595696259192,8,true,CANDIDATE_LONGER,,삼거리
부산,동백섬,0,동백섬,"여행 > 관광,명소 > 섬 > 섬(내륙)",AT4,부산 해운대구 우동 708-3,http://place.map.kakao.com/8257954,129.152289970167,35.1539431141198,10,true,EXACT,,
부산,동백섬,1,동백섬횟집,"음식점 > 한식 > 해물,생선 > 회",FD6,부산 해운대구 해운대해변로209번나길 17,http://place.map.kakao.com/14735817,129.15465460018015,35.160435890200745,10,true,CANDIDATE_LONGER,,횟집
부산,동백섬,2,동백섬 누리마루전망대,"여행 > 관광,명소 > 전망대",AT4,부산 해운대구 우동 710-1,http://place.map.kakao.com/213928278,129.152533269093,35.1521833603479,10,true,CANDIDATE_LONGER,,누리마루전망대
부산,동백섬,3,현대아쿠아팰리스동백섬아파트,부동산 > 주거시설 > 아파트,,부산 해운대구 동백로 23,http://place.map.kakao.com/11332069,129.15118280086256,35.159398488519564,8,true,CANDIDATE_LONGER,현대아쿠아팰리스,아파트
부산,동백섬,4,동백섬마리나,부동산 > 부동산서비스,,부산 해운대구 동백로 52,http://place.map.kakao.com/18824781,129.152021757225,35.1565900358557,8,true,CANDIDATE_LONGER,,마리나
부산,상국이네,0,상국이네,음식점 > 분식,FD6,부산 해운대구 구남로41번길 40-1,http://place.map.kakao.com/9089301,129.16287693095907,35.162016169133,10,true,EXACT,,
부산,상국이네,1,상국이네분식 신세계백화점 센텀시티점,음식점 > 분식,FD6,부산 해운대구 센텀남대로 35,http://place.map.kakao.com/68633537,129.129043830593,35.1686678485493,10,true,CANDIDATE_LONGER,,분식신세계백화점센텀시티점
부산,해리단길,0,해리단길,"여행 > 관광,명소 > 테마거리",AT4,부산 해운대구 우동 517-14,http://place.map.kakao.com/2101481584,129.157908776659,35.1651110146752,10,true,EXACT,,
부산,해리단길,1,해리단길 공영주차장,"교통,수송 > 교통시설 > 주차장 > 공영주차장",PK6,부산 해운대구 우동 524-16,http://place.map.kakao.com/1547461753,129.1574148366031,35.163652756628736,8,true,CANDIDATE_LONGER,,공영주차장
부산,해리단길,2,브로쓰마카롱 해운대해리단길점,음식점 > 카페 > 테마카페 > 디저트카페,CE7,부산 해운대구 우동2로 13,http://place.map.kakao.com/1620644455,129.1603775575,35.1658455799386,10,true,CANDIDATE_LONGER,브로쓰마카롱해운대,점
부산,해리단길,3,헤일로아뜰리에 해리단길점,"문화,예술 > 미술,공예",,부산 해운대구 우동1로20번가길 31,http://place.map.kakao.com/992968483,129.158374324975,35.1662417604937,8,true,CANDIDATE_LONGER,헤일로아뜰리에,점
부산,해리단길,4,포토이즘박스 해리단길점,"문화,예술 > 사진 > 사진관,포토스튜디오 > 즉석사진 > 포토이즘박스",,부산 해운대구 우동1로20번길 33,http://place.map.kakao.com/1505701431,129.158249208626,35.1645390302858,8,true,CANDIDATE_LONGER,포토이즘박스,점
부산,더베이101,0,더베이101,"문화,예술 > 문화시설",,부산 해운대구 동백로 52,http://place.map.kakao.com/27457865,129.152021092751,35.1565648156251,8,true,EXACT,,
부산,더베이101,1,더베이101 요트클럽,"스포츠,레저 > 수영,수상 > 수상스포츠",,부산 해운대구 동백로 52,http://place.map.kakao.com/25810984,129.152025839006,35.1567449601264,8,true,CANDIDATE_LONGER,,요트클럽
부산,더베이101,2,더베이101 주차장,"교통,수송 > 교통시설 > 주차장",PK6,부산 해운대구 우동 747-11,http://place.map.kakao.com/1906165326,129.15258291771,35.1569405202022,8,true,CANDIDATE_LONGER,,주차장
부산,더베이101,3,루프101,"여행 > 관광,명소 > 전망대",AT4,부산 해운대구 동백로 52,http://place.map.kakao.com/1626120501,129.152022516623,35.1566188589761,5,false,DISJOINT,,
부산,더베이101,4,갤러리101,"서비스,산업 > 마케팅 > 상품전시,매장전시",,부산 해운대구 동백로 52,http://place.map.kakao.com/27235477,129.152021092751,35.1565648156251,3,false,DISJOINT,,
부산,해운대원조할매국밥,0,해운대원조할매국밥,음식점 > 한식 > 국밥,FD6,부산 해운대구 구남로21번길 33,http://place.map.kakao.com/367285394,129.1613417627714,35.163301573016895,10,true,EXACT,,
부산,해운대원조할매국밥,1,해운대원조할매국밥,음식점 > 한식 > 국밥,FD6,부산 해운대구 중동1로 40,http://place.map.kakao.com/837267301,129.163239118689,35.1620187108888,10,true,EXACT,,
부산,해운대원조할매국밥,2,해운대원조할매국밥,음식점 > 한식 > 국밥,FD6,부산 해운대구 구남로21번길 27,http://place.map.kakao.com/938029405,129.161221088502,35.1630955631552,10,true,EXACT,,
부산,해운대원조할매국밥,3,원조할매국밥 송정점,음식점 > 한식 > 국밥,FD6,부산 해운대구 송정중앙로 38,http://place.map.kakao.com/13265597,129.20436922039235,35.181932706177136,5,false,DISJOINT,,
부산,흰여울문화마을,0,흰여울문화마을,"여행 > 관광,명소",,부산 영도구 영선동4가 605-3,http://place.map.kakao.com/22875776,129.0437540909888,35.07944374604049,8,true,EXACT,,
부산,흰여울문화마을,1,흰여울문화마을 거점센터,"교육,학문 > 문화센터",,부산 영도구 절영로 194,http://place.map.kakao.com/19732390,129.04353722179926,35.079890780475175,8,true,CANDIDATE_LONGER,,거점센터
부산,흰여울문화마을,2,CU 영도흰여울문화마을점,"가정,생활 > 편의점 > CU",CS2,부산 영도구 절영로 202-2,http://place.map.kakao.com/170048522,129.04438549839418,35.07948626868854,8,true,CANDIDATE_LONGER,cu영도,점
부산,남포동 비빔당면,0,깡통골목 원조비빔당면,음식점 > 한식 > 냉면,FD6,부산 중구 중구로47번길 29,http://place.map.kakao.com/15655773,129.02635175526757,35.10215807909338,5,false,DISJOINT,,
부산,남포동 비빔당면,1,깡통골목할매유부전골 본점,음식점 > 분식,FD6,부산 중구 부평3길 29,http://place.map.kakao.com/26926399,129.027053407733,35.1020192793998,5,false,DISJOINT,,
부산,남포동 비빔당면,2,깡통사거리분식,음식점 > 분식,FD6,부산 중구 부평2길 39,http://place.map.kakao.com/910853695,129.026359027108,35.101255880484,5,false,DISJOINT,,
부산,남포동 비빔당면,3,원조소문난김밥집,음식점 > 분식,FD6,부산 중구 부평2길 30,http://place.map.kakao.com/1511915848,129.02653890912043,35.100814901144076,5,false,DISJOINT,,
부산,남포동 비빔당면,4,진맛집,음식점 > 분식,FD6,부산 중구 중구로39번길 30,http://place.map.kakao.com/95022710,129.02636929882547,35.101493619171976,5,false,DISJOINT,,
부산,국제시장,0,국제시장,"가정,생활 > 시장",,부산 중구 신창동4가 56-4,http://place.map.kakao.com/20543715,129.02818525258604,35.101319053986096,8,true,EXACT,,
부산,국제시장,1,국제시장 4공구 B동,"가정,생활 > 시장",,부산 중구 중구로 36,http://place.map.kakao.com/133012350,129.028048364444,35.1011050626374,8,true,CANDIDATE_LONGER,,4공구b동
부산,국제시장,2,부산국제 수산물도매시장 시장회관동,"가정,생활 > 시장",,부산 서구 원양로 35,http://place.map.kakao.com/8678254,129.01116631598,35.0595066869418,3,false,DISJOINT,,
부산,국제시장,3,국제시장 1공구A동,"가정,생활 > 시장",,부산 중구 국제시장2길 33,http://place.map.kakao.com/182635644,129.028299280278,35.1023805326809,8,true,CANDIDATE_LONGER,,1공구a동
부산,국제시장,4,국제시장 3공구A동,"가정,생활 > 시장",,부산 중구 국제시장2길 25,http://place.map.kakao.com/26478430,129.028313015529,35.1015187791244,8,true,CANDIDATE_LONGER,,3공구a동
부산,부평깡통시장,0,부평깡통시장,"가정,생활 > 시장",,부산 중구 부평동2가 82,http://place.map.kakao.com/837490557,129.02586215783472,35.10182652099438,8,true,EXACT,,
부산,부평깡통시장,1,부평깡통시장 어묵특화거리,"가정,생활 > 시장",,부산 중구 부평1길 48,http://place.map.kakao.com/539980307,129.026019438565,35.1015355155014,8,true,CANDIDATE_LONGER,,어묵특화거리
부산,부평깡통시장,2,부평깡통시장 상인회,"사회,공공기관 > 단체,협회",,부산 중구 중구로47번길 31-13,http://place.map.kakao.com/27344976,129.0262369227988,35.101993281554186,8,true,CANDIDATE_LONGER,,상인회
부산,부평깡통시장,3,부평깡통시장 고객센터,"서비스,산업 > 전문대행 > 고객관리,TM",,부산 중구 부평1길 39,http://place.map.kakao.com/27482888,129.025714521855,35.1012666550571,8,true,CANDIDATE_LONGER,,고객센터
부산,부평깡통시장,4,효성어묵 부평깡통시장점,"가정,생활 > 식품판매",,부산 중구 부평3길 29,http://place.map.kakao.com/852993477,129.027061526655,35.1020371671147,8,true,CANDIDATE_LONGER,효성어묵,점
부산,용두산공원 부산타워,0,용두산공원,여행 > 공원 > 도시근린공원,,부산 중구 용두산길 37-55,http://place.map.kakao.com/11339636,129.03244338014895,35.10093050445418,8,true,AI_LONGER,,
부산,용두산공원 부산타워,1,부산타워,"여행 > 관광,명소 > 전망대",AT4,부산 중구 용두산길 37-30,http://place.map.kakao.com/1534486834,129.03232871480225,35.10121449509689,10,true,AI_LONGER,,
부산,개미집 남포점,-1,,,,,,,,,,,,
부산,광안리해수욕장,0,광안리해수욕장,"여행 > 관광,명소 > 해수욕장,해변",AT4,부산 수영구 광안해변로 219,http://place.map.kakao.com/8202423,129.118976093583,35.1531932736837,10,true,EXACT,,
부산,광안리해수욕장,1,광안리해수욕장 공영주차장,"교통,수송 > 교통시설 > 주차장 > 공영주차장",PK6,부산 수영구 광안동 198-3,http://place.map.kakao.com/18559771,129.11598529440508,35.15159285242623,8,true,CANDIDATE_LONGER,,공영주차장
부산,광안리해수욕장,2,광안리해수욕장 주차장,"교통,수송 > 교통시설 > 주차장",PK6,부산 수영구 광안로 59-1,http://place.map.kakao.com/1447534327,129.118615345468,35.1550217126641,8,true,CANDIDATE_LONGER,,주차장
부산,광안리해수욕장,3,카카오T 광안리해수욕장 주차장,"교통,수송 > 교통시설 > 주차장",PK6,부산 수영구 광안로 59-1,http://place.map.kakao.com/58031467,129.11861534546762,35.15502171266408,8,true,CANDIDATE_LONGER,카카오t,주차장
부산,광안리해수욕장,4,부산불꽃축제,이슈 > 이벤트 > 페스티벌,,부산 수영구 광안동,http://place.map.kakao.com/12637818,129.118943702994,35.1531289575092,3,false,DISJOINT,,
부산,광안리 카페거리,0,광안리카페거리,"여행 > 관광,명소 > 테마거리 > 카페거리",AT4,부산 수영구 광안동 205,http://place.map.kakao.com/8668857,129.116357196067,35.1508708395273,5,true,EXACT,,
부산,광안리 카페거리,1,콜렛츠 커피,음식점 > 카페 > 커피전문점,CE7,부산 수영구 수영로540번길 49,http://place.map.kakao.com/481010486,129.114884630496,35.1534936831293,5,false,DISJOINT,,
부산,할매재첩국,0,할매재첩국 부산본점,음식점 > 한식,FD6,부산 수영구 광남로120번길 8,http://place.map.kakao.com/8154162,129.1164955680386,35.15197683835566,10,true,CANDIDATE_LONGER,,부산본점
부산,할매재첩국,1,할매재첩국,음식점 > 한식,FD6,부산 사상구 낙동대로1530번길 20-15,http://place.map.kakao.com/1531629877,128.98621754964088,35.19325383111974,10,true,EXACT,,
부산,할매재첩국,2,할매재첩국 부산본점 주차장,"교통,수송 > 교통시설 > 주차장",PK6,부산 수영구 광안동 198-1,http://place.map.kakao.com/1766789916,129.116491787979,35.1520426885498,8,true,CANDIDATE_LONGER,,부산본점주차장
부산,전포카페거리,0,전포카페거리,"여행 > 관광,명소 > 테마거리",AT4,부산 부산진구 전포대로209번길 26,http://place.map.kakao.com/25661344,129.062569363766,35.1554466988384,10,true,EXACT,,
부산,전포카페거리,1,카페차이 전포카페거리본점,음식점 > 카페,CE7,부산 부산진구 전포대로176번길 7,http://place.map.kakao.com/1367781119,129.066025399539,35.1523085218466,10,true,CANDIDATE_LONGER,카페차이,본점
부산,전포카페거리,2,카페051 전포카페거리점,음식점 > 카페 > 커피전문점 > 카페051,CE7,부산 부산진구 전포대로 207,http://place.map.kakao.com/793968715,129.0649234823821,35.15511821181743,10,true,CANDIDATE_LONGER,카페051,점
부산,전포카페거리,3,전포오지상,음식점 > 일식,FD6,부산 부산진구 전포대로223번길 10,http://place.map.kakao.com/1415744591,129.064613823825,35.1565851751309,5,false,DISJOINT,,
부산,전포카페거리,4,전포커피축제,이슈 > 이벤트 > 페스티벌,,부산 부산진구 전포대로209번길 26,http://place.map.kakao.com/74113897,129.06355202207666,35.15547051167583,3,false,DISJOINT,,
부산,송정3대국밥,0,송정삼대국밥,음식점 > 한식 > 국밥,FD6,부산 부산진구 서면로68번길 33,http://place.map.kakao.com/10551889,129.0584983963701,35.15557363642001,5,false,DISJOINT,,
부산,해운대 해수욕장,0,해운대해수욕장,"여행 > 관광,명소 > 해수욕장,해변",AT4,부산 해운대구 우동,http://place.map.kakao.com/7913306,129.159854668484,35.1585232170784,5,true,EXACT,,
부산,해운대 해수욕장,1,해운대모래축제,이슈 > 이벤트 > 페스티벌,,부산 해운대구 해운대해변로 264,http://place.map.kakao.com/25045411,129.159932007878,35.1587921803816,3,false,DISJOINT,,
부산,해운대 해수욕장,2,해운대 빛축제,이슈 > 이벤트 > 페스티벌,,부산 해운대구 해운대해변로 280,http://place.map.kakao.com/1958714741,129.16257647704452,35.15949653649849,3,false,DISJOINT,,
부산,해운대 해수욕장,3,해운대해수욕장 LCT 소공원 공중화장실,"가정,생활 > 화장실",,부산 해운대구 해운대해변로298번길 34,http://place.map.kakao.com/515465660,129.1676696816042,35.16005789987037,3,true,CANDIDATE_LONGER,,lct소공원공중화장실
부산,해운대 해수욕장,4,해운대해수욕장삼거리,"교통,수송 > 도로시설 > 교차로",,부산 해운대구 중동,http://place.map.kakao.com/15146713,129.160602171521,35.1595696259192,3,true,CANDIDATE_LONGER,,삼거리
부산,SEA LIFE 부산 아쿠아리움,0,씨라이프 부산아쿠아리움,"문화,예술 > 문화시설 > 아쿠아리움",CT1,부산 해운대구 해운대해변로 266,http://place.map.kakao.com/7906241,129.16099918602094,35.159354377968754,3,false,DISJOINT,,
부산,SEA LIFE 부산 아쿠아리움,1,SEA LIFE 부산아쿠아리움 주차장,"교통,수송 > 교통시설 > 주차장",PK6,부산 해운대구 중동 1411-4,http://place.map.kakao.com/17583444,129.16165546621502,35.159399436738006,3,true,CANDIDATE_LONGER,,주차장
부산,SEA LIFE 부산 아쿠아리움,2,씨라이프부산아쿠아리움 전기차충전소,"교통,수송 > 자동차 > 전기차 충전소",,부산 해운대구 해운대해변로 266,http://place.map.kakao.com/1582000041,129.16101594945826,35.15919998347889,3,false,DISJOINT,,
부산,SEA LIFE 부산 아쿠아리움,3,하나은행365 씨라이프부산아쿠아리움,"금융,보험 > 금융서비스 > 은행 > ATM",BK9,부산 해운대구 해운대해변로 266,http://place.map.kakao.com/18385992,129.1610323525568,35.15928079359615,3,false,DISJOINT,,
부산,해운대 시장,0,해운대전통시장,"가정,생활 > 시장",,부산 해운대구 구남로41번길 22-1,http://place.map.kakao.com/18525086,129.16233605367,35.1613986341697,3,false,DISJOINT,,
부산,해운대 시장,1,해운대시장 공영주차장,"교통,수송 > 교통시설 > 주차장 > 공영주차장",PK6,부산 해운대구 구남로29번길 20-11,http://place.map.kakao.com/1802884698,129.162305157207,35.1622210269137,3,true,CANDIDATE_LONGER,,공영주차장
부산,해운대 시장,2,개미집 국제시장본점직영점,"음식점 > 한식 > 해물,생선",FD6,부산 해운대구 구남로 34,http://place.map.kakao.com/15917936,129.1606672876343,35.16111842831759,5,false,DISJOINT,,
부산,해운대 시장,3,좌동재래시장,"가정,생활 > 시장",,부산 해운대구 좌동 893,http://place.map.kakao.com/8072487,129.17466522909726,35.17333330340987,3,false,DISJOINT,,
부산,해운대 시장,4,우일종합시장,"가정,생활 > 시장",,부산 해운대구 우동1로20번길 74,http://place.map.kakao.com/18525234,129.160108119686,35.1652844699546,3,false,DISJOINT,,
부산,해동용궁사,0,해동용궁사,"문화,예술 > 종교 > 불교 > 절,사찰",,부산 기장군 기장읍 용궁길 86,http://place.map.kakao.com/8606230,129.2231430744025,35.18840281721384,8,true,EXACT,,
부산,해동용궁사,1,해동용궁사 주차장,"교통,수송 > 교통시설 > 주차장",PK6,부산 기장군 기장읍 시랑리 415,http://place.map.kakao.com/20596109,129.2209228012762,35.18998720195493,8,true,CANDIDATE_LONGER,,주차장
부산,해동용궁사,2,부산 기장 해동용궁사 도깨비 방앗간 한옥카페,음식점 > 카페,CE7,부산 기장군 기장읍 용궁길 49,http://place.map.kakao.com/1784304472,129.220271111965,35.1902821105338,10,true,CANDIDATE_LONGER,부산기장,도깨비방앗간한옥카페
부산,해동용궁사,3,해동용궁사 대형주차장,"교통,수송 > 교통시설 > 주차장",PK6,부산 기장군 기장읍 시랑리 414,http://place.map.kakao.com/20588660,129.22050680351992,35.19059318137983,8,true,CANDIDATE_LONGER,,대형주차장
부산,해동용궁사,4,해동용궁사 극락전,"문화,예술 > 종교 > 불교 > 절,사찰",,부산 기장군 기장읍 용궁길 86,http://place.map.kakao.com/1417409995,129.223472353876,35.1882408746354,8,true,CANDIDATE_LONGER,,극락전
부산,웨이브온 커피,0,웨이브온커피,음식점 > 카페 > 커피전문점,CE7,부산 기장군 장안읍 해맞이로 286,http://place.map.kakao.com/528293263,129.269784558837,35.3222915727433,5,true,EXACT,,
부산,웨이브온 커피,1,웨이브온커피 주차장,"교통,수송 > 교통시설 > 주차장",PK6,부산 기장군 장안읍 월내리 553,http://place.map.kakao.com/1935969057,129.269625136292,35.3223702592185,3,true,CANDIDATE_LONGER,,주차장
부산,기장시장,0,기장시장,"가정,생활 > 시장",,부산 기장군 기장읍 읍내로104번길 16,http://place.map.kakao.com/11520115,129.215284613773,35.2435361643299,8,true,EXACT,,
부산,기장시장,1,기장시장공영주차장,"교통,수송 > 교통시설 > 주차장 > 공영주차장",PK6,부산 기장군 기장읍 읍내로104번길 16,http://place.map.kakao.com/20594146,129.21487271423,35.2437383486743,8,true,CANDIDATE_LONGER,,공영주차장
부산,기장시장,2,다비치안경 부산기장시장점,"가정,생활 > 패션 > 패션잡화점 > 안경,렌즈 > 다비치안경",,부산 기장군 기장읍 차성동로 104,http://place.map.kakao.com/2055085502,129.21703966679402,35.246996751738756,8,true,CANDIDATE_LONGER,다비치안경부산,점
부산,기장시장,3,기장제1공영주차장,"교통,수송 > 교통시설 > 주차장 > 공영주차장",PK6,부산 기장군 기장읍 차성동로 70,http://place.map.kakao.com/18342283,129.21696556875,35.2441145267138,3,false,DISJOINT,,
부산,기장시장,4,기장시장 공영주차장,"교통,수송 > 교통시설 > 주차장 > 공영주차장",PK6,부산 기장군 기장읍 읍내로94번길 9,http://place.map.kakao.com/969519930,129.21487747185614,35.24415548029085,8,true,CANDIDATE_LONGER,,공영주차장
부산,오랑대공원,0,오랑대공원,여행 > 공원 > 도시근린공원,,부산 기장군 기장읍 시랑리,http://place.map.kakao.com/11340429,129.227814368768,35.2059095736345,8,true,EXACT,,
부산,오랑대공원,1,오랑대공원 공영주차장,"교통,수송 > 교통시설 > 주차장",PK6,부산 기장군 기장읍 연화리 산 64-26,http://place.map.kakao.com/20519500,129.22650906451173,35.205793019458774,8,true,CANDIDATE_LONGER,,공영주차장
부산,송정집,0,송정집,음식점 > 한식,FD6,부산 해운대구 송정광어골로 59,http://place.map.kakao.com/21540783,129.196337819108,35.176170856997,10,true,EXACT,,
부산,송정집,1,송정해녀집 기장오시리아점,"음식점 > 한식 > 해물,생선",FD6,부산 기장군 기장읍 공수해안길 57-2,http://place.map.kakao.com/1316561754,129.213345711268,35.1859934125479,5,false,DISJOINT,,
부산,송정집,2,송정해녀집 주차장,"교통,수송 > 교통시설 > 주차장",PK6,부산 기장군 기장읍 시랑리 540-5,http://place.map.kakao.com/304524374,129.213392349048,35.1859727350054,3,false,DISJOINT,,
부산,송정집,3,송정집 칼국수,음식점 > 한식 > 국수 > 칼국수,FD6,부산 연제구 종합운동장로 7,http://place.map.kakao.com/529344247,129.062008051619,35.1912683444754,10,true,CANDIDATE_LONGER,,칼국수
부산,송정집,4,송정집 1호점 주차장,"교통,수송 > 교통시설 > 주차장",PK6,부산 해운대구 송정동 442-1,http://place.map.kakao.com/93171520,129.19636760191,35.1760540705776,8,true,CANDIDATE_LONGER,,1호점주차장
부산,감천문화마을,0,감천문화마을,"여행 > 관광,명소",,부산 사하구 감천동 1-17,http://place.map.kakao.com/21362956,129.01056080474402,35.09740872250286,8,true,EXACT,,
부산,감천문화마을,1,감천문화마을 하늘마루전망대,"여행 > 관광,명소 > 전망대",AT4,부산 사하구 감내2로 177-11,http://place.map.kakao.com/18855211,129.010316863141,35.0986825307628,10,true,CANDIDATE_LONGER,,하늘마루전망대
부산,감천문화마을,2,감천문화마을안내센터,"여행 > 관광,명소 > 관광안내소",,부산 사하구 감내2로 203,http://place.map.kakao.com/27150229,129.010633663477,35.0974732999703,8,true,CANDIDATE_LONGER,,안내센터
부산,감천문화마을,3,감천문화마을공영주차장,"교통,수송 > 교통시설 > 주차장 > 공영주차장",PK6,부산 서구 옥천로 138-20,http://place.map.kakao.com/1910782783,129.011117964408,35.0975481730885,8,true,CANDIDATE_LONGER,,공영주차장
부산,감천문화마을,4,감천문화마을 감내공영주차장,"교통,수송 > 교통시설 > 주차장 > 공영주차장",PK6,부산 사하구 옥천로 57-1,http://place.map.kakao.com/26284131,129.008216194275,35.0920774618731,8,true,CANDIDATE_LONGER,,감내공영주차장
부산,태종대유원지,0,태종대유원지,"여행 > 관광,명소 > 유원지",AT4,부산 영도구 동삼동 산 29-1,http://place.map.kakao.com/8111808,129.08777773925445,35.05252720661388,10,true,EXACT,,
부산,태종대유원지,1,태종대유원지입구,"교통,수송 > 입출구",,부산 영도구 동삼동,http://place.map.kakao.com/19184071,129.081067424485,35.0615425180299,8,true,CANDIDATE_LONGER,,입구
부산,태종대유원지,2,태종대유원지 제3주차장,"교통,수송 > 교통시설 > 주차장",PK6,부산 영도구 동삼동 1017,http://place.map.kakao.com/17576760,129.08091595471544,35.06127476652691,8,true,CANDIDATE_LONGER,,제3주차장
부산,태종대유원지,3,태종대유원지 제7주차장,"교통,수송 > 교통시설 > 주차장",PK6,부산 영도구 동삼동 1009-12,http://place.map.kakao.com/26427866,129.082608076651,35.062478514895,8,true,CANDIDATE_LONGER,,제7주차장
부산,태종대유원지,4,태종대유원지 제7주차장-2,"교통,수송 > 교통시설 > 주차장",PK6,부산 영도구 동삼동 1009,http://place.map.kakao.com/2060269863,129.083446795076,35.0623595700575,8,true,CANDIDATE_LONGER,,제7주차장2
부산,자갈치시장,0,자갈치시장,"가정,생활 > 시장",,부산 중구 자갈치해안로 52,http://place.map.kakao.com/11168886,129.03057978534403,35.09661988021089,8,true,EXACT,,
부산,자갈치시장,1,자갈치시장 노상공영주차장,"교통,수송 > 교통시설 > 주차장 > 공영주차장",PK6,부산 중구 남포동4가 37-7,http://place.map.kakao.com/1112244974,129.03100231134943,35.09685611783048,8,true,CANDIDATE_LONGER,,노상공영주차장
부산,자갈치시장,2,자갈치신동아시장,"가정,생활 > 시장",,부산 중구 자갈치로 42,http://place.map.kakao.com/368334701,129.0291819987023,35.09685056127757,3,false,DISJOINT,,
부산,자갈치시장,3,자갈치시장 부설주차장,"교통,수송 > 교통시설 > 주차장",PK6,부산 중구 자갈치해안로 52,http://place.map.kakao.com/1530876999,129.030581843351,35.0966144386765,8,true,CANDIDATE_LONGER,,부설주차장
부산,자갈치시장,4,자갈치아지매시장,"가정,생활 > 시장",,부산 중구 자갈치해안로 30,http://place.map.kakao.com/2009670555,129.027692493025,35.0960346929152,3,false,DISJOINT,,
부산,해운대 해변,0,해운대해수욕장,"여행 > 관광,명소 > 해수욕장,해변",AT4,부산 해운대구 우동,http://place.map.kakao.com/7913306,129.159854668484,35.1585232170784,5,false,DISJOINT,,
부산,해운대 해변,1,청사포몽돌해변,"여행 > 관광,명소 > 해수욕장,해변",AT4,부산 해운대구 중동 618-4,http://place.map.kakao.com/1840604191,129.187309898561,35.1597137499401,5,false,DISJOINT,,
부산,해운대 해변,2,강릉송정해변막국수 부산분점,음식점 > 한식 > 국수,FD6,부산 해운대구 좌동순환로446번길 15-6,http://place.map.kakao.com/12976118,129.172602068256,35.162202531354,5,false,DISJOINT,,
부산,해운대 해변,3,송정해변돼지국밥,음식점 > 한식 > 국밥,FD6,부산 해운대구 송정중앙로36번길 30,http://place.map.kakao.com/1890470649,129.20277515511816,35.181594060174625,5,false,DISJOINT,,
부산,해운대 해변,4,해변펜션,여행 > 숙박 > 펜션,AD5,부산 해운대구 구남로30번길 8-7,http://place.map.kakao.com/17484415,129.159933758039,35.1613477884245,3,false,DISJOINT,,
부산,해운대 블루라인파크 미포정거장,0,해운대블루라인파크 미포정거장,"여행 > 관광,명소 > 테마파크",AT4,부산 해운대구 달맞이길62번길 13,http://place.map.kakao.com/188403018,129.17281473802996,35.15815259880406,5,true,EXACT,,
부산,더베이101 핑거스앤챗,0,핑거스앤챗,"음식점 > 술집 > 호프,요리주점",FD6,부산 해운대구 동백로 52,http://place.map.kakao.com/27305670,129.152021092751,35.1565648156251,10,true,AI_LONGER,,
부산,광안리 해변,0,광안리해수욕장,"여행 > 관광,명소 > 해수욕장,해변",AT4,부산 수영구 광안해변로 219,http://place.map.kakao.com/8202423,129.118976093583,35.1531932736837,5,false,DISJOINT,,
부산,광안리 해변,1,광안리해변테마거리,"여행 > 관광,명소 > 테마거리",AT4,부산 수영구 민락동,http://place.map.kakao.com/12644071,129.121921991589,35.1550881802856,5,true,CANDIDATE_LONGER,,테마거리
부산,광안리 해변,2,광안리해변 명화의거리,"여행 > 관광,명소 > 테마거리",AT4,부산 수영구 광안동 200-21,http://place.map.kakao.com/1199968782,129.115773850732,35.1502069698121,5,true,CANDIDATE_LONGER,,명화의거리
부산,광안리 해변,3,광안리어방축제,이슈 > 이벤트 > 페스티벌,,부산 수영구 광안동 261-1,http://place.map.kakao.com/7915342,129.1183293187011,35.15287747021018,3,false,DISJOINT,,
부산,광안리 해변,4,광안리카페거리,"여행 > 관광,명소 > 테마거리 > 카페거리",AT4,부산 수영구 광안동 205,http://place.map.kakao.com/8668857,129.116357196067,35.1508708395273,5,false,DISJOINT,,
부산,마담에뽀끄,0,마담에뽀끄,음식점 > 양식 > 이탈리안,FD6,부산 수영구 광안해변로 239,http://place.map.kakao.com/944741167,129.120086988856,35.1547346252752,10,true,EXACT,,
부산,서면 젊음의 거리,0,서면젊음의거리,"여행 > 관광,명소 > 테마거리",AT4,부산 부산진구 부전로 187,http://place.map.kakao.com/335140347,129.060815356315,35.154467256371,5,true,EXACT,,
부산,서면 젊음의 거리,1,GS25 서면젊음의거리점,"가정,생활 > 편의점 > GS25",CS2,부산 부산진구 중앙대로692번길 45,http://place.map.kakao.com/1345549287,129.061808204136,35.1545909392125,3,true,CANDIDATE_LONGER,gs25,점
부산,런드리샵,-1,,,,,,,,,,,,
부산,에쎄떼,-1,,,,,,,,,,,,
부산,부산횟집,0,부산횟집,"음식점 > 한식 > 해물,생선 > 회",FD6,부산 수영구 민락수변로 29,http://place.map.kakao.com/10466141,129.124581280238,35.1533834411628,10,true,EXACT,,
부산,부산횟집,1,부산횟집,"음식점 > 한식 > 해물,생선 > 회",FD6,부산 해운대구 달맞이길62번길 28,http://place.map.kakao.com/11781329,129.17059863921,35.1588285459021,10,true,EXACT,,
부산,부산횟집,2,부산횟집,"음식점 > 한식 > 해물,생선 > 회",FD6,부산 부산진구 부전로174번길 29,http://place.map.kakao.com/493778422,129.060756001806,35.1620308172044,10,true,EXACT,,
부산,부산횟집,3,부산명물횟집,"음식점 > 한식 > 해물,생선 > 회",FD6,부산 중구 자갈치해안로 55,http://place.map.kakao.com/7908577,129.03112054346374,35.09711367503743,5,false,DISJOINT,,
부산,부산횟집,4,부산횟집,"음식점 > 한식 > 해물,생선 > 회",FD6,부산 동구 진시장로 13,http://place.map.kakao.com/16666729,129.058289820459,35.137842275966,10,true,EXACT,,
부산,아난티 코브,0,아난티 코브,"여행 > 숙박 > 콘도,리조트 > 아난티",AD5,부산 기장군 기장읍 기장해안로 268-31,http://place.map.kakao.com/1672210391,129.22901421995851,35.2002410464161,8,true,EXACT,,
부산,아난티 코브,1,아난티 앳 부산 코브,"여행 > 숙박 > 콘도,리조트 > 아난티",AD5,부산 기장군 기장읍 기장해안로 268-32,http://place.map.kakao.com/27224037,129.2282813828017,35.1979296425005,3,false,DISJOINT,,
부산,아난티 코브,2,아난티펜트하우스 해운대,"여행 > 숙박 > 콘도,리조트",AD5,부산 기장군 기장읍 기장해안로 268-31,http://place.map.kakao.com/2128970479,129.228828787092,35.1998029110237,3,false,DISJOINT,,
부산,아난티 코브,3,아난티 앳 부산 코브 다모임,음식점 > 뷔페,FD6,부산 기장군 기장읍 기장해안로 268-32,http://place.map.kakao.com/1861260718,129.22847968777788,35.19819632850012,5,false,DISJOINT,,
부산,아난티 코브,4,아난티 앳 부산 코브 맥퀸즈라운지,음식점 > 카페,CE7,부산 기장군 기장읍 기장해안로 268-32,http://place.map.kakao.com/1830748349,129.228237698297,35.1977772557389,5,false,DISJOINT,,
부산,힐튼 부산 다모임,0,아난티 앳 부산 코브 다모임,음식점 > 뷔페,FD6,부산 기장군 기장읍 기장해안로 268-32,http://place.map.kakao.com/1861260718,129.22847968777788,35.19819632850012,5,false,DISJOINT,,
부산,신세계백화점 센텀시티점,0,신세계백화점 센텀시티점,"가정,생활 > 백화점 > 신세계백화점",,부산 해운대구 센텀남대로 35,http://place.map.kakao.com/7969139,129.12907174004943,35.16864392798528,8,true,EXACT,,
부산,신세계백화점 센텀시티점,1,신세계백화점 센텀시티점 주차장,"교통,수송 > 교통시설 > 주차장",PK6,부산 해운대구 센텀남대로 35,http://place.map.kakao.com/26427646,129.1293460355717,35.16859945419495,8,true,CANDIDATE_LONGER,,주차장
부산,신세계백화점 센텀시티점,2,신세계백화점 센텀시티점 구찌,"가정,생활 > 패션 > 패션잡화점 > 구찌",,부산 해운대구 센텀남대로 35,http://place.map.kakao.com/22320329,129.12963425742,35.1689206005895,8,true,CANDIDATE_LONGER,,구찌
부산,신세계백화점 센텀시티점,3,신세계백화점 센텀시티점 야외주차장,"교통,수송 > 교통시설 > 주차장",PK6,부산 해운대구 우동 1492,http://place.map.kakao.com/404312643,129.1298887935939,35.170768881661616,8,true,CANDIDATE_LONGER,,야외주차장
부산,신세계백화점 센텀시티점,4,신세계백화점 센텀시티점 C GATE,"교통,수송 > 입출구",,부산 해운대구 센텀남대로 35,http://place.map.kakao.com/310179854,129.129521838888,35.1688180446803,8,true,CANDIDATE_LONGER,,cgate
부산,영화의전당,0,영화의전당,"문화,예술 > 영화,영상 > 영화관",CT1,부산 해운대구 수영강변대로 120,http://place.map.kakao.com/23210864,129.127011337686,35.1710249248016,8,true,EXACT,,
부산,영화의전당,1,영화의전당 하늘연극장,"문화,예술 > 문화시설 > 공연장,연극극장",CT1,부산 해운대구 수영강변대로 120,http://place.map.kakao.com/27429811,129.12718462518416,35.171441815224895,8,true,CANDIDATE_LONGER,,하늘연극장
부산,영화의전당,2,영화의전당 야외극장,"문화,예술 > 문화시설 > 공연장,연극극장",CT1,부산 해운대구 수영강변대로 120,http://place.map.kakao.com/18315664,129.12749029563767,35.1712111579401,8,true,CANDIDATE_LONGER,,야외극장
부산,영화의전당,3,영화의전당 비프힐,"문화,예술 > 문화시설",,부산 해운대구 수영강변대로 120,http://place.map.kakao.com/12578740,129.12702494713136,35.17104180752725,8,true,CANDIDATE_LONGER,,비프힐
부산,영화의전당,4,영화의전당 주차장,"교통,수송 > 교통시설 > 주차장",PK6,부산 해운대구 수영강변대로 120,http://place.map.kakao.com/583186507,129.127644295247,35.1713931871335,8,true,CANDIDATE_LONGER,,주차장
부산,파크 하얏트 부산 다이닝룸,0,파크하얏트 부산 다이닝룸,음식점 > 양식,FD6,부산 해운대구 마린시티1로 51,http://place.map.kakao.com/21539138,129.141783568124,35.1564795671685,5,true,EXACT,,
제주,동문시장,0,제주동문시장,"가정,생활 > 시장",,제주특별자치도 제주시 동문로 16,http://place.map.kakao.com/1262338999,126.52830338722843,33.51278396493313,8,true,CANDIDATE_LONGER,제주,
제주,동문시장,1,제주동문수산시장,"가정,생활 > 시장",,제주특별자치도 제주시 오현길 88,http://place.map.kakao.com/18525809,126.525474053115,33.5125351396122,3,false,DISJOINT,,
제주,동문시장,2,제주동문공설시장,"가정,생활 > 시장",,제주특별자치도 제주시 동문로4길 9,http://place.map.kakao.com/18526096,126.528214741113,33.5120623549079,3,false,DISJOINT,,
제주,동문시장,3,제주동문시장 주차장,"교통,수송 > 교통시설 > 주차장",PK6,제주특별자치도 제주시 중앙로13길 6,http://place.map.kakao.com/607261294,126.524975865937,33.511130355431,8,true,CANDIDATE_LONGER,제주,주차장
제주,동문시장,4,제주동문재래시장 공영주차장,"교통,수송 > 교통시설 > 주차장 > 공영주차장",PK6,제주특별자치도 제주시 중앙로13길 16-8,http://place.map.kakao.com/26471673,126.52607532826407,33.51082802560564,3,false,DISJOINT,,
제주,순옥이네명가,0,순옥이네 명가 본점,"음식점 > 한식 > 해물,생선",FD6,제주특별자치도 제주시 도공로 8,http://place.map.kakao.com/1006711661,126.46498161971583,33.505515927922644,5,true,CANDIDATE_LONGER,,본점
제주,함덕해수욕장,0,함덕해수욕장,"여행 > 관광,명소 > 해수욕장,해변",AT4,제주특별자치도 제주시 조천읍 조함해안로 525,http://place.map.kakao.com/8148451,126.669238934013,33.5430615661113,10,true,EXACT,,
제주,함덕해수욕장,1,제주삼춘 함덕해수욕장 흑돼지,"음식점 > 한식 > 육류,고기",FD6,제주특별자치도 제주시 조천읍 신북로 537-1,http://place.map.kakao.com/1573942581,126.667411279512,33.5417890318934,10,true,CANDIDATE_LONGER,제주삼춘,흑돼지
제주,함덕해수욕장,2,함덕해수욕장 아영장 공중화장실2,"가정,생활 > 화장실",,제주특별자치도 제주시 조천읍 조함해안로 585,http://place.map.kakao.com/27487562,126.674057874869,33.5442969036234,8,true,CANDIDATE_LONGER,,아영장공중화장실2
제주,함덕해수욕장,3,함덕해수욕장 잔디광장,"여행 > 관광,명소 > 광장",,제주특별자치도 제주시 조천읍 조함해안로 525,http://place.map.kakao.com/608720457,126.671779341545,33.5432161869931,8,true,CANDIDATE_LONGER,,잔디광장
제주,함덕해수욕장,4,함덕해수욕장 해수욕장종합상황실,"서비스,산업 > 관리,운영 > 관광지관리운영",,제주특별자치도 제주시 조천읍 조함해안로 534,http://place.map.kakao.com/27194863,126.670024909213,33.5424974631031,8,true,CANDIDATE_LONGER,,해수욕장종합상황실
제주,델문도,0,델문도,음식점 > 카페,CE7,제주특별자치도 제주시 조천읍 조함해안로 519-10,http://place.map.kakao.com/26867476,126.668723957376,33.5437093358268,10,true,EXACT,,
제주,델문도,1,델문도 김녕점,음식점 > 카페,CE7,제주특별자치도 제주시 구좌읍 해맞이해안로 140,http://place.map.kakao.com/178682435,126.7684030123,33.5634112151108,10,true,CANDIDATE_LONGER,,김녕점
제주,델문도,2,델문도 로스터스,음식점 > 카페 > 테마카페 > 디저트카페,CE7,제주특별자치도 제주시 연삼로 316,http://place.map.kakao.com/1115019463,126.526331763387,33.4918090197136,10,true,CANDIDATE_LONGER,,로스터스
제주,델문도,3,델문도 주차장,"교통,수송 > 교통시설 > 주차장",PK6,제주특별자치도 제주시 조천읍 함덕리 1008,http://place.map.kakao.com/1666710095,126.6682913717431,33.5439263629773,8,true,CANDIDATE_LONGER,,주차장
제주,델문도,4,델문도뮤지엄,"문화,예술 > 문화시설",,제주특별자치도 제주시 연삼로 316,http://place.map.kakao.com/916000917,126.526331763387,33.4918090197136,8,true,CANDIDATE_LONGER,,뮤지엄
제주,명리동식당 함덕점,-1,,,,,,,,,,,,
제주,이중섭거리,0,이중섭거리,"여행 > 관광,명소 > 테마거리",AT4,제주특별자치도 서귀포시 이중섭로 4-1,http://place.map.kakao.com/8523750,126.56400391121568,33.24761378125579,10,true,EXACT,,
제주,이중섭거리,1,이중섭거리명동로상가,"여행 > 관광,명소 > 테마거리",AT4,제주특별자치도 서귀포시 서귀동 417-1,http://place.map.kakao.com/1999187580,126.564200401981,33.247372832826,10,true,CANDIDATE_LONGER,,명동로상가
제주,이중섭거리,2,포토시그니처 이중섭거리점,"문화,예술 > 사진 > 사진관,포토스튜디오 > 즉석사진 > 포토시그니처",,제주특별자치도 서귀포시 이중섭로 1,http://place.map.kakao.com/1342914770,126.564292139635,33.2479150343347,8,true,CANDIDATE_LONGER,포토시그니처,점
제주,이중섭거리,3,GS25 이중섭거리점,"가정,생활 > 편의점 > GS25",CS2,제주특별자치도 서귀포시 이중섭로 16,http://place.map.kakao.com/27088372,126.56397820009344,33.24674091260702,8,true,CANDIDATE_LONGER,gs25,점
제주,이중섭거리,4,더조아짐 이중섭거리점,"스포츠,레저 > 스포츠시설 > 헬스클럽",,제주특별자치도 서귀포시 명동로 14,http://place.map.kakao.com/1214688746,126.56347704613043,33.24674997423849,8,true,CANDIDATE_LONGER,더조아짐,점
제주,서귀포올레시장,0,서귀포매일올레시장,"가정,생활 > 시장",,제주특별자치도 서귀포시 중앙로62번길 18,http://place.map.kakao.com/7938166,126.56323157639459,33.25015006260236,3,false,DISJOINT,,
제주,서귀포올레시장,1,서귀포시 매일올레시장 공영주차장,"교통,수송 > 교통시설 > 주차장 > 공영주차장",PK6,제주특별자치도 서귀포시 중앙로62번길 18,http://place.map.kakao.com/1615271902,126.563243560611,33.2503295290268,3,false,DISJOINT,,
제주,서귀포올레시장,2,올레왕갈치 서귀포올레시장점,"음식점 > 한식 > 해물,생선",FD6,제주특별자치도 서귀포시 중앙로42번길 9,http://place.map.kakao.com/1056381412,126.56279761463912,33.248513882010336,10,true,CANDIDATE_LONGER,올레왕갈치,점
제주,서귀포올레시장,3,서귀포매일올레시장 입구,"교통,수송 > 입출구",,제주특별자치도 서귀포시 서귀동 371-3,http://place.map.kakao.com/636336171,126.564121333644,33.2481695972859,3,false,DISJOINT,,
제주,서귀포올레시장,4,깡촌흑돼지 서귀포올레시장점,"음식점 > 한식 > 육류,고기",FD6,제주특별자치도 서귀포시 태평로 430,http://place.map.kakao.com/111366005,126.566170805716,33.2453591667242,10,true,CANDIDATE_LONGER,깡촌흑돼지,점
제주,천지연폭포,0,천지연폭포,"여행 > 관광,명소 > 폭포",,제주특별자치도 서귀포시 서홍동 2565,http://place.map.kakao.com/8100102,126.55452234287986,33.24721231608811,8,true,EXACT,,
제주,천지연폭포,1,천지연폭포 주차장,"교통,수송 > 교통시설 > 주차장 > 공영주차장",PK6,제주특별자치도 서귀포시 남성중로 2-9,http://place.map.kakao.com/20587601,126.560300213898,33.2440915956914,8,true,CANDIDATE_LONGER,,주차장
제주,천지연폭포,2,천지연폭포 매표소,"서비스,산업 > 관리,운영 > 매표소",,제주특별자치도 서귀포시 남성중로 2-15,http://place.map.kakao.com/20113110,126.559670551727,33.2446952640754,8,true,CANDIDATE_LONGER,,매표소
제주,천지연폭포,3,천지연폭포 야외공연장,"문화,예술 > 문화시설 > 공연장,연극극장",CT1,제주특별자치도 서귀포시 남성중로 2-35,http://place.map.kakao.com/1779591019,126.558203200013,33.2450164508989,8,true,CANDIDATE_LONGER,,야외공연장
제주,천지연폭포,4,천지연폭포 전망대,"여행 > 관광,명소 > 전망대",AT4,제주특별자치도 서귀포시 서홍동 658,http://place.map.kakao.com/1779409505,126.55690553184283,33.24509388306335,10,true,CANDIDATE_LONGER,,전망대
제주,새연교,0,새연교,"교통,수송 > 도로시설 > 교량,다리",,제주특별자치도 서귀포시 서홍동 707-4,http://place.map.kakao.com/26875121,126.55888601468132,33.23853253939838,8,true,EXACT,,
제주,새연교,1,새연교 주차장,"교통,수송 > 교통시설 > 주차장",PK6,제주특별자치도 서귀포시 서홍동,http://place.map.kakao.com/14819614,126.559104060115,33.2404087061241,8,true,CANDIDATE_LONGER,,주차장
제주,새연교,2,새연교횟집,"음식점 > 한식 > 해물,생선 > 회",FD6,제주특별자치도 서귀포시 솔동산로22번길 11,http://place.map.kakao.com/11576977,126.56259103752,33.2434541052246,10,true,CANDIDATE_LONGER,,횟집
제주,새연교,3,새연교 음악분수,"여행 > 관광,명소",,제주특별자치도 서귀포시 서홍동 707-7,http://place.map.kakao.com/1779076533,126.5586714069177,33.23896365971893,8,true,CANDIDATE_LONGER,,음악분수
제주,새연교,4,새연교안내소,"여행 > 관광,명소 > 관광안내소",,제주특별자치도 서귀포시 남성중로 40,http://place.map.kakao.com/26204215,126.5584561015076,33.239106255049954,8,true,CANDIDATE_LONGER,,안내소
제주,네거리식당,0,네거리식당,"음식점 > 한식 > 해물,생선",FD6,제주특별자치도 서귀포시 서문로29번길 20,http://place.map.kakao.com/9733194,126.559290966856,33.2484915875436,10,true,EXACT,,
제주,네거리식당,1,네거리올레 올레시장점,"음식점 > 일식 > 돈까스,우동",FD6,제주특별자치도 서귀포시 중정로73번길 13,http://place.map.kakao.com/937473404,126.563826436171,33.2492108481591,5,false,DISJOINT,,
제주,네거리식당,2,가시리명문식당,음식점 > 한식,FD6,제주특별자치도 서귀포시 표선면 중산간동로 5218,http://place.map.kakao.com/15961920,126.77081096282,33.3529074397931,5,false,DISJOINT,,
제주,네거리식당,3,신이네사거리식당,"음식점 > 한식 > 육류,고기 > 오리",FD6,제주특별자치도 제주시 조천읍 남조로 3127,http://place.map.kakao.com/751569396,126.639618649489,33.5377388533139,5,false,DISJOINT,,
제주,네거리식당,4,BBQ 제주제원사거리점,음식점 > 치킨 > BBQ,FD6,제주특별자치도 제주시 신광로6길 1,http://place.map.kakao.com/1017069877,126.4894160799708,33.487724261494606,5,false,DISJOINT,,
제주,한담해안산책로,0,한담마을 장한철산책로,"여행 > 관광,명소",,제주특별자치도 제주시 애월읍 애월리 2489-3,http://place.map.kakao.com/23705150,126.31056884366741,33.461980076864386,3,false,DISJOINT,,
제주,제주김만복 애월점,-1,,,,,,,,,,,,
제주,하이엔드제주,0,해지개더궁,음식점 > 카페,CE7,제주특별자치도 제주시 애월읍 애월북서길 56,http://place.map.kakao.com/129915764,126.309174965145,33.4635843494738,5,false,DISJOINT,,
제주,하이엔드제주,1,하이엔드주방가구,"서비스,산업 > 건설,건축 > 인테리어",,제주특별자치도 제주시 신대로 145,http://place.map.kakao.com/1457561241,126.496712850906,33.4843001081752,3,false,DISJOINT,,
제주,이호테우해변,0,이호테우해수욕장,"여행 > 관광,명소 > 해수욕장,해변",AT4,제주특별자치도 제주시 이호일동 1665-13,http://place.map.kakao.com/8552559,126.452690819027,33.4973768007144,5,false,DISJOINT,,
제주,이호테우해변,1,이호테우해변입구교차로,"교통,수송 > 도로시설 > 교차로",,제주특별자치도 제주시 이호이동,http://place.map.kakao.com/15140257,126.454662314875,33.4953082325284,8,true,CANDIDATE_LONGER,,입구교차로
제주,이호테우해변,2,CU 이호테우해변점,"가정,생활 > 편의점 > CU",CS2,제주특별자치도 제주시 테우해안로 172,http://place.map.kakao.com/20435211,126.451944773665,33.4969118897898,8,true,CANDIDATE_LONGER,cu,점
제주,이호테우해변,3,포토랩플러스 이호테우해변점,"문화,예술 > 사진 > 사진관,포토스튜디오 > 즉석사진 > 포토랩플러스",,제주특별자치도 제주시 테우해안로 174,http://place.map.kakao.com/1561276332,126.452177575512,33.4968543160047,8,true,CANDIDATE_LONGER,포토랩플러스,점
제주,이호테우해변,4,그림리조트,"여행 > 숙박 > 콘도,리조트",AD5,제주특별자치도 제주시 서해안로 620-1,http://place.map.kakao.com/10809104,126.50358946394091,33.5163180963028,3,false,DISJOINT,,
제주,자매국수 본점,0,자매국수,음식점 > 한식 > 국수,FD6,제주특별자치도 제주시 항골남길 46,http://place.map.kakao.com/21455793,126.45914433997106,33.498577203781664,10,true,AI_LONGER,,
제주,성산일출봉,0,성산일출봉,"여행 > 관광,명소 > 산봉우리",,제주특별자치도 서귀포시 성산읍 성산리 78,http://place.map.kakao.com/25285071,126.940537521366,33.4591349705437,8,true,EXACT,,
제주,성산일출봉,1,성산일출봉 주차장,"교통,수송 > 교통시설 > 주차장",PK6,제주특별자치도 서귀포시 성산읍 일출로 284-6,http://place.map.kakao.com/1697556079,126.93494242691943,33.46136274393101,8,true,CANDIDATE_LONGER,,주차장
제주,성산일출봉,2,성산바다풍경 제주성산일출봉점,음식점 > 한식,FD6,제주특별자치도 서귀포시 성산읍 일출로288번길 17,http://place.map.kakao.com/10412287,126.93584889919035,33.464734334420726,10,true,CANDIDATE_LONGER,성산바다풍경제주,점
제주,성산일출봉,3,성산일출봉농협 하나로마트,"가정,생활 > 슈퍼마켓 > 대형슈퍼 > 하나로마트",MT1,제주특별자치도 서귀포시 성산읍 일주동로 4282,http://place.map.kakao.com/12256433,126.91173363576924,33.44626895330285,8,true,CANDIDATE_LONGER,,농협하나로마트
제주,성산일출봉,4,성산일출봉농협 성산포지점,"금융,보험 > 금융서비스 > 은행 > 농축협",,제주특별자치도 서귀포시 성산읍 성산중앙로 49,http://place.map.kakao.com/8247427,126.93383235778762,33.464141818859545,8,true,CANDIDATE_LONGER,,농협성산포지점
제주,해월정,0,해월정 본점,음식점 > 한식 > 국수,FD6,제주특별자치도 제주시 구좌읍 해맞이해안로 2340,http://place.map.kakao.com/8615207,126.90963170684925,33.492262994490375,10,true,CANDIDATE_LONGER,,본점
제주,해월정,1,해월정 제주공항점,"음식점 > 한식 > 해물,생선",FD6,제주특별자치도 제주시 서해안로 612,http://place.map.kakao.com/154444027,126.50239354175011,33.517086860969044,10,true,CANDIDATE_LONGER,,제주공항점
제주,섭지코지,0,섭지코지,"여행 > 관광,명소 > 바위",,제주특별자치도 서귀포시 성산읍 섭지코지로 107,http://place.map.kakao.com/8413659,126.930609241011,33.4239380655993,8,true,EXACT,,
제주,섭지코지,1,섭지코지해녀밥상,음식점 > 한식,FD6,제주특별자치도 서귀포시 성산읍 신양로122번길 60-6,http://place.map.kakao.com/24856855,126.9174803099,33.4357555992585,10,true,CANDIDATE_LONGER,,해녀밥상
제주,섭지코지,2,섭지코지로 성산본점,"음식점 > 한식 > 해물,생선 > 회",FD6,제주특별자치도 서귀포시 성산읍 한도로242번길 14,http://place.map.kakao.com/1634962661,126.9325349349007,33.46566303599413,10,true,CANDIDATE_LONGER,,로성산본점
제주,섭지코지,3,섭지코지전망대,"여행 > 관광,명소 > 전망대",AT4,제주특별자치도 서귀포시 성산읍 고성리,http://place.map.kakao.com/26295374,126.933379318625,33.4291797698663,10,true,CANDIDATE_LONGER,,전망대
제주,섭지코지,4,휘닉스제주섭지코지 주차장2,"교통,수송 > 교통시설 > 주차장",PK6,제주특별자치도 서귀포시 성산읍 고성리 62-4,http://place.map.kakao.com/17576751,126.930145058684,33.4235447008177,8,true,CANDIDATE_LONGER,휘닉스제주,주차장2
제주,아쿠아플라넷 제주,0,아쿠아플라넷 제주,"문화,예술 > 문화시설 > 아쿠아리움",CT1,제주특별자치도 서귀포시 성산읍 섭지코지로 95,http://place.map.kakao.com/23150855,126.92784588473428,33.433068041140075,8,true,EXACT,,
제주,아쿠아플라넷 제주,1,아쿠아플라넷제주 주차장,"교통,수송 > 교통시설 > 주차장",PK6,제주특별자치도 서귀포시 성산읍 고성리 127-3,http://place.map.kakao.com/1936443855,126.92697466354038,33.43201985583601,3,true,CANDIDATE_LONGER,,주차장
제주,아쿠아플라넷 제주,2,아쿠아플라넷제주 오션아레나,"문화,예술 > 문화시설 > 전시관",CT1,제주특별자치도 서귀포시 성산읍 섭지코지로 95,http://place.map.kakao.com/23121319,126.92854397231575,33.43283222244499,3,true,CANDIDATE_LONGER,,오션아레나
제주,아쿠아플라넷 제주,3,아쿠아플라넷제주 마린사이언스,"문화,예술 > 문화시설 > 전시관",CT1,제주특별자치도 서귀포시 성산읍 섭지코지로 93-15,http://place.map.kakao.com/23121320,126.926988623388,33.4333272042563,3,true,CANDIDATE_LONGER,,마린사이언스
제주,아쿠아플라넷 제주,4,아쿠아플라넷제주 오션데크,"여행 > 관광,명소 > 테마파크 > 테마파크시설",,제주특별자치도 서귀포시 성산읍 고성리 127-1,http://place.map.kakao.com/23121314,126.92808110995341,33.433399971659554,3,true,CANDIDATE_LONGER,,오션데크
제주,명진전복,0,명진전복,"음식점 > 한식 > 해물,생선 > 굴,전복",FD6,제주특별자치도 제주시 구좌읍 해맞이해안로 1282,http://place.map.kakao.com/20031551,126.850184971014,33.5324709034017,10,true,EXACT,,
제주,명진전복,1,명진전복 주차장,"교통,수송 > 교통시설 > 주차장",PK6,제주특별자치도 제주시 구좌읍 해맞이해안로 1282,http://place.map.kakao.com/1617049660,126.850274344437,33.5324601923003,8,true,CANDIDATE_LONGER,,주차장
제주,새별오름,0,새별오름,"여행 > 관광,명소 > 오름",AT4,제주특별자치도 제주시 애월읍 봉성리 산 59-8,http://place.map.kakao.com/25274725,126.3577306657398,33.366277591139294,10,true,EXACT,,
제주,새별오름,1,새별오름관광타운,"여행 > 관광,명소 > 관광단지",AT4,제주특별자치도 제주시 애월읍 평화로 1529,http://place.map.kakao.com/8363683,126.361209304508,33.3634131180785,10,true,CANDIDATE_LONGER,,관광타운
제주,새별오름,2,새별오름 주차장,"교통,수송 > 교통시설 > 주차장",PK6,제주특별자치도 제주시 애월읍 봉성리 4554-12,http://place.map.kakao.com/1749886626,126.36108495350373,33.365138144138825,8,true,CANDIDATE_LONGER,,주차장
제주,새별오름,3,새별오름,"서비스,산업 > 식품 > 식품가공,제조",,제주특별자치도 제주시 한림읍 광산로 729,http://place.map.kakao.com/14711893,126.33495806509373,33.35609492723956,8,true,EXACT,,
제주,새별오름,4,제주들불축제,이슈 > 이벤트 > 페스티벌,,제주특별자치도 제주시 애월읍 봉성리 산 59-8,http://place.map.kakao.com/11170773,126.35791707667944,33.36635248662078,3,false,DISJOINT,,
제주,닻,0,닻,음식점 > 술집,FD6,제주특별자치도 제주시 애월읍 가문동길 41-2,http://place.map.kakao.com/457303879,126.39201266863,33.4860621223485,10,true,EXACT,,
제주,닻,1,닻밭,여행 > 숙박,AD5,제주특별자치도 제주시 애월읍 애월해안로 249,http://place.map.kakao.com/1420607042,126.338487638783,33.467374918066,8,true,CANDIDATE_LONGER,,밭
제주,닻,2,우도닻,여행 > 숙박 > 민박,AD5,제주특별자치도 제주시 우도면 우목길 72,http://place.map.kakao.com/340455779,126.947552771001,33.5094604048048,8,true,CANDIDATE_LONGER,우도,
제주,닻,3,애월닻밭 전기차충전소,"교통,수송 > 자동차 > 전기차 충전소",,제주특별자치도 제주시 애월읍 애월해안로 249,http://place.map.kakao.com/1961976311,126.33844552249383,33.46739633128512,8,true,CANDIDATE_LONGER,애월,밭전기차충전소
제주,협재해변,0,협재해수욕장,"여행 > 관광,명소 > 해수욕장,해변",AT4,제주특별자치도 제주시 한림읍 협재리,http://place.map.kakao.com/8159415,126.23965234966808,33.394314495016246,5,false,DISJOINT,,
제주,협재해변,1,협재해수욕장 캠핑장,"여행 > 숙박 > 야영,캠핑장",AD5,제주특별자치도 제주시 한림읍 협재리,http://place.map.kakao.com/24372468,126.239833742302,33.3942200379581,3,false,DISJOINT,,
제주,협재해변,2,협재해수욕장 2주차장,"교통,수송 > 교통시설 > 주차장",PK6,제주특별자치도 제주시 한림읍 협재리 2447-13,http://place.map.kakao.com/20588902,126.23954692352272,33.392844259983704,3,false,DISJOINT,,
제주,협재해변,3,협재해변펜션,여행 > 숙박 > 펜션,AD5,제주특별자치도 제주시 한림읍 협재로 114,http://place.map.kakao.com/588019619,126.24871629039326,33.387948580600714,8,true,CANDIDATE_LONGER,,펜션
제주,협재해변,4,협재 모닝하우스,여행 > 숙박 > 펜션,AD5,제주특별자치도 제주시 한림읍 협재4길 8,http://place.map.kakao.com/1538644790,126.241225252983,33.3938931633044,3,false,DISJOINT,,
제주,서귀포매일올레시장,0,서귀포매일올레시장,"가정,생활 > 시장",,제주특별자치도 서귀포시 중앙로62번길 18,http://place.map.kakao.com/7938166,126.56323157639459,33.25015006260236,8,true,EXACT,,
제주,서귀포매일올레시장,1,서귀포시 매일올레시장 공영주차장,"교통,수송 > 교통시설 > 주차장 > 공영주차장",PK6,제주특별자치도 서귀포시 중앙로62번길 18,http://place.map.kakao.com/1615271902,126.563243560611,33.2503295290268,3,false,DISJOINT,,
제주,서귀포매일올레시장,2,서귀포매일올레시장 입구,"교통,수송 > 입출구",,제주특별자치도 서귀포시 서귀동 371-3,http://place.map.kakao.com/636336171,126.564121333644,33.2481695972859,8,true,CANDIDATE_LONGER,,입구
제주,서귀포매일올레시장,3,서귀포매일올레시장지역선도시장육성사업단,"사회,공공기관 > 단체,협회",,제주특별자치도 서귀포시 중앙로54번길 35,http://place.map.kakao.com/295133210,126.56325001909698,33.24989406437994,8,true,CANDIDATE_LONGER,,지역선도시장육성사업단
제주,서귀포매일올레시장,4,레인보우제주 매일올레시장2호점,여행 > 기념품판매,,제주특별자치도 서귀포시 중앙로48번길 19,http://place.map.kakao.com/1792232309,126.563568142346,33.2493632192641,3,false,DISJOINT,,
제주,우정회센타,0,우정회센타 중문점,"음식점 > 한식 > 해물,생선 > 회",FD6,제주특별자치도 서귀포시 천제연로 179,http://place.map.kakao.com/373819004,126.423832902049,33.2519058568785,10,true,CANDIDATE_LONGER,,중문점
제주,우정회센타,1,우정회센타 2호점,"음식점 > 한식 > 해물,생선 > 회",FD6,제주특별자치도 서귀포시 중앙로54번길 38,http://place.map.kakao.com/1451667385,126.56360658809389,33.24983220194257,10,true,CANDIDATE_LONGER,,2호점
제주,우정회센타,2,우정회센타 1호점,"음식점 > 한식 > 해물,생선 > 회",FD6,제주특별자치도 서귀포시 중정로61번길 20,http://place.map.kakao.com/955898677,126.562848304461,33.2495401154817,10,true,CANDIDATE_LONGER,,1호점
제주,카멜리아힐,0,카멜리아힐,"여행 > 관광,명소 > 수목원,식물원",AT4,제주특별자치도 서귀포시 안덕면 병악로 166,http://place.map.kakao.com/9461977,126.36819010853146,33.290336568694215,10,true,EXACT,,
제주,카멜리아힐,1,카멜리아힐 주차장,"교통,수송 > 교통시설 > 주차장",PK6,제주특별자치도 서귀포시 안덕면 병악로 166,http://place.map.kakao.com/17582427,126.36803919847361,33.29042145469449,8,true,CANDIDATE_LONGER,,주차장
제주,카멜리아힐,2,카멜리아힐 매표소,"서비스,산업 > 관리,운영 > 매표소",,제주특별자치도 서귀포시 안덕면 병악로 166,http://place.map.kakao.com/17951974,126.36835318262638,33.29005338946779,8,true,CANDIDATE_LONGER,,매표소
제주,카멜리아힐,3,카멜리아힐 용소폭포,"여행 > 관광,명소 > 계곡",AT4,제주특별자치도 서귀포시 안덕면 상창리 267-2,http://place.map.kakao.com/17580579,126.368639824238,33.2896058425666,10,true,CANDIDATE_LONGER,,용소폭포
제주,카멜리아힐,4,카멜리아힐 카페카멜리아,음식점 > 카페 > 테마카페 > 디저트카페,CE7,제주특별자치도 서귀포시 안덕면 병악로 166,http://place.map.kakao.com/1131435695,126.368365441194,33.2901400066146,10,true,CANDIDATE_LONGER,,카페카멜리아
제주,쇠소깍,0,쇠소깍,"여행 > 관광,명소 > 하천",,제주특별자치도 서귀포시 하효동 1459,http://place.map.kakao.com/7962003,126.62344277016605,33.252516273870825,8,true,EXACT,,
제주,쇠소깍,1,제주 쇠소깍휴양펜션 엘마르,여행 > 숙박 > 펜션,AD5,제주특별자치도 서귀포시 쇠소깍로 140,http://place.map.kakao.com/26041152,126.62230678605745,33.25166529438938,8,true,CANDIDATE_LONGER,제주,휴양펜션엘마르
제주,쇠소깍,2,쇠소깍관광지,"여행 > 관광,명소 > 관광단지",AT4,제주특별자치도 서귀포시 하효동,http://place.map.kakao.com/7967197,126.622642486183,33.2529556481325,10,true,CANDIDATE_LONGER,,관광지
제주,쇠소깍,3,하효쇠소깍해변,"여행 > 관광,명소 > 해수욕장,해변",AT4,제주특별자치도 서귀포시 하효동 997-3,http://place.map.kakao.com/22924455,126.622988556204,33.2513337590218,10,true,CANDIDATE_LONGER,하효,해변
제주,쇠소깍,4,쇠소깍전통나룻배 카약체험지점,"스포츠,레저 > 수영,수상 > 수상스포츠",,제주특별자치도 서귀포시 쇠소깍로 128,http://place.map.kakao.com/1733967080,126.62296601923038,33.252083849095975,8,true,CANDIDATE_LONGER,,전통나룻배카약체험지점
제주,흑돈가 제주본점,0,흑돈가 제주본점,"음식점 > 한식 > 육류,고기",FD6,제주특별자치도 제주시 한라대학로 11,http://place.map.kakao.com/1754846295,126.473552028784,33.4800051743645,10,true,EXACT,,
제주,흑돈가 제주본점,1,흑돈가 제주본점 주차장,"교통,수송 > 교통시설 > 주차장",PK6,제주특별자치도 제주시 노형동 3811,http://place.map.kakao.com/1638317763,126.473428898033,33.479906377731,8,true,CANDIDATE_LONGER,,주차장
제주,제주동문시장,0,제주동문시장,"가정,생활 > 시장",,제주특별자치도 제주시 동문로 16,http://place.map.kakao.com/1262338999,126.52830338722843,33.51278396493313,8,true,EXACT,,
제주,제주동문시장,1,제주동문시장 주차장,"교통,수송 > 교통시설 > 주차장",PK6,제주특별자치도 제주시 중앙로13길 6,http://place.map.kakao.com/607261294,126.524975865937,33.511130355431,8,true,CANDIDATE_LONGER,,주차장
제주,제주동문시장,2,제주동문수산시장,"가정,생활 > 시장",,제주특별자치도 제주시 오현길 88,http://place.map.kakao.com/18525809,126.525474053115,33.5125351396122,3,false,DISJOINT,,
제주,제주동문시장,3,제주동문재래시장 공영주차장,"교통,수송 > 교통시설 > 주차장 > 공영주차장",PK6,제주특별자치도 제주시 중앙로13길 16-8,http://place.map.kakao.com/26471673,126.52607532826407,33.51082802560564,3,false,DISJOINT,,
제주,제주동문시장,4,제주동문공설시장,"가정,생활 > 시장",,제주특별자치도 제주시 동문로4길 9,http://place.map.kakao.com/18526096,126.528214741113,33.5120623549079,3,false,DISJOINT,,
제주,제주승마공원,0,더마파크,"스포츠,레저 > 승마 > 승마장",,제주특별자치도 제주시 한림읍 월림7길 155,http://place.map.kakao.com/11470870,126.24150450951313,33.35553937710075,3,false,DISJOINT,,
제주,제주승마공원,1,제주승마공원,"스포츠,레저 > 승마 > 승마장",,제주특별자치도 제주시 애월읍 녹고메길 152-1,http://place.map.kakao.com/8950356,126.406873605516,33.40584185777,8,true,EXACT,,
제주,제주승마공원,2,중문승마공원,"스포츠,레저 > 승마 > 승마장",,제주특별자치도 서귀포시 이어도로 244,http://place.map.kakao.com/600432495,126.445551689814,33.2423166313895,3,false,DISJOINT,,
제주,제주승마공원,3,조랑말체험공원,"스포츠,레저 > 승마 > 승마장",,제주특별자치도 서귀포시 표선면 녹산로 381-15,http://place.map.kakao.com/18574207,126.736284902913,33.3830972779821,3,false,DISJOINT,,
제주,카페 글렌코,0,카페글렌코,음식점 > 카페,CE7,제주특별자치도 제주시 구좌읍 비자림로 1202,http://place.map.kakao.com/213125558,126.73324152121354,33.43367131314919,5,true,EXACT,,
제주,늘봄흑돼지,0,늘봄흑돼지,"음식점 > 한식 > 육류,고기 > 삼겹살",FD6,제주특별자치도 제주시 한라대학로 12,http://place.map.kakao.com/8856076,126.472866637648,33.4794793376608,10,true,EXACT,,
제주,늘봄흑돼지,1,늘봄흑돼지 주차장,"교통,수송 > 교통시설 > 주차장",PK6,제주특별자치도 제주시 노형동 2343-3,http://place.map.kakao.com/1655658067,126.47288812808,33.4798391643963,8,true,CANDIDATE_LONGER,,주차장
제주,늘봄흑돼지,2,제주늘봄 한우관,"음식점 > 한식 > 육류,고기",FD6,제주특별자치도 제주시 고사마루길 10,http://place.map.kakao.com/26585442,126.471787869381,33.4792439372268,5,false,DISJOINT,,
제주,춘심이네 본점,0,춘심이네 본점,"음식점 > 한식 > 해물,생선",FD6,제주특별자치도 서귀포시 안덕면 창천중앙로24번길 16,http://place.map.kakao.com/19316749,126.37053351760031,33.2644856335509,10,true,EXACT,,
제주,춘심이네 본점,1,춘심이네오메기떡 제주공항본점,"음식점 > 간식 > 떡,한과",FD6,제주특별자치도 제주시 일주서로 7719,http://place.map.kakao.com/199868450,126.47079598414996,33.49426742778971,5,false,DISJOINT,,
제주,덤장 본점,-1,,,,,,,,,,,,
제주,오설록 티 뮤지엄,0,오설록 티뮤지엄,음식점 > 카페,CE7,제주특별자치도 서귀포시 안덕면 신화역사로 15,http://place.map.kakao.com/11332661,126.28949031798007,33.30591960370196,5,true,EXACT,,
제주,오설록 티 뮤지엄,1,오설록티뮤지엄 주차장2,"교통,수송 > 교통시설 > 주차장",PK6,제주특별자치도 서귀포시 안덕면 서광리 1224-55,http://place.map.kakao.com/1787225538,126.2894245921259,33.30475615742165,3,true,CANDIDATE_LONGER,,주차장2
제주,오설록 티 뮤지엄,2,오설록티뮤지엄 티스톤,"교육,학문 > 교육단체 > 체험학습장",,제주특별자치도 서귀포시 안덕면 서광리 1235-1,http://place.map.kakao.com/27376609,126.28980281233274,33.30618015069173,3,true,CANDIDATE_LONGER,,티스톤
제주,오설록 티 뮤지엄,3,오설록티뮤지엄 출입구3,"교통,수송 > 입출구",,제주특별자치도 서귀포시 안덕면 서광리 1241-7,http://place.map.kakao.com/18095469,126.290874488997,33.3057724346292,3,true,CANDIDATE_LONGER,,출입구3
제주,오설록 티 뮤지엄,4,오설록티뮤지엄 출입구2,"교통,수송 > 입출구",,제주특별자치도 서귀포시 안덕면 서광리 1224-31,http://place.map.kakao.com/18094511,126.289376353311,33.3051435717311,3,true,CANDIDATE_LONGER,,출입구2
제주,이니스프리 제주하우스,0,이니스프리 제주하우스,"가정,생활 > 미용 > 화장품 > 이니스프리",,제주특별자치도 서귀포시 안덕면 신화역사로 23,http://place.map.kakao.com/19306466,126.29046940973845,33.30633723176773,8,true,EXACT,,
제주,이니스프리 제주하우스,1,이니스프리티 하우스 출입구,"교통,수송 > 입출구",,제주특별자치도 서귀포시 안덕면 서광리 1224-33,http://place.map.kakao.com/18143617,126.290891697237,33.3057689264128,3,false,DISJOINT,,
서울,올림픽공원,0,올림픽공원,여행 > 공원,,서울 송파구 올림픽로 424,http://place.map.kakao.com/8023565,127.120812783275,37.5205340628851,8,true,EXACT,,
서울,올림픽공원,1,올림픽공원 티켓링크라이브아레나,"스포츠,레저 > 스포츠시설",,서울 송파구 올림픽로 424,http://place.map.kakao.com/17591998,127.126314207965,37.5174000262378,8,true,CANDIDATE_LONGER,,티켓링크라이브아레나
서울,올림픽공원,2,서울올림픽파크텔,여행 > 숙박 > 호텔,AD5,서울 송파구 올림픽로 448,http://place.map.kakao.com/17806940,127.116548674829,37.522333144294,3,false,DISJOINT,,
서울,올림픽공원,3,스마일에너지 올림픽공원주유소,"교통,수송 > 자동차 > 주유,가스 > 주유소 > S-OIL",OL7,서울 송파구 올림픽로 499,http://place.map.kakao.com/713912371,127.11810013064678,37.52697897070466,8,true,CANDIDATE_LONGER,스마일에너지,주유소
서울,올림픽공원,4,올림픽공원 우리금융아트홀,"문화,예술 > 문화시설 > 공연장,연극극장",CT1,서울 송파구 올림픽로 424,http://place.map.kakao.com/11334700,127.125014546617,37.516745478832,8,true,CANDIDATE_LONGER,,우리금융아트홀
서울,더 키친 485,-1,,,,,,,,,,,,
서울,서울숲,0,서울숲,여행 > 공원 > 도시근린공원,,서울 성동구 성수동1가 678-1,http://place.map.kakao.com/11331488,127.037617759165,37.5443222301513,8,true,EXACT,,
서울,서울숲,1,북서울꿈의숲,여행 > 공원 > 도시근린공원,,서울 강북구 월계로 173,http://place.map.kakao.com/11321061,127.04157251496886,37.62360650548208,3,false,DISJOINT,,
서울,서울숲,2,서울숲카페거리,"여행 > 관광,명소 > 테마거리 > 카페거리",AT4,서울 성동구 성수동1가 668-11,http://place.map.kakao.com/1780698606,127.043028992489,37.5464440372535,10,true,CANDIDATE_LONGER,,카페거리
서울,서울숲,3,서울숲씨어터,"문화,예술 > 문화시설 > 공연장,연극극장",CT1,서울 성동구 서울숲2길 32-14,http://place.map.kakao.com/1772440780,127.042914261633,37.5456773288432,8,true,CANDIDATE_LONGER,,씨어터
서울,서울숲,4,서울숲포휴,부동산 > 빌딩,,서울 성동구 왕십리로 58,http://place.map.kakao.com/27486622,127.045143993409,37.5427662697462,8,true,CANDIDATE_LONGER,,포휴
서울,뚝섬한강공원,0,뚝섬한강공원,여행 > 공원 > 도시근린공원,,서울 광진구 자양동 427-6,http://place.map.kakao.com/8136085,127.06892112991,37.5292974433415,8,true,EXACT,,
서울,뚝섬한강공원,1,뚝섬 한강공원 수영장,"스포츠,레저 > 수영,수상 > 수영장",,서울 광진구 자양동 112,http://place.map.kakao.com/17788399,127.067111322349,37.5296696982394,3,true,CANDIDATE_LONGER,,수영장
서울,뚝섬한강공원,2,뚝섬한강공원 눈썰매장,"스포츠,레저 > 스포츠시설 > 눈썰매장",AT4,서울 광진구 자양동 112,http://place.map.kakao.com/468812452,127.06694190913146,37.52999235289054,10,true,CANDIDATE_LONGER,,눈썰매장
서울,뚝섬한강공원,3,뚝섬한강공원 능소화군락지,"여행 > 관광,명소 > 생태보존,서식지",,서울 성동구 성수동2가 623,http://place.map.kakao.com/1268329835,127.055648544864,37.5342356224589,8,true,CANDIDATE_LONGER,,능소화군락지
서울,뚝섬한강공원,4,뚝섬한강공원 제3주차장,"교통,수송 > 교통시설 > 주차장 > 공영주차장",PK6,서울 광진구 자양동 112,http://place.map.kakao.com/1231773765,127.0675341322123,37.53057766658508,8,true,CANDIDATE_LONGER,,제3주차장
서울,성수연방,0,성수연방,"문화,예술 > 문화시설",,서울 성동구 성수이로14길 14,http://place.map.kakao.com/1819728691,127.05695851079544,37.54139704871741,8,true,EXACT,,
서울,성수연방,1,올리브영 성수연방점,"가정,생활 > 드럭스토어 > 올리브영",,서울 성동구 성수이로14길 14,http://place.map.kakao.com/617672793,127.05682631503774,37.54165029330478,8,true,CANDIDATE_LONGER,올리브영,점
서울,성수연방,2,메이플탑 팬케이크클럽,음식점 > 양식,FD6,서울 성동구 성수이로14길 14,http://place.map.kakao.com/1112048091,127.05686817254602,37.54163856015925,5,false,DISJOINT,,
서울,성수연방,3,누제믹,"가정,생활 > 패션 > 패션잡화점 > 액세서리",,서울 성동구 성수이로14길 14,http://place.map.kakao.com/2072579384,127.056861398454,37.5416583854199,3,false,DISJOINT,,
서울,성수연방,4,리카리카,"가정,생활 > 반려동물 > 반려동물용품",,서울 성동구 성수이로14길 14,http://place.map.kakao.com/1181153631,127.056901944351,37.5414096899837,3,false,DISJOINT,,
서울,북한산국립공원 우이령길,-1,,,,,,,,,,,,
서울,산촌,0,산촌 본점,음식점 > 한식 > 한정식,FD6,서울 종로구 인사동길 30-13,http://place.map.kakao.com/16650740,126.98626191186663,37.57379723554655,10,true,CANDIDATE_LONGER,,본점
서울,산촌,1,산촌,음식점 > 한식,FD6,서울 서초구 서초대로24길 46,http://place.map.kakao.com/721016726,126.993898866562,37.485463681114,10,true,EXACT,,
서울,산촌,2,산촌,"서비스,산업 > 농축산",,서울 강남구 압구정로2길 46,http://place.map.kakao.com/15880281,127.0206915332731,37.51876770569384,8,true,EXACT,,
서울,산촌,3,산촌쌈밥,음식점 > 한식 > 쌈밥,FD6,서울 동대문구 서울시립대로 75,http://place.map.kakao.com/1587319945,127.049339580654,37.5785521826136,10,true,CANDIDATE_LONGER,,쌈밥
서울,산촌,4,갤러리 모나리자 산촌,"문화,예술 > 미술,공예 > 화랑",,서울 종로구 인사동길 30-13,http://place.map.kakao.com/688788559,126.986261911867,37.5737972355466,8,true,CANDIDATE_LONGER,갤러리모나리자,
서울,북촌한옥마을,0,북촌한옥마을,"여행 > 관광,명소",,서울 종로구 북촌로 53,http://place.map.kakao.com/781129546,126.98481245064092,37.581768153833444,8,true,EXACT,,
서울,북촌한옥마을,1,북촌문화센터,"교육,학문 > 문화센터",,서울 종로구 계동길 37,http://place.map.kakao.com/25027484,126.986428490671,37.5790806861345,3,false,DISJOINT,,
서울,북촌한옥마을,2,한복남 북촌한옥마을점,"가정,생활 > 패션 > 의류대여서비스 > 한복대여",,서울 종로구 북촌로 35-4,http://place.map.kakao.com/402610200,126.984807179041,37.5798535414227,8,true,CANDIDATE_LONGER,한복남,점
서울,북촌한옥마을,3,그랑핸드 북촌,"가정,생활 > 미용 > 화장품 > 향수",,서울 종로구 북촌로11길 19,http://place.map.kakao.com/460070959,126.9839803211792,37.581826608423036,3,false,DISJOINT,,
서울,북촌한옥마을,4,차차티클럽 북촌라운지,음식점 > 카페 > 전통찻집,CE7,서울 종로구 계동길 103-7,http://place.map.kakao.com/224544670,126.986302312897,37.581895376215,5,false,DISJOINT,,
서울,삼청동수제비,0,삼청동수제비,음식점 > 한식 > 수제비,FD6,서울 종로구 삼청로 101-1,http://place.map.kakao.com/13559837,126.98197124938,37.5845977743306,10,true,EXACT,,
서울,삼청동수제비,1,삼청동수제비 주차장,"교통,수송 > 교통시설 > 주차장",PK6,서울 종로구 삼청동 48-1,http://place.map.kakao.com/1649122099,126.982198680254,37.5851699394853,8,true,CANDIDATE_LONGER,,주차장
서울,인사동 그집,0,그때그집,음식점 > 술집 > 실내포장마차,FD6,서울 종로구 인사동 194-41,http://place.map.kakao.com/173030277,126.98478620330691,37.57166349844807,5,false,DISJOINT,,
서울,인사동 그집,1,그때그집,"음식점 > 한식 > 육류,고기",FD6,서울 종로구 수표로 123,http://place.map.kakao.com/15744777,126.988738995476,37.5721829148602,5,false,DISJOINT,,
서울,인사동 그집,2,그때그집에,"음식점 > 술집 > 호프,요리주점",FD6,서울 종로구 수표로 114,http://place.map.kakao.com/1041721718,126.98941263499373,37.57142433928863,5,false,DISJOINT,,
서울,인사동 그집,3,한남동그집 광화문점,"음식점 > 술집 > 호프,요리주점 > 한남동그집",FD6,서울 종로구 새문안로9길 21,http://place.map.kakao.com/1938954359,126.975621849421,37.5712114641405,5,false,DISJOINT,,
서울,인사동 그집,4,정동그집,음식점 > 카페,CE7,서울 중구 정동길 18,http://place.map.kakao.com/690739884,126.970072416829,37.5668169335232,5,false,DISJOINT,,
서울,남산공원,0,남산공원,여행 > 공원 > 도시근린공원,,서울 중구 남산공원길 125-54,http://place.map.kakao.com/8246129,126.989316855952,37.5524979951415,8,true,EXACT,,
서울,남산공원,1,N서울타워,"여행 > 관광,명소 > 전망대",AT4,서울 용산구 남산공원길 105,http://place.map.kakao.com/1629378951,126.988230622132,37.5513049702718,5,false,DISJOINT,,
서울,남산공원,2,남산공원 회현자락 공영주차장,"교통,수송 > 교통시설 > 주차장 > 공영주차장",PK6,서울 중구 회현동1가 100-266,http://place.map.kakao.com/12160351,126.98113435379184,37.55404848979044,8,true,CANDIDATE_LONGER,,회현자락공영주차장
서울,남산공원,3,남산공원북측순환도로,"교통,수송 > 도로시설 > 도로명",,서울 중구 예장동,http://place.map.kakao.com/10184461,126.992426498747,37.5548552460885,8,true,CANDIDATE_LONGER,,북측순환도로
서울,남산공원,4,남산공원,여행 > 공원,,서울 중구 남창동 205-4,http://place.map.kakao.com/117988874,126.977319939778,37.5558408041424,8,true,EXACT,,
서울,원조남산왕돈까스,0,원조남산왕돈까스 명동본점,음식점 > 한식,FD6,서울 중구 명동7길 21,http://place.map.kakao.com/23961602,126.9836331108075,37.564689637589645,10,true,CANDIDATE_LONGER,,명동본점
서울,원조남산왕돈까스,1,원조남산왕돈까스,"음식점 > 일식 > 돈까스,우동",FD6,서울 중구 소파로 107,http://place.map.kakao.com/12706932,126.98610647948,37.5573810686541,10,true,EXACT,,
서울,원조남산왕돈까스,2,원조남산왕돈까스 주차장,"교통,수송 > 교통시설 > 주차장",PK6,서울 중구 소파로 107,http://place.map.kakao.com/2092224790,126.986124593198,37.5573513378718,8,true,CANDIDATE_LONGER,,주차장
서울,원조남산왕돈까스,3,101번지남산돈까스 본점,"음식점 > 일식 > 돈까스,우동",FD6,서울 중구 소파로 101,http://place.map.kakao.com/1642591897,126.985746661115,37.5569494480227,5,false,DISJOINT,,
서울,반포한강공원,0,반포한강공원,여행 > 공원 > 도시근린공원,,서울 서초구 반포동 115-5,http://place.map.kakao.com/8142957,126.99716104081192,37.51081992690844,8,true,EXACT,,
서울,반포한강공원,1,반포한강공원 달빛광장,"여행 > 관광,명소 > 광장",,서울 서초구 반포동 115-5,http://place.map.kakao.com/7813554,126.997629282491,37.5113551338727,8,true,CANDIDATE_LONGER,,달빛광장
서울,반포한강공원,2,반포한강공원 3주차장,"교통,수송 > 교통시설 > 주차장 > 공영주차장",PK6,서울 서초구 반포동 115-5,http://place.map.kakao.com/1125686641,126.993463807554,37.5085258223658,8,true,CANDIDATE_LONGER,,3주차장
서울,반포한강공원,3,반포한강공원 2주차장,"교통,수송 > 교통시설 > 주차장",PK6,서울 서초구 반포동 115-5,http://place.map.kakao.com/543976101,126.995973468577,37.5100720586449,8,true,CANDIDATE_LONGER,,2주차장
서울,반포한강공원,4,반포한강공원 피크닉장,여행 > 공원시설물,,서울 서초구 잠원동 122-1,http://place.map.kakao.com/25099052,127.00023752786983,37.51252015598486,8,true,CANDIDATE_LONGER,,피크닉장
서울,서래마을,0,서래마을,부동산 > 지명,,서울 서초구 반포동 126,http://place.map.kakao.com/11308902,126.9983150134587,37.49782745020692,8,true,EXACT,,
서울,서래마을,1,서래마을카페거리,"여행 > 관광,명소 > 테마거리 > 카페거리",AT4,서울 서초구 반포동 126,http://place.map.kakao.com/27278541,126.998380593305,37.4983013805091,10,true,CANDIDATE_LONGER,,카페거리
서울,서래마을,2,서초구립서래마을공영주차장,"교통,수송 > 교통시설 > 주차장 > 공영주차장",PK6,서울 서초구 서래로4길 5,http://place.map.kakao.com/16420819,126.998769633545,37.4970363721004,8,true,CANDIDATE_LONGER,서초구립,공영주차장
서울,서래마을,3,육갑식당 서래마을 직영점,"음식점 > 한식 > 육류,고기",FD6,서울 서초구 서래로 33,http://place.map.kakao.com/27344652,126.99816799401256,37.498122077129985,10,true,CANDIDATE_LONGER,육갑식당,직영점
서울,서래마을,4,서래마을이야기,음식점 > 한식,FD6,서울 서초구 사평대로26길 26-4,http://place.map.kakao.com/12505740,126.9988623320271,37.49910238074575,10,true,CANDIDATE_LONGER,,이야기
서울,줄라이,0,줄라이,음식점 > 양식,FD6,서울 서초구 동광로 164,http://place.map.kakao.com/16999431,126.99998869183422,37.49471898913005,10,true,EXACT,,
서울,줄라이,1,줄라이,"가정,생활 > 패션 > 의류판매",,서울 송파구 올림픽로 119,http://place.map.kakao.com/15561261,127.08418396614,37.5121396665494,8,true,EXACT,,
서울,줄라이,2,줄라이칼럼,"가정,생활 > 패션 > 의류판매",,서울 강남구 도산대로55길 49,http://place.map.kakao.com/2000977815,127.040962144539,37.5268200812241,8,true,CANDIDATE_LONGER,,칼럼
서울,줄라이,3,줄라이달,"가정,생활 > 가구판매",,서울 성북구 성북로26길 41,http://place.map.kakao.com/1528306975,126.993405215731,37.5959154304039,8,true,CANDIDATE_LONGER,,달
서울,줄라이,4,메이줄라이,"가정,생활 > 꽃집,꽃배달",,서울 영등포구 여의대방로47길 14,http://place.map.kakao.com/1501094959,126.922204194035,37.5090382848671,8,true,CANDIDATE_LONGER,메이,
강릉,강릉중앙시장,0,강릉중앙시장,"가정,생활 > 시장",,강원특별자치도 강릉시 금성로 21,http://place.map.kakao.com/18525909,128.8986237900098,37.754025117657804,8,true,EXACT,,
강릉,강릉중앙시장,1,강릉중앙시장 지하어시장,"가정,생활 > 시장",,강원특별자치도 강릉시 성남동 50,http://place.map.kakao.com/2018534118,128.89880288725763,37.75437355983744,8,true,CANDIDATE_LONGER,,지하어시장
강릉,강릉중앙시장,2,강릉중앙시장 제1공영주차장,"교통,수송 > 교통시설 > 주차장 > 공영주차장",PK6,강원특별자치도 강릉시 성남동 65-4,http://place.map.kakao.com/301224738,128.90004914949444,37.75252926242914,8,true,CANDIDATE_LONGER,,제1공영주차장
강릉,강릉중앙시장,3,강릉중앙시장 제2공영주차장,"교통,수송 > 교통시설 > 주차장 > 공영주차장",PK6,강원특별자치도 강릉시 금성로 9,http://place.map.kakao.com/1718140517,128.8994194636279,37.75452577271704,8,true,CANDIDATE_LONGER,,제2공영주차장
강릉,강릉중앙시장,4,강릉커피콩빵 중앙시장점,"음식점 > 간식 > 제과,베이커리",FD6,강원특별자치도 강릉시 금성로13번길 19,http://place.map.kakao.com/2119279976,128.90019221507248,37.75324312470098,5,false,DISJOINT,,
강릉,월화거리,0,강릉월화거리,"여행 > 관광,명소 > 테마거리",AT4,강원특별자치도 강릉시 경강로 2111,http://place.map.kakao.com/2058461010,128.897496501722,37.755909823698,10,true,CANDIDATE_LONGER,강릉,
강릉,월화거리,1,강릉누들축제,이슈 > 이벤트 > 페스티벌,,강원특별자치도 강릉시 경강로 2111,http://place.map.kakao.com/2067927797,128.8974541698232,37.75589609199337,3,false,DISJOINT,,
강릉,월화거리,2,이마트24 R강릉월화거리점,"가정,생활 > 편의점 > 이마트24",CS2,강원특별자치도 강릉시 금성로11번길 13,http://place.map.kakao.com/950073782,128.900081319511,37.7538755026879,8,true,CANDIDATE_LONGER,이마트24r강릉,점
강릉,월화거리,3,강릉네컷 월화거리점,"문화,예술 > 사진 > 사진관,포토스튜디오 > 즉석사진",,강원특별자치도 강릉시 금성로11번길 13-2,http://place.map.kakao.com/1230133623,128.900183355126,37.7537837728723,8,true,CANDIDATE_LONGER,강릉네컷,점
강릉,월화거리,4,매머드커피익스프레스 강릉월화거리점,음식점 > 카페 > 커피전문점 > 매머드익스프레스,CE7,강원특별자치도 강릉시 금성로12번길 6,http://place.map.kakao.com/1920842333,128.898753705622,37.7550238596525,10,true,CANDIDATE_LONGER,매머드커피익스프레스강릉,점
강릉,안목해변 카페거리,0,강릉카페거리,"여행 > 관광,명소 > 테마거리 > 카페거리",AT4,강원특별자치도 강릉시 창해로14번길 20,http://place.map.kakao.com/14862993,128.94724160961783,37.772653600019694,5,false,DISJOINT,,
강릉,안목해변,0,안목해변,"여행 > 관광,명소 > 해수욕장,해변",AT4,강원특별자치도 강릉시 창해로14번길 51-26,http://place.map.kakao.com/7987002,128.948275405137,37.7722617595376,10,true,EXACT,,
강릉,안목해변,1,안목해변주차장,"교통,수송 > 교통시설 > 주차장 > 공영주차장",PK6,강원특별자치도 강릉시 견소동 286-4,http://place.map.kakao.com/310027514,128.95064682561357,37.771381135795345,8,true,CANDIDATE_LONGER,,주차장
강릉,안목해변,2,강릉샌드 안목해변점,"음식점 > 간식 > 제과,베이커리",FD6,강원특별자치도 강릉시 창해로14번길 14,http://place.map.kakao.com/960059234,128.94662771442,37.7730456998502,10,true,CANDIDATE_LONGER,강릉샌드,점
강릉,안목해변,3,안목해변 노상공영주차장,"교통,수송 > 교통시설 > 주차장 > 공영주차장",PK6,강원특별자치도 강릉시 견소동 286,http://place.map.kakao.com/2005738198,128.948894431568,37.7714173480781,8,true,CANDIDATE_LONGER,,노상공영주차장
강릉,안목해변,4,페리페리버거 강릉 안목해변점,음식점 > 양식 > 햄버거,FD6,강원특별자치도 강릉시 창해로2번길 32,http://place.map.kakao.com/2062737633,128.948550507098,37.771285210156,10,true,CANDIDATE_LONGER,페리페리버거강릉,점
강릉,강릉항 회센터,0,강릉항회센터,"음식점 > 한식 > 해물,생선 > 회",FD6,강원특별자치도 강릉시 창해로14번길 55-7,http://place.map.kakao.com/24910113,128.951556129146,37.7708309800024,5,true,EXACT,,
강릉,강릉항 회센터,1,솔향,"음식점 > 한식 > 해물,생선 > 회",FD6,강원특별자치도 강릉시 창해로14번길 55-7,http://place.map.kakao.com/394024978,128.95156302993377,37.770834469008015,5,false,DISJOINT,,
강릉,강릉항 회센터,2,용정,"가정,생활 > 식품판매 > 수산물판매",,강원특별자치도 강릉시 창해로14번길 55-7,http://place.map.kakao.com/1244745900,128.95151385854578,37.77099292938816,3,false,DISJOINT,,
강릉,경포호,0,경포호,"여행 > 관광,명소 > 호수",AT4,강원특별자치도 강릉시 운정동 984,http://place.map.kakao.com/8654759,128.90233728167775,37.79555514873209,10,true,EXACT,,
강릉,경포호,1,경포호수변 공영주차장,"교통,수송 > 교통시설 > 주차장 > 공영주차장",PK6,강원특별자치도 강릉시 강문동 263,http://place.map.kakao.com/907370716,128.91117690513698,37.79840280642691,8,true,CANDIDATE_LONGER,,수변공영주차장
강릉,경포호,2,경포호해식당,"음식점 > 한식 > 해물,생선",FD6,강원특별자치도 강릉시 경포로463번길 30-5,http://place.map.kakao.com/173302662,128.90350553786513,37.803917645143386,10,true,CANDIDATE_LONGER,,해식당
강릉,경포호,3,학산 경포호수지점,음식점 > 카페 > 커피전문점,CE7,강원특별자치도 강릉시 난설헌로 145,http://place.map.kakao.com/1643164090,128.907504447911,37.7878595089078,10,true,CANDIDATE_LONGER,학산,수지점
강릉,오죽헌,0,오죽헌,"여행 > 관광,명소 > 문화유적 > 유적지",,강원특별자치도 강릉시 율곡로3139번길 24,http://place.map.kakao.com/25323416,128.8775431442553,37.77924783956944,8,true,EXACT,,
강릉,오죽헌,1,오죽헌충전소,"교통,수송 > 자동차 > 주유,가스 > LPG충전소 > E1 LPG충전소",OL7,강원특별자치도 강릉시 율곡로 3209,http://place.map.kakao.com/13606433,128.875975955496,37.7836112618704,8,true,CANDIDATE_LONGER,,충전소
강릉,오죽헌,2,강릉시립박물관,"문화,예술 > 문화시설 > 박물관",CT1,강원특별자치도 강릉시 율곡로3139번길 24,http://place.map.kakao.com/12464549,128.87722213176184,37.77755036504631,3,false,DISJOINT,,
강릉,오죽헌,3,오죽헌 시립박물관 주차장,"교통,수송 > 교통시설 > 주차장",PK6,강원특별자치도 강릉시 율곡로3139번길 24,http://place.map.kakao.com/1445609544,128.88099895550093,37.779373774014836,8,true,CANDIDATE_LONGER,,시립박물관주차장
강릉,오죽헌,4,강릉 오죽헌 이이선생 동상,"여행 > 관광,명소 > 동상",,강원특별자치도 강릉시 율곡로3139번길 24,http://place.map.kakao.com/1620097196,128.878990446015,37.7789418972039,8,true,CANDIDATE_LONGER,강릉,이이선생동상
강릉,초당할머니순두부,0,초당할머니순두부,음식점 > 한식 > 두부전문점,FD6,강원특별자치도 강릉시 초당순두부길 77,http://place.map.kakao.com/8535139,128.915396082152,37.7905546548915,10,true,EXACT,,
강릉,초당할머니순두부,1,초당토박이 할머니순두부,음식점 > 한식 > 두부전문점,FD6,강원특별자치도 강릉시 초당순두부길 47,http://place.map.kakao.com/9521756,128.91353733150137,37.78811477766893,5,false,DISJOINT,,
강릉,초당할머니순두부,2,초당할머니순두부 주차장,"교통,수송 > 교통시설 > 주차장",PK6,강원특별자치도 강릉시 초당순두부길 77,http://place.map.kakao.com/652006786,128.915396082152,37.7905546548915,8,true,CANDIDATE_LONGER,,주차장
강릉,초당할머니순두부,3,토박이할머니순두부 주차장,"교통,수송 > 교통시설 > 주차장",PK6,강원특별자치도 강릉시 초당동 273-2,http://place.map.kakao.com/483815907,128.913586764199,37.788050916051,3,false,DISJOINT,,
강릉,허균·허난설헌 기념공원,0,허균허난설헌기념공원,여행 > 공원,,강원특별자치도 강릉시 난설헌로193번길 1-29,http://place.map.kakao.com/17344148,128.90949773031988,37.79143235584392,3,true,EXACT,,
강릉,허균·허난설헌 기념공원,1,허균허난설헌기념공원 초희전통차체험관,여행 > 체험여행,,강원특별자치도 강릉시 난설헌로193번길 1-15,http://place.map.kakao.com/1661715932,128.91018445883222,37.79103386075311,3,true,CANDIDATE_LONGER,,초희전통차체험관
강릉,허균·허난설헌 기념공원,2,허균허난설헌기념공원 오문장비,"여행 > 관광,명소 > 문화유적 > 탑,비석",,강원특별자치도 강릉시 초당동 474-9,http://place.map.kakao.com/2031658851,128.909118880465,37.7913556205326,3,true,CANDIDATE_LONGER,,오문장비
강릉,허균·허난설헌 기념공원,3,허균허난설헌기념공원 네잎크로버데크,여행 > 공원시설물,,강원특별자치도 강릉시 초당동 474,http://place.map.kakao.com/398943176,128.908851096848,37.7915365246863,3,true,CANDIDATE_LONGER,,네잎크로버데크
강릉,허균·허난설헌 기념공원,4,강릉시 허균허난설헌기념공원주차장 전기차충전소,"교통,수송 > 자동차 > 전기차 충전소",,강원특별자치도 강릉시 초당동 384,http://place.map.kakao.com/852035322,128.90997718638693,37.790478704049306,3,true,CANDIDATE_LONGER,강릉시,주차장전기차충전소
강릉,강문해변,0,강문해변,"여행 > 관광,명소 > 해수욕장,해변",AT4,강원특별자치도 강릉시 강문동 182-1,http://place.map.kakao.com/8680336,128.919175274112,37.7948207421998,10,true,EXACT,,
강릉,강문해변,1,강문해변 제1공영주차장,"교통,수송 > 교통시설 > 주차장 > 공영주차장",PK6,강원특별자치도 강릉시 강문동 182-37,http://place.map.kakao.com/975589043,128.91802370717483,37.79568088090378,8,true,CANDIDATE_LONGER,,제1공영주차장
강릉,강문해변,2,강문해변 화장실,"가정,생활 > 화장실",,강원특별자치도 강릉시 창해로 344,http://place.map.kakao.com/388034348,128.91923161786,37.7941027601422,8,true,CANDIDATE_LONGER,,화장실
강릉,강문해변,3,천둥수산 강문해변점,"음식점 > 한식 > 해물,생선 > 회",FD6,강원특별자치도 강릉시 초당순두부길55번길 38,http://place.map.kakao.com/326501916,128.91355318440952,37.791985409756876,10,true,CANDIDATE_LONGER,천둥수산,점
강릉,강문해변,4,강문해변 제2공영주차장,"교통,수송 > 교통시설 > 주차장 > 공영주차장",PK6,강원특별자치도 강릉시 강문동 283-8,http://place.map.kakao.com/1485949939,128.9152060343649,37.795591610044156,8,true,CANDIDATE_LONGER,,제2공영주차장
강릉,강릉감자옹심이,0,강릉감자옹심이 강릉본점,음식점 > 한식,FD6,강원특별자치도 강릉시 토성로 171,http://place.map.kakao.com/10127723,128.8948797388186,37.75647532882446,10,true,CANDIDATE_LONGER,,강릉본점
강릉,강릉감자옹심이,1,강릉대관령감자옹심이,음식점 > 한식,FD6,강원특별자치도 강릉시 하평길 6,http://place.map.kakao.com/2132461576,128.90944809513584,37.76956803936455,5,false,DISJOINT,,
강릉,강릉감자옹심이,2,공가네감자옹심이 강릉임당점,음식점 > 한식,FD6,강원특별자치도 강릉시 경강로2103번길 16,http://place.map.kakao.com/1876595698,128.895957227493,37.7564147536389,5,false,DISJOINT,,
강릉,강릉감자옹심이,3,만선감자옹심이,음식점 > 한식,FD6,강원특별자치도 강릉시 공항길 46,http://place.map.kakao.com/26380106,128.941170860695,37.76287704516,5,false,DISJOINT,,
강릉,강릉감자옹심이,4,동부감자옹심이,음식점 > 한식,FD6,강원특별자치도 강릉시 옥천로 48,http://place.map.kakao.com/8965991,128.900905463207,37.7600095514064,5,false,DISJOINT,,
강릉,주문진 해변,0,주문진해변,"여행 > 관광,명소 > 해수욕장,해변",AT4,강원특별자치도 강릉시 주문진읍 향호리 8-35,http://place.map.kakao.com/8073114,128.818780222834,37.9111195197386,5,true,EXACT,,
강릉,주문진 해변,1,주문진해변 주차장,"교통,수송 > 교통시설 > 주차장",PK6,강원특별자치도 강릉시 주문진읍 향호리 8-37,http://place.map.kakao.com/20563679,128.81765679411862,37.90945412799756,3,true,CANDIDATE_LONGER,,주차장
강릉,주문진 해변,2,주문진해변교회,"문화,예술 > 종교 > 기독교 > 교회",,강원특별자치도 강릉시 주문진읍 주문북로 119-7,http://place.map.kakao.com/8164664,128.822979207506,37.9025038486253,3,true,CANDIDATE_LONGER,,교회
강릉,주문진 해변,3,주문진해변정류장,"교통,수송 > 교통시설 > 고속,시외버스정류장",,강원특별자치도 강릉시 주문진읍 향호리 산 33-2,http://place.map.kakao.com/538994024,128.817021516184,37.9095125852127,3,true,CANDIDATE_LONGER,,정류장
강릉,주문진 해변,4,소돌해변,"여행 > 관광,명소 > 해수욕장,해변",AT4,강원특별자치도 강릉시 주문진읍 주문리,http://place.map.kakao.com/7959970,128.825167878323,37.9069740745975,5,false,DISJOINT,,
강릉,주문진 수산시장,0,주문진수산시장,"가정,생활 > 시장",,강원특별자치도 강릉시 주문진읍 시장길 38,http://place.map.kakao.com/26985090,128.827740622818,37.8911119348025,3,true,EXACT,,
강릉,주문진 수산시장,1,주문진어민수산시장,"가정,생활 > 시장",,강원특별자치도 강릉시 주문진읍 주문리 312-495,http://place.map.kakao.com/26316499,128.829684975227,37.8934310898397,3,false,DISJOINT,,
강릉,주문진 수산시장,2,주문진좌판풍물시장,"가정,생활 > 시장",,강원특별자치도 강릉시 주문진읍 해안로 1758-10,http://place.map.kakao.com/1022666871,128.829181393888,37.8911805324342,3,false,DISJOINT,,
강릉,주문진 수산시장,3,주문진종합시장,"가정,생활 > 시장",,강원특별자치도 강릉시 주문진읍 구시장길 8-1,http://place.map.kakao.com/18524924,128.826889707107,37.8912692811041,3,false,DISJOINT,,
강릉,주문진 수산시장,4,주문진건어물시장,"가정,생활 > 시장",,강원특별자치도 강릉시 주문진읍 시장길 56-3,http://place.map.kakao.com/18524774,128.827825359264,37.8926996870377,3,false,DISJOINT,,
강릉,영진해변,0,영진해변,"여행 > 관광,명소 > 해수욕장,해변",AT4,강원특별자치도 강릉시 연곡면 영진리 357-155,http://place.map.kakao.com/8004666,128.84571093553842,37.86876197353724,10,true,EXACT,,
강릉,영진해변,1,세븐일레븐 강릉영진해변점,"가정,생활 > 편의점 > 세븐일레븐",CS2,강원특별자치도 강릉시 연곡면 해안로 1455,http://place.map.kakao.com/1043441159,128.844797091557,37.8691636587572,8,true,CANDIDATE_LONGER,세븐일레븐강릉,점
강릉,영진해변,2,아이리스펜션,여행 > 숙박 > 펜션,AD5,강원특별자치도 강릉시 주문진읍 해안로 2009-1,http://place.map.kakao.com/229911535,128.825294336041,37.9065703424431,3,false,DISJOINT,,
강릉,영진해변,3,행복주문,여행 > 숙박 > 민박,AD5,강원특별자치도 강릉시 주문진읍 주문로 30,http://place.map.kakao.com/1215267959,128.825600321154,37.8865608181671,3,false,DISJOINT,,
강릉,영진해변,4,영진해변 공영주차장(강릉) 전기차충전소,"교통,수송 > 자동차 > 전기차 충전소",,강원특별자치도 강릉시 연곡면 영진길 29-10,http://place.map.kakao.com/1666849830,128.840504996828,37.8718567839977,8,true,CANDIDATE_LONGER,,공영주차장강릉전기차충전소
강릉,카페 브리사,-1,,,,,,,,,,,,
강릉,강릉솔향수목원,0,강릉솔향수목원,"여행 > 관광,명소 > 수목원,식물원",AT4,강원특별자치도 강릉시 구정면 수목원길 156,http://place.map.kakao.com/25856200,128.861466745895,37.6978031751826,10,true,EXACT,,
강릉,강릉솔향수목원,1,강릉솔향수목원 주차장,"교통,수송 > 교통시설 > 주차장",PK6,강원특별자치도 강릉시 구정면 구정리 산 148,http://place.map.kakao.com/20512874,128.86207274025352,37.698098092991366,8,true,CANDIDATE_LONGER,,주차장
강릉,강릉솔향수목원,2,강릉솔향수목원 유아숲체험원,"교육,학문 > 교육단체 > 체험학습장",,강원특별자치도 강릉시 구정면 구정리 산 141,http://place.map.kakao.com/1572409148,128.8543313387337,37.69044573754994,8,true,CANDIDATE_LONGER,,유아숲체험원
강릉,강릉솔향수목원,3,강릉시 솔향수목원 전기차충전소,"교통,수송 > 자동차 > 전기차 충전소",,강원특별자치도 강릉시 구정면 수목원길 156,http://place.map.kakao.com/175351618,128.86171315924642,37.69786414524231,3,false,DISJOINT,,
강릉,정동진 해변,0,정동진 해변,"여행 > 관광,명소 > 해수욕장,해변",AT4,강원특별자치도 강릉시 강동면 정동진리 64-3,http://place.map.kakao.com/11164998,129.036259739972,37.6891659795686,10,true,EXACT,,
강릉,정동진 해변,1,세븐일레븐 정동진해변점,"가정,생활 > 편의점 > 세븐일레븐",CS2,강원특별자치도 강릉시 강동면 헌화로 989,http://place.map.kakao.com/13055798,129.03965456652654,37.686384974008455,3,true,CANDIDATE_LONGER,세븐일레븐,점
강릉,정동진 해변,2,바다여행,"여행 > 숙박 > 여관,모텔",AD5,강원특별자치도 강릉시 강동면 정동5길 10,http://place.map.kakao.com/1483828222,129.03902462123338,37.68420234528382,3,false,DISJOINT,,
강릉,정동진 해변,3,병오년 해맞이 행사,이슈 > 이벤트 > 페스티벌,,강원특별자치도 강릉시 강문동 산 1,http://place.map.kakao.com/1181268757,128.9100210948015,37.80342298965306,3,false,DISJOINT,,
강릉,정동진 해변,4,하나로마트 강릉농협 강동점 전기차충전소,"교통,수송 > 자동차 > 전기차 충전소",,강원특별자치도 강릉시 강동면 상시동리 865-17,http://place.map.kakao.com/492465432,128.95374254168573,37.72651416153066,3,false,DISJOINT,,
강릉,하슬라아트월드,0,하슬라아트월드,"여행 > 관광,명소 > 테마파크",AT4,강원특별자치도 강릉시 강동면 율곡로 1441,http://place.map.kakao.com/8143646,129.009485518837,37.7058296552942,10,true,EXACT,,
강릉,하슬라아트월드,1,하슬라아트월드 뮤지엄호텔,여행 > 숙박 > 호텔,AD5,강원특별자치도 강릉시 강동면 율곡로 1441,http://place.map.kakao.com/8124160,129.012263525456,37.7060849393263,8,true,CANDIDATE_LONGER,,뮤지엄호텔
강릉,하슬라아트월드,2,하슬라아트월드,"서비스,산업 > 식품",,강원특별자치도 강릉시 강동면 율곡로 1441,http://place.map.kakao.com/1941012880,129.012098793316,37.70603099917125,8,true,EXACT,,
강릉,하슬라아트월드,3,하슬라아트월드 미술관,"문화,예술 > 문화시설 > 미술관",CT1,강원특별자치도 강릉시 강동면 율곡로 1441,http://place.map.kakao.com/1595039130,129.01214665686607,37.70620764622019,8,true,CANDIDATE_LONGER,,미술관
강릉,하슬라아트월드,4,하슬라 아트월드 주차장,"교통,수송 > 교통시설 > 주차장",PK6,강원특별자치도 강릉시 강동면 정동진리 40,http://place.map.kakao.com/17571922,129.011245399322,37.7058356706667,3,true,CANDIDATE_LONGER,,주차장
강릉,사천진항,0,사천진항,"교통,수송 > 교통시설 > 항구,포구",,강원특별자치도 강릉시 사천면 사천진리 2,http://place.map.kakao.com/26260120,128.876988869022,37.8372562056956,8,true,EXACT,,
강릉,주문진항,0,주문진항,"교통,수송 > 교통시설 > 항구,포구",,강원특별자치도 강릉시 주문진읍 교항리,http://place.map.kakao.com/8073113,128.830783241993,37.8878396585196,8,true,EXACT,,
강릉,주문진항,1,주문진항샵20,"음식점 > 한식 > 해물,생선 > 회",FD6,강원특별자치도 강릉시 하평길 68,http://place.map.kakao.com/749545318,128.916116943567,37.7699426031247,10,true,CANDIDATE_LONGER,,샵20
강릉,주문진항,2,주문진항유리횟집,"음식점 > 한식 > 해물,생선 > 회",FD6,강원특별자치도 강릉시 주문진읍 해안로 1667,http://place.map.kakao.com/17126721,128.83005113669384,37.88379549566743,10,true,CANDIDATE_LONGER,,유리횟집
강릉,주문진항,3,주문진항입구교차로,"교통,수송 > 도로시설 > 교차로",,강원특별자치도 강릉시 주문진읍 주문리,http://place.map.kakao.com/10789803,128.828886971578,37.8926039193876,8,true,CANDIDATE_LONGER,,입구교차로
강릉,주문진항,4,CU 주문진항점,"가정,생활 > 편의점 > CU",CS2,강원특별자치도 강릉시 주문진읍 해안로 1727,http://place.map.kakao.com/1713400644,128.8281430099838,37.889181505905235,8,true,CANDIDATE_LONGER,cu,점
강릉,강릉불고기,0,강릉불고기,"음식점 > 한식 > 육류,고기 > 불고기,두루치기",FD6,강원특별자치도 강릉시 강동면 풍호길 270,http://place.map.kakao.com/1591766183,128.959674983025,37.7490834016002,10,true,EXACT,,
강릉,강릉불고기,1,강릉불고기 초당점,"음식점 > 한식 > 육류,고기 > 불고기,두루치기",FD6,강원특별자치도 강릉시 초당순두부길 2,http://place.map.kakao.com/2047293961,128.90879606480047,37.78820702575987,10,true,CANDIDATE_LONGER,,초당점
강릉,강릉불고기,2,백년불고기물갈비 강릉점,"음식점 > 한식 > 육류,고기 > 갈비",FD6,강원특별자치도 강릉시 하슬라로206번길 15,http://place.map.kakao.com/1395958074,128.877396723471,37.7679860404989,5,false,DISJOINT,,
강릉,강릉불고기,3,칠공주불고기,"음식점 > 한식 > 육류,고기 > 불고기,두루치기",FD6,강원특별자치도 강릉시 주문진읍 참샘길 12,http://place.map.kakao.com/16382488,128.808627690861,37.9149694318958,5,false,DISJOINT,,
강릉,강릉불고기,4,십원집 강릉점,"음식점 > 한식 > 육류,고기 > 불고기,두루치기",FD6,강원특별자치도 강릉시 하슬라로206번길 15-6,http://place.map.kakao.com/912906905,128.87776201705074,37.76829551344425,5,false,DISJOINT,,
강릉,경포해변,0,경포해수욕장,"여행 > 관광,명소 > 해수욕장,해변",AT4,강원특별자치도 강릉시 창해로 514,http://place.map.kakao.com/8199114,128.910210247605,37.8034055083125,5,false,DISJOINT,,
강릉,경포해변,1,경포해변 중앙광장,"여행 > 관광,명소 > 광장",,강원특별자치도 강릉시 강문동 산 1,http://place.map.kakao.com/910019105,128.907803615147,37.8051380887932,8,true,CANDIDATE_LONGER,,중앙광장
강릉,경포해변,2,경포해변인증센터,"여행 > 관광,명소 > 자전거여행",AT4,강원특별자치도 강릉시 안현동 산 1-10,http://place.map.kakao.com/26935806,128.9072507338109,37.80540468290833,10,true,CANDIDATE_LONGER,,인증센터
강릉,경포해변,3,경포해변정류장,"교통,수송 > 교통시설 > 고속,시외버스정류장",,강원특별자치도 강릉시 안현동 94-161,http://place.map.kakao.com/127696795,128.905247413128,37.8044128621535,8,true,CANDIDATE_LONGER,,정류장
강릉,경포해변,4,경포해변 주차장,"교통,수송 > 교통시설 > 주차장",PK6,강원특별자치도 강릉시 해안로 536,http://place.map.kakao.com/20563797,128.9062647505931,37.80591610622709,8,true,CANDIDATE_LONGER,,주차장
강릉,강릉해변막국수,0,송정해변막국수,음식점 > 한식 > 국수,FD6,강원특별자치도 강릉시 창해로 267,http://place.map.kakao.com/1992481591,128.92416320069097,37.788599273102086,5,false,DISJOINT,,
강릉,강릉커피빵 본점,0,강릉커피빵 본점,음식점 > 카페,CE7,강원특별자치도 강릉시 창해로350번길 29,http://place.map.kakao.com/1636307811,128.917100497836,37.796504861485,10,true,EXACT,,
강릉,강릉커피빵 본점,1,강릉커피콩빵 본점,"음식점 > 간식 > 제과,베이커리",FD6,강원특별자치도 강릉시 사천면 진리해변길 8,http://place.map.kakao.com/25124727,128.8724357921592,37.835799090362734,5,false,DISJOINT,,
강릉,강릉커피빵 본점,2,강릉빵다방 본점,"음식점 > 간식 > 제과,베이커리",FD6,강원특별자치도 강릉시 남강초교1길 24,http://place.map.kakao.com/666460441,128.91811727610298,37.7690056080449,5,false,DISJOINT,,
강릉,강릉커피빵 본점,3,강릉샌드 본점,"음식점 > 간식 > 제과,베이커리",FD6,강원특별자치도 강릉시 금성로23번길 17,http://place.map.kakao.com/186682005,128.899227217401,37.7527758329282,5,false,DISJOINT,,
강릉,강릉커피빵 본점,4,강릉샌드 본점,"음식점 > 간식 > 제과,베이커리",FD6,강원특별자치도 강릉시 성곡고양길5번안길 31,http://place.map.kakao.com/368644853,128.890082809845,37.7775248761033,5,false,DISJOINT,,
강릉,등명해변,0,등명해변,"여행 > 관광,명소 > 해수욕장,해변",AT4,강원특별자치도 강릉시 강동면 정동진리 490-1,http://place.map.kakao.com/8281023,129.016928857381,37.7040197603323,10,true,EXACT,,
강릉,등명해변,1,정스테이,여행 > 숙박 > 펜션,AD5,강원특별자치도 강릉시 강동면 율곡로 1386-6,http://place.map.kakao.com/1051169245,129.0152007508194,37.70376195370202,3,false,DISJOINT,,
강릉,등명해변,2,강릉시 등명해변주차장 전기차충전소,"교통,수송 > 자동차 > 전기차 충전소",,강원특별자치도 강릉시 강동면 정동등명길 2,http://place.map.kakao.com/589863462,129.01619585023985,37.70232522264716,8,true,CANDIDATE_LONGER,강릉시,주차장전기차충전소
강릉,강릉역,0,강릉역,"교통,수송 > 기차,철도 > 기차역 > KTX정차역",,강원특별자치도 강릉시 용지로 176,http://place.map.kakao.com/8632588,128.899627553491,37.7645235587621,8,true,EXACT,,
강릉,강릉역,1,강릉축산농협 강릉역지점,"금융,보험 > 금융서비스 > 은행 > 농축협",,강원특별자치도 강릉시 강릉대로 348,http://place.map.kakao.com/903025782,128.905175550211,37.7663437470285,8,true,CANDIDATE_LONGER,강릉축산농협,지점
강릉,강릉역,2,강릉역 공영주차장,"교통,수송 > 교통시설 > 주차장 > 공영주차장",PK6,강원특별자치도 강릉시 율곡로 2876,http://place.map.kakao.com/1676940532,128.896095819353,37.7614428245675,8,true,CANDIDATE_LONGER,,공영주차장
강릉,강릉역,3,강릉역블루핀오피스텔,부동산 > 주거시설 > 오피스텔,,강원특별자치도 강릉시 강릉대로 285,http://place.map.kakao.com/1577501747,128.89972663293375,37.7627635198097,8,true,CANDIDATE_LONGER,,블루핀오피스텔
강릉,강릉역,4,강릉역 주차장,"교통,수송 > 교통시설 > 주차장",PK6,강원특별자치도 강릉시 용지로 176,http://place.map.kakao.com/2088378840,128.901031874796,37.765124287298,8,true,CANDIDATE_LONGER,,주차장
강릉,금성백반,0,금성,음식점 > 한식,FD6,강원특별자치도 강릉시 연곡면 소금강길 478,http://place.map.kakao.com/204977841,128.705955186588,37.8151175923242,10,true,AI_LONGER,,
강릉,보사노바,0,보사노바 커피로스터스 강릉점,음식점 > 카페,CE7,강원특별자치도 강릉시 창해로14번길 28,http://place.map.kakao.com/27320313,128.94782940821094,37.772045728575314,10,true,CANDIDATE_LONGER,,커피로스터스강릉점
강릉,씨마크호텔 더 쉐프,-1,,,,,,,,,,,,
강릉,선교장,0,강릉선교장,"여행 > 관광,명소 > 문화유적",,강원특별자치도 강릉시 운정길 63,http://place.map.kakao.com/26979861,128.885174241126,37.7866425660498,8,true,CANDIDATE_LONGER,강릉,
강릉,선교장,1,강릉선교장 공영주차장,"교통,수송 > 교통시설 > 주차장 > 공영주차장",PK6,강원특별자치도 강릉시 운정동 472-18,http://place.map.kakao.com/253007880,128.88468059182824,37.784904638624624,8,true,CANDIDATE_LONGER,강릉,공영주차장
강릉,선교장,2,강릉선교장 매표소,"서비스,산업 > 관리,운영 > 매표소",,강원특별자치도 강릉시 운정길 63,http://place.map.kakao.com/12464772,128.884767069845,37.7854491637946,8,true,CANDIDATE_LONGER,강릉,매표소
강릉,선교장,3,강릉선교장 주차장,"교통,수송 > 교통시설 > 주차장",PK6,강원특별자치도 강릉시 운정동 990,http://place.map.kakao.com/20563833,128.8847118623771,37.785241953203,8,true,CANDIDATE_LONGER,강릉,주차장
강릉,선교장,4,강릉선교장 활래정,"여행 > 관광,명소 > 문화유적",,강원특별자치도 강릉시 운정길 63,http://place.map.kakao.com/17576425,128.885146583751,37.7859115269414,8,true,CANDIDATE_LONGER,강릉,활래정
강릉,동화가든,0,동화가든,음식점 > 한식 > 두부전문점,FD6,강원특별자치도 강릉시 초당순두부길77번길 15,http://place.map.kakao.com/7846414,128.91466316141972,37.79114130470266,10,true,EXACT,,
강릉,동화가든,1,동화가든 본점 주차장,"교통,수송 > 교통시설 > 주차장",PK6,강원특별자치도 강릉시 초당동 309-1,http://place.map.kakao.com/1935962249,128.914850899996,37.7912022118612,8,true,CANDIDATE_LONGER,,본점주차장
강릉,경포호수,0,경포호,"여행 > 관광,명소 > 호수",AT4,강원특별자치도 강릉시 운정동 984,http://place.map.kakao.com/8654759,128.90233728167775,37.79555514873209,10,true,AI_LONGER,,
강릉,경포호수,1,뉴호수모텔,"여행 > 숙박 > 여관,모텔",AD5,강원특별자치도 강릉시 창해로 491,http://place.map.kakao.com/361779261,128.90877549671066,37.803771088934596,3,false,DISJOINT,,
강릉,경포호수,2,경포호수바이크,"스포츠,레저 > 자전거,싸이클",,강원특별자치도 강릉시 경포로 479,http://place.map.kakao.com/1190517138,128.9045203005332,37.80351027627911,8,true,CANDIDATE_LONGER,,바이크
강릉,경포호수,3,호수화장실,"가정,생활 > 화장실",,강원특별자치도 강릉시 경포로 340,http://place.map.kakao.com/1678662137,128.901005825915,37.7908670737574,3,false,DISJOINT,,
강릉,경포호수,4,경포호수광장,여행 > 공원,,강원특별자치도 강릉시 초당동 459-28,http://place.map.kakao.com/21875910,128.908644003324,37.7979574322498,8,true,CANDIDATE_LONGER,,광장
강릉,강릉아트센터,0,강릉아트센터,"문화,예술 > 문화시설 > 공연장,연극극장",CT1,강원특별자치도 강릉시 종합운동장길 84,http://place.map.kakao.com/539244312,128.89534016652,37.7717128602944,8,true,EXACT,,
강릉,강릉아트센터,1,강릉아트센터 대공연장사임당홀,"문화,예술 > 문화시설 > 공연장,연극극장",CT1,강원특별자치도 강릉시 종합운동장길 84,http://place.map.kakao.com/1541403667,128.89541258416787,37.77223778579681,8,true,CANDIDATE_LONGER,,대공연장사임당홀
강릉,강릉아트센터,2,강릉아트센터 전시실,"문화,예술 > 문화시설 > 전시관",CT1,강원특별자치도 강릉시 종합운동장길 84,http://place.map.kakao.com/2068348473,128.895783224789,37.7714643056371,8,true,CANDIDATE_LONGER,,전시실
강릉,강릉아트센터,3,강릉아트센터 소공연장,"문화,예술 > 문화시설 > 공연장,연극극장",CT1,강원특별자치도 강릉시 종합운동장길 84,http://place.map.kakao.com/476702435,128.895286543107,37.7717461533128,8,true,CANDIDATE_LONGER,,소공연장
강릉,강릉아트센터,4,강릉아트센터 주차장,"교통,수송 > 교통시설 > 주차장",PK6,강원특별자치도 강릉시 교동 365-1,http://place.map.kakao.com/17577636,128.894969675368,37.7721368106724,8,true,CANDIDATE_LONGER,,주차장
강릉,버드나무 브루어리,0,버드나무브루어리,"음식점 > 술집 > 호프,요리주점",FD6,강원특별자치도 강릉시 경강로 1961,http://place.map.kakao.com/27152913,128.88448548794807,37.74816239857708,5,true,EXACT,,
강릉,정동진역,0,정동진역,"교통,수송 > 기차,철도 > 기차역 > KTX정차역",,강원특별자치도 강릉시 강동면 정동역길 17,http://place.map.kakao.com/1995540275,129.03268957371495,37.691430132528666,8,true,EXACT,,
강릉,정동진역,1,정동진역 주차장,"교통,수송 > 교통시설 > 주차장",PK6,강원특별자치도 강릉시 강동면 정동진리 328-13,http://place.map.kakao.com/20563404,129.03149587105008,37.692219121004364,8,true,CANDIDATE_LONGER,,주차장
강릉,정동진역,2,정동진역미술관,"문화,예술 > 문화시설 > 미술관",CT1,강원특별자치도 강릉시 강동면 정동역길 17,http://place.map.kakao.com/306423336,129.032845328115,37.6913220491833,8,true,CANDIDATE_LONGER,,미술관
강릉,정동진역,3,정동진역 택시승강장,"교통,수송 > 교통시설",,강원특별자치도 강릉시 강동면 정동진리 303-2,http://place.map.kakao.com/684026540,129.032492790539,37.6913641616196,8,true,CANDIDATE_LONGER,,택시승강장
강릉,정동진역,4,안녕정동진,여행 > 숙박 > 게스트하우스,AD5,강원특별자치도 강릉시 강동면 헌화로 1081,http://place.map.kakao.com/638353680,129.032254042045,37.68938734712,3,false,DISJOINT,,
강릉,정동진 레일바이크,0,정동진레일바이크,여행 > 체험여행,,강원특별자치도 강릉시 강동면 정동역길 17,http://place.map.kakao.com/26319786,129.0326432874239,37.691478674804905,3,true,EXACT,,
강릉,정동진 레일바이크,1,정동진 해변,"여행 > 관광,명소 > 해수욕장,해변",AT4,강원특별자치도 강릉시 강동면 정동진리 64-3,http://place.map.kakao.com/11164998,129.036259739972,37.6891659795686,5,false,DISJOINT,,
강릉,정동진 해변횟집,-1,,,,,,,,,,,,
순천,순천만국가정원,0,순천만국가정원,"여행 > 관광,명소 > 국가정원",AT4,전남광주통합특별시 순천시 국가정원1호길 47,http://place.map.kakao.com/25052480,127.498901621838,34.9292183256846,10,true,EXACT,,
순천,순천만국가정원,1,순천만국가정원 서문주차장,"교통,수송 > 교통시설 > 주차장",PK6,전남광주통합특별시 순천시 국가정원1호길 47,http://place.map.kakao.com/244885362,127.49527458474617,34.92886359779077,8,true,CANDIDATE_LONGER,,서문주차장
순천,순천만국가정원,2,순천만국가정원 제3주차장(동문),"교통,수송 > 교통시설 > 주차장",PK6,전남광주통합특별시 순천시 국가정원1호길 162-11,http://place.map.kakao.com/244747118,127.51045495587296,34.930639588970294,8,true,CANDIDATE_LONGER,,제3주차장동문
순천,순천만국가정원,3,순천만국가정원 정원워케이션,"여행 > 숙박 > 야영,캠핑장",AD5,전남광주통합특별시 순천시 국가정원1호길 152-55,http://place.map.kakao.com/1987690721,127.51250966500783,34.925238874074076,8,true,CANDIDATE_LONGER,,정원워케이션
순천,순천만국가정원,4,순천만국가정원 정원역,여행 > 관광지부속시설,,전남광주통합특별시 순천시 강변로 435,http://place.map.kakao.com/27134423,127.50185045938582,34.92675442212032,8,true,CANDIDATE_LONGER,,정원역
순천,순천만국가정원 푸드코트,-1,,,,,,,,,,,,
순천,스카이큐브,0,순천만국가정원 정원역,여행 > 관광지부속시설,,전남광주통합특별시 순천시 강변로 435,http://place.map.kakao.com/27134423,127.50185045938582,34.92675442212032,3,false,DISJOINT,,
순천,스카이큐브,1,스카이큐브 사무실,"서비스,산업 > 관리,운영",,전남광주통합특별시 순천시 강변로 435,http://place.map.kakao.com/389181911,127.501770196301,34.9265140845075,8,true,CANDIDATE_LONGER,,사무실
순천,순천만습지,0,순천만습지,"여행 > 관광,명소 > 생태보존,서식지",,전남광주통합특별시 순천시 순천만길 513-25,http://place.map.kakao.com/1191246407,127.509555018979,34.8856119885429,8,true,EXACT,,
순천,순천만습지,1,순천만습지 순천만갈대군락지,"여행 > 관광,명소 > 생태보존,서식지",,전남광주통합특별시 순천시 해룡면 선학리 755-21,http://place.map.kakao.com/1771211020,127.51434378699,34.8831039914111,8,true,CANDIDATE_LONGER,,순천만갈대군락지
순천,순천만습지,2,순천만습지 주차장매표소,"서비스,산업 > 관리,운영 > 매표소",,전남광주통합특별시 순천시 순천만길 513-25,http://place.map.kakao.com/2031418287,127.507893447523,34.8857992192269,8,true,CANDIDATE_LONGER,,주차장매표소
순천,순천만습지,3,순천만습지 버스주차장,"교통,수송 > 교통시설 > 주차장",PK6,전남광주통합특별시 순천시 순천만길 513-25,http://place.map.kakao.com/1272710323,127.50822290637113,34.88636391405292,8,true,CANDIDATE_LONGER,,버스주차장
순천,순천만습지,4,순천만국제습지센터,"문화,예술 > 문화시설 > 전시관",CT1,전남광주통합특별시 순천시 국가정원1호길 47,http://place.map.kakao.com/19273359,127.499428647615,34.9287726805087,3,false,DISJOINT,,
순천,순천만습지 용산전망대,0,순천만 용산전망대,"여행 > 관광,명소 > 전망대",AT4,전남광주통합특별시 순천시 해룡면 순천만길 513-51,http://place.map.kakao.com/1133962119,127.51931847716531,34.8729854870858,5,false,DISJOINT,,
순천,순천만가든,0,순천만가든,음식점 > 한식,FD6,전남광주통합특별시 순천시 순천만길 576,http://place.map.kakao.com/8449415,127.50953529713414,34.89251760110131,10,true,EXACT,,
순천,순천만가든,1,순천만가든마켓,"서비스,산업 > 건설,건축 > 건설자재 > 조경자재",,전남광주통합특별시 순천시 생태배움길 21,http://place.map.kakao.com/1519310369,127.51537312341141,34.93143637948405,8,true,CANDIDATE_LONGER,,마켓
순천,순천만가든,2,순천만의봄가든아파트 (예정),부동산 > 주거시설 > 아파트,,전남광주통합특별시 순천시 풍덕동 326-20,http://place.map.kakao.com/1841445330,127.505689440079,34.9359758629899,3,false,DISJOINT,,
순천,순천만가든,3,순천만국가정원 가든스테이,여행 > 공원시설물,,전남광주통합특별시 순천시 국가정원1호길 152-55,http://place.map.kakao.com/1465526385,127.511819348534,34.9229901309702,3,false,DISJOINT,,
순천,순천만가든,4,순천만국가정원 시크릿가든,여행 > 공원시설물,,전남광주통합특별시 순천시 국가정원1호길 152-55,http://place.map.kakao.com/1466825689,127.512224200439,34.9282615097966,3,false,DISJOINT,,
순천,순천 드라마 촬영장,0,순천드라마촬영장,"여행 > 관광,명소 > 촬영지",,전남광주통합특별시 순천시 비례골길 24,http://place.map.kakao.com/27195962,127.5380337865647,34.957084203504884,3,true,EXACT,,
순천,순천 드라마 촬영장,1,순천시드라마촬영장 주차장1,"교통,수송 > 교통시설 > 주차장",PK6,전남광주통합특별시 순천시 비례골길 24,http://place.map.kakao.com/27412279,127.538144926403,34.9586773438774,3,false,DISJOINT,,
순천,순천 드라마 촬영장,2,순천시드라마촬영장 매표소,"서비스,산업 > 관리,운영 > 매표소",,전남광주통합특별시 순천시 비례골길 24,http://place.map.kakao.com/19604531,127.53758219391926,34.95750804711445,3,false,DISJOINT,,
순천,순천 드라마 촬영장,3,순천드라마촬영장 여행자쉼터,여행 > 관광지부속시설,,전남광주통합특별시 순천시 비례골길 24,http://place.map.kakao.com/1837424463,127.537582853439,34.956770718593,3,true,CANDIDATE_LONGER,,여행자쉼터
순천,순천 드라마 촬영장,4,순천시드라마촬영장 주차장2,"교통,수송 > 교통시설 > 주차장",PK6,전남광주통합특별시 순천시 비례골길 24,http://place.map.kakao.com/27412281,127.538549146014,34.9588774603852,3,false,DISJOINT,,
순천,건봉국밥,0,건봉국밥,음식점 > 한식,FD6,전남광주통합특별시 순천시 장평로 65,http://place.map.kakao.com/14502586,127.49395611781057,34.94553910858391,10,true,EXACT,,
순천,순천 문화의 거리,0,순천문화의거리,"여행 > 관광,명소 > 테마거리",AT4,전남광주통합특별시 순천시 행동 65-58,http://place.map.kakao.com/18905860,127.482416140561,34.9549309904526,5,true,EXACT,,
순천,순천 문화의 거리,1,파스쿠찌 순천문화의거리점,음식점 > 카페 > 커피전문점 > 파스쿠찌,CE7,전남광주통합특별시 순천시 중앙로 94-2,http://place.map.kakao.com/837124564,127.484144992651,34.9540227325554,5,true,CANDIDATE_LONGER,파스쿠찌,점
순천,순천 문화의 거리,2,주복,음식점 > 한식,FD6,전남광주통합특별시 순천시 금곡길 106,http://place.map.kakao.com/859191620,127.47967455683298,34.95490399036628,5,false,DISJOINT,,
순천,동천,0,순천동천,"여행 > 관광,명소 > 하천",,전남광주통합특별시 순천시 동외동,http://place.map.kakao.com/25727652,127.490324429653,34.9562874466484,8,true,CANDIDATE_LONGER,순천,
순천,동천,1,동천천변공원,여행 > 공원 > 도시근린공원,,전남광주통합특별시 순천시 동천서쪽자전거길 272,http://place.map.kakao.com/14553922,127.48863366396269,34.96287071514016,8,true,CANDIDATE_LONGER,,천변공원
순천,동천,2,동천 출렁다리,"여행 > 관광,명소",,전남광주통합특별시 순천시 풍덕동 752,http://place.map.kakao.com/1752594651,127.500983194036,34.9353193250267,8,true,CANDIDATE_LONGER,,출렁다리
순천,동천,3,동천모텔,"여행 > 숙박 > 여관,모텔",AD5,전남광주통합특별시 순천시 장평2길 26,http://place.map.kakao.com/10284339,127.494616153825,34.9446170153364,8,true,CANDIDATE_LONGER,,모텔
순천,동천,4,동천수변공원,여행 > 공원 > 도시근린공원,,전남광주통합특별시 순천시 풍덕동 1234-44,http://place.map.kakao.com/1221878813,127.500354041998,34.9353552687978,8,true,CANDIDATE_LONGER,,수변공원
순천,청춘창고,0,청춘창고,"문화,예술 > 문화시설",,전남광주통합특별시 순천시 역전길 34,http://place.map.kakao.com/744097924,127.498743926826,34.9480073533838,8,true,EXACT,,
순천,청춘창고,1,투루카 순천 청춘창고 앞,"교통,수송 > 교통시설 > 카셰어링 > 투루카",,전남광주통합특별시 순천시 역전길 34,http://place.map.kakao.com/866501443,127.498746110762,34.9480064429908,8,true,CANDIDATE_LONGER,투루카순천,앞
순천,청춘창고,2,유푸딧하우스,"가정,생활 > 생활용품점 > 인테리어장식판매",,전남광주통합특별시 순천시 역전길 34,http://place.map.kakao.com/809556861,127.498746110762,34.9480064429908,3,false,DISJOINT,,
순천,청춘창고,3,프레브,"문화,예술 > 미술,공예",,전남광주통합특별시 순천시 역전길 34,http://place.map.kakao.com/1696301222,127.498746110762,34.9480064429908,3,false,DISJOINT,,
순천,청춘창고,4,팔레트볼,음식점 > 샐러드,FD6,전남광주통합특별시 순천시 역전길 34,http://place.map.kakao.com/1301750162,127.49866278814046,34.947986053343136,5,false,DISJOINT,,
순천,낙안읍성,0,순천 낙안읍성,"여행 > 관광,명소 > 민속촌",AT4,전남광주통합특별시 순천시 낙안면 충민길 30,http://place.map.kakao.com/8234854,127.34177719691982,34.90631043247128,10,true,CANDIDATE_LONGER,순천,
순천,낙안읍성,1,낙안읍성민속마을 관광안내소,"여행 > 관광,명소 > 관광안내소",,전남광주통합특별시 순천시 낙안면 충민길 13,http://place.map.kakao.com/25972435,127.341984313393,34.90559504616874,8,true,CANDIDATE_LONGER,,민속마을관광안내소
순천,낙안읍성,2,낙안읍성 주차장,"교통,수송 > 교통시설 > 주차장",PK6,전남광주통합특별시 순천시 낙안면 평촌리 6-4,http://place.map.kakao.com/595255911,127.34357434937037,34.903805805654216,8,true,CANDIDATE_LONGER,,주차장
순천,낙안읍성,3,낙안읍성선비촌,음식점 > 한식 > 한정식,FD6,전남광주통합특별시 순천시 낙안면 삼일로 51,http://place.map.kakao.com/23926432,127.34322662562,34.905961114925,10,true,CANDIDATE_LONGER,,선비촌
순천,낙안읍성,4,낙안읍성민속마을 동문(낙풍루),"여행 > 관광,명소 > 문화유적 > 문",,전남광주통합특별시 순천시 낙안면 동내리 442-1,http://place.map.kakao.com/22447081,127.341738310984,34.9059040141387,8,true,CANDIDATE_LONGER,,민속마을동문낙풍루
순천,낙안읍성 초가집식당,-1,,,,,,,,,,,,
순천,카페 듀플렉스,-1,,,,,,,,,,,,
순천,순천역,0,순천역,"교통,수송 > 기차,철도 > 기차역 > KTX,SRT정차역",,전남광주통합특별시 순천시 팔마로 135,http://place.map.kakao.com/18049670,127.5030852726651,34.945801803518485,8,true,EXACT,,
순천,순천역,1,순천역 주차장,"교통,수송 > 교통시설 > 주차장",PK6,전남광주통합특별시 순천시 조곡동 139-21,http://place.map.kakao.com/20596059,127.50187032442464,34.946188112621066,8,true,CANDIDATE_LONGER,,주차장
순천,순천역,2,순천역시외버스정류장,"교통,수송 > 교통시설 > 고속,시외버스정류장",,전남광주통합특별시 순천시 조곡동 150,http://place.map.kakao.com/124421737,127.50221883099441,34.9453546989892,8,true,CANDIDATE_LONGER,,시외버스정류장
순천,순천역,3,순천역게스트하우스,여행 > 숙박 > 게스트하우스,AD5,전남광주통합특별시 순천시 역전장길 32,http://place.map.kakao.com/27262140,127.50269055871729,34.94462353171981,8,true,CANDIDATE_LONGER,,게스트하우스
순천,순천역,4,순천역 공중화장실,"가정,생활 > 화장실",,전남광주통합특별시 순천시 덕암동 188-100,http://place.map.kakao.com/362511466,127.503082439159,34.9456963538532,8,true,CANDIDATE_LONGER,,공중화장실
순천,낙안읍성민속마을,0,낙안읍성민속마을 김소아가옥,"여행 > 관광,명소 > 문화유적 > 생가,고택",,전남광주통합특별시 순천시 낙안면 충민길 104,http://place.map.kakao.com/12760609,127.33841899186014,34.90866975792214,8,true,CANDIDATE_LONGER,,김소아가옥
순천,낙안읍성민속마을,1,낙안읍성민속마을 관광안내소,"여행 > 관광,명소 > 관광안내소",,전남광주통합특별시 순천시 낙안면 충민길 13,http://place.map.kakao.com/25972435,127.341984313393,34.90559504616874,8,true,CANDIDATE_LONGER,,관광안내소
순천,낙안읍성민속마을,2,낙안읍성민속마을 동문(낙풍루),"여행 > 관광,명소 > 문화유적 > 문",,전남광주통합특별시 순천시 낙안면 동내리 442-1,http://place.map.kakao.com/22447081,127.341738310984,34.9059040141387,8,true,CANDIDATE_LONGER,,동문낙풍루
순천,낙안읍성민속마을,3,낙안읍성민속마을 관리사무소,"서비스,산업 > 관리,운영 > 공원관리운영",,전남광주통합특별시 순천시 낙안면 충민길 30,http://place.map.kakao.com/8226708,127.341796940484,34.9063220950905,8,true,CANDIDATE_LONGER,,관리사무소
순천,낙안읍성민속마을,4,낙안읍성민속마을 남문(쌍청루),"여행 > 관광,명소 > 문화유적 > 문",,전남광주통합특별시 순천시 낙안면 동내리 437-1,http://place.map.kakao.com/21087130,127.339137900706,34.9057454418592,8,true,CANDIDATE_LONGER,,남문쌍청루
순천,낙안읍성식당,0,향토음식점,음식점 > 한식,FD6,전남광주통합특별시 순천시 낙안면 충민길 39,http://place.map.kakao.com/9617176,127.340813158367,34.9065592196077,5,false,DISJOINT,,
순천,낙안읍성식당,1,성풍관 난전3호관,음식점 > 한식,FD6,전남광주통합특별시 순천시 낙안면 충민길 41-1,http://place.map.kakao.com/8245401,127.340121940011,34.9066332672653,5,false,DISJOINT,,
순천,낙안읍성식당,2,민속잔치집,음식점 > 한식,FD6,전남광주통합특별시 순천시 낙안면 충민길 43,http://place.map.kakao.com/21255376,127.34043828166,34.9069280380914,5,false,DISJOINT,,
순천,낙안읍성식당,3,낙안아리랑,음식점 > 한식,FD6,전남광주통합특별시 순천시 낙안면 충민길 43,http://place.map.kakao.com/1167281011,127.340427373387,34.9069361811243,5,false,DISJOINT,,
순천,낙안읍성식당,4,벌교꼬막정식 미향식당,"음식점 > 한식 > 해물,생선",FD6,전남광주통합특별시 순천시 낙안면 삼일로 5,http://place.map.kakao.com/1695155347,127.34366126580352,34.90628438777381,5,false,DISJOINT,,
순천,선암사,0,선암사,"문화,예술 > 종교 > 불교 > 절,사찰",,전남광주통합특별시 순천시 승주읍 선암사길 450,http://place.map.kakao.com/7947688,127.33111270213585,34.99654790789232,8,true,EXACT,,
순천,선암사,1,선암사 제2주차장,"교통,수송 > 교통시설 > 주차장",PK6,전남광주통합특별시 순천시 승주읍 죽학리 755-3,http://place.map.kakao.com/26311124,127.342246817512,34.9925004861239,8,true,CANDIDATE_LONGER,,제2주차장
순천,선암사,2,선암사 승선교,"교통,수송 > 도로시설 > 교량,다리",,전남광주통합특별시 순천시 승주읍 죽학리 산 48-1,http://place.map.kakao.com/12706064,127.33344585750342,34.99384639902851,8,true,CANDIDATE_LONGER,,승선교
순천,선암사,3,선암사공원관리사무소 주차장,"교통,수송 > 교통시설 > 주차장",PK6,전남광주통합특별시 순천시 승주읍 선암사길 450,http://place.map.kakao.com/26438809,127.331259368298,34.9970630964695,8,true,CANDIDATE_LONGER,,공원관리사무소주차장
순천,선암사,4,조계산 송광사선암사 일원,"여행 > 관광,명소 > 문화유적 > 유적지",,전남광주통합특별시 순천시 승주읍 선암사길 450,http://place.map.kakao.com/12760595,127.32945938286629,34.99672366793397,8,true,CANDIDATE_LONGER,조계산송광사,일원
순천,선암사전통찻집,-1,,,,,,,,,,,,
순천,순천드라마촬영장,0,순천드라마촬영장,"여행 > 관광,명소 > 촬영지",,전남광주통합특별시 순천시 비례골길 24,http://place.map.kakao.com/27195962,127.5380337865647,34.957084203504884,8,true,EXACT,,
순천,순천드라마촬영장,1,순천시드라마촬영장 주차장1,"교통,수송 > 교통시설 > 주차장",PK6,전남광주통합특별시 순천시 비례골길 24,http://place.map.kakao.com/27412279,127.538144926403,34.9586773438774,3,false,DISJOINT,,
순천,순천드라마촬영장,2,순천시드라마촬영장 매표소,"서비스,산업 > 관리,운영 > 매표소",,전남광주통합특별시 순천시 비례골길 24,http://place.map.kakao.com/19604531,127.53758219391926,34.95750804711445,3,false,DISJOINT,,
순천,순천드라마촬영장,3,순천드라마촬영장 여행자쉼터,여행 > 관광지부속시설,,전남광주통합특별시 순천시 비례골길 24,http://place.map.kakao.com/1837424463,127.537582853439,34.956770718593,8,true,CANDIDATE_LONGER,,여행자쉼터
순천,순천드라마촬영장,4,순천시드라마촬영장 주차장2,"교통,수송 > 교통시설 > 주차장",PK6,전남광주통합특별시 순천시 비례골길 24,http://place.map.kakao.com/27412281,127.538549146014,34.9588774603852,3,false,DISJOINT,,
순천,순천문화의거리,0,순천문화의거리,"여행 > 관광,명소 > 테마거리",AT4,전남광주통합특별시 순천시 행동 65-58,http://place.map.kakao.com/18905860,127.482416140561,34.9549309904526,10,true,EXACT,,
순천,순천문화의거리,1,파스쿠찌 순천문화의거리점,음식점 > 카페 > 커피전문점 > 파스쿠찌,CE7,전남광주통합특별시 순천시 중앙로 94-2,http://place.map.kakao.com/837124564,127.484144992651,34.9540227325554,10,true,CANDIDATE_LONGER,파스쿠찌,점
순천,순천문화의거리,2,주복,음식점 > 한식,FD6,전남광주통합특별시 순천시 금곡길 106,http://place.map.kakao.com/859191620,127.47967455683298,34.95490399036628,5,false,DISJOINT,,
순천,순천아랫장,0,아랫장,"가정,생활 > 시장",,전남광주통합특별시 순천시 장평로 60,http://place.map.kakao.com/18526165,127.494648726561,34.9456660890017,8,true,AI_LONGER,,
순천,순천아랫장,1,순천원예농협 아랫장지점,"금융,보험 > 금융서비스 > 은행 > 농축협",,전남광주통합특별시 순천시 장평로 55,http://place.map.kakao.com/18708467,127.49395701246715,34.94477563603264,3,false,DISJOINT,,
순천,순천아랫장,2,아랫장석쇠불고기집,"음식점 > 한식 > 육류,고기 > 불고기,두루치기",FD6,전남광주통합특별시 순천시 장평로 60,http://place.map.kakao.com/298769676,127.49609492889776,34.94513919396352,5,false,DISJOINT,,
순천,순천아랫장,3,아랫장소문난짜장,음식점 > 중식 > 중국요리,FD6,전남광주통합특별시 순천시 장평로 60,http://place.map.kakao.com/1520984914,127.49479531461702,34.945649267129106,5,false,DISJOINT,,
순천,순천아랫장,4,아랫장진미감자탕참숯불갈비,음식점 > 한식 > 감자탕,FD6,전남광주통합특별시 순천시 장평로 27,http://place.map.kakao.com/25101327,127.493625504554,34.9422486119618,5,false,DISJOINT,,
순천,순천아랫장국밥거리,0,웃장 국밥골목,"여행 > 관광,명소 > 테마거리 > 먹자골목",AT4,전남광주통합특별시 순천시 북문길 40,http://place.map.kakao.com/306291609,127.485206747039,34.9588174363502,5,false,DISJOINT,,
순천,카페 꼼마,-1,,,,,,,,,,,,
순천,순천 아랫장 야시장,-1,,,,,,,,,,,,
순천,펍 앤 펍스,-1,,,,,,,,,,,,
순천,낙안읍성전통식당,-1,,,,,,,,,,,,
순천,순천만갈대밭한정식,-1,,,,,,,,,,,,
순천,카페 101,-1,,,,,,,,,,,,
순천,순천향교,0,순천향교,"여행 > 관광,명소 > 문화유적 > 향교,서당",,전남광주통합특별시 순천시 향교길 60,http://place.map.kakao.com/9843529,127.479075747948,34.9543493012628,8,true,EXACT,,
순천,순천향교,1,낙안향교,"여행 > 관광,명소 > 문화유적 > 향교,서당",,전남광주통합특별시 순천시 낙안면 교촌길 59,http://place.map.kakao.com/12692319,127.34565600419,34.900812689453,3,false,DISJOINT,,
순천,순천만꼬막정식,0,순천만꼬막정식,"음식점 > 한식 > 해물,생선",FD6,전남광주통합특별시 순천시 순천만길 21,http://place.map.kakao.com/27551813,127.493061483447,34.9255573131929,10,true,EXACT,,
순천,순천만꼬막정식,1,순천만전라도밥상,음식점 > 한식 > 한정식,FD6,전남광주통합특별시 순천시 순천만길 496-1,http://place.map.kakao.com/1205790268,127.507863540351,34.8873389148447,5,false,DISJOINT,,
순천,순천만꼬막정식,2,순천만갈대밭식당,"음식점 > 한식 > 해물,생선",FD6,전남광주통합특별시 순천시 순천만길 656,http://place.map.kakao.com/11660014,127.508662826452,34.8878115058423,5,false,DISJOINT,,
순천,순천만꼬막정식,3,순천만가든,음식점 > 한식,FD6,전남광주통합특별시 순천시 순천만길 576,http://place.map.kakao.com/8449415,127.50953529713414,34.89251760110131,5,false,DISJOINT,,
순천,순천만꼬막정식,4,도원경,음식점 > 한식 > 한정식,FD6,전남광주통합특별시 순천시 순천만길 309,http://place.map.kakao.com/12078470,127.50429196610077,34.902567391557355,5,false,DISJOINT,,
순천,브루웍스,0,브루웍스,음식점 > 카페 > 커피전문점,CE7,전남광주통합특별시 순천시 역전길 61,http://place.map.kakao.com/1899980947,127.49838494070401,34.94729763840284,10,true,EXACT,,
순천,브루웍스,1,브루웍스 주차장,"교통,수송 > 교통시설 > 주차장",PK6,전남광주통합특별시 순천시 조곡동 151-31,http://place.map.kakao.com/512502788,127.49850890247,34.9473403959649,8,true,CANDIDATE_LONGER,,주차장
순천,브루웍스,2,브루웍스협동조합,"문화,예술 > 공연,연극 > 공연기획",,전남광주통합특별시 순천시 역전길 57,http://place.map.kakao.com/1139470406,127.4987445719,34.9473908072213,8,true,CANDIDATE_LONGER,,협동조합
영주,소수서원,0,소수서원,"여행 > 관광,명소 > 문화유적 > 서원",,경북 영주시 순흥면 소백로 2740,http://place.map.kakao.com/9479775,128.580202883743,36.9256206705394,8,true,EXACT,,
영주,소수서원,1,소수서원 주차장,"교통,수송 > 교통시설 > 주차장",PK6,경북 영주시 순흥면 소백로 2740,http://place.map.kakao.com/17583504,128.578612181843,36.9242362695409,8,true,CANDIDATE_LONGER,,주차장
영주,소수서원,2,소수서원시립박물관,"문화,예술 > 문화시설 > 박물관",CT1,경북 영주시 순흥면 소백로 2740,http://place.map.kakao.com/19408863,128.580188974349,36.9255992316798,8,true,CANDIDATE_LONGER,,시립박물관
영주,소수서원,3,소수서원 매표소,"서비스,산업 > 관리,운영 > 매표소",,경북 영주시 순흥면 소백로 2740,http://place.map.kakao.com/18119070,128.579212604727,36.9244012784042,8,true,CANDIDATE_LONGER,,매표소
영주,소수서원,4,소수박물관,"문화,예술 > 문화시설 > 박물관",CT1,경북 영주시 순흥면 소백로 2780,http://place.map.kakao.com/11407632,128.582427259849,36.9259514505642,3,false,DISJOINT,,
영주,선비촌,0,선비촌,"교육,학문 > 교육단체 > 체험학습장",,경북 영주시 순흥면 소백로 2796,http://place.map.kakao.com/15456128,128.58267875884908,36.927531150886296,8,true,EXACT,,
영주,선비촌,1,선비촌종가집,음식점 > 한식,FD6,경북 영주시 순흥면 소백로 2796,http://place.map.kakao.com/10490979,128.58162463644874,36.92724426181399,10,true,CANDIDATE_LONGER,,종가집
영주,선비촌,2,선비촌,"부동산 > 주거시설 > 빌라,주택",,경북 영주시 영주로86번길 26-4,http://place.map.kakao.com/334390486,128.61105825662182,36.82197660631717,8,true,EXACT,,
영주,선비촌,3,선비촌요양원,"의료,건강 > 요양,간병 > 요양원",,경북 영주시 순흥면 회헌로884번길 27-40,http://place.map.kakao.com/1689806383,128.583598637576,36.9025531181788,8,true,CANDIDATE_LONGER,,요양원
영주,선비촌,4,선비촌순흥청국장,음식점 > 한식,FD6,경북 영주시 순흥면 소백로 2661,http://place.map.kakao.com/1567444207,128.57482454789246,36.91779125635626,10,true,CANDIDATE_LONGER,,순흥청국장
영주,정도너츠 본점,0,정도너츠 본점,음식점 > 간식 > 도넛,FD6,경북 영주시 풍기읍 동성로 94,http://place.map.kakao.com/8057712,128.52607796764966,36.87158149782816,10,true,EXACT,,
영주,카페 소수,0,소수,음식점 > 카페 > 테마카페 > 디저트카페,CE7,경북 영주시 대학로201번길 19,http://place.map.kakao.com/2011002342,128.60399794509118,36.81296557280047,10,true,AI_LONGER,,
영주,서천둔치,0,서천둔치,여행 > 공원 > 도시근린공원,,경북 영주시 가흥동 1381-1,http://place.map.kakao.com/17504796,128.614728414525,36.8223412751417,8,true,EXACT,,
영주,영주 랜떡,0,영주랜떡,음식점 > 분식 > 떡볶이,FD6,경북 영주시 중앙로83번길 26-2,http://place.map.kakao.com/2015360199,128.623692038873,36.8237256673362,5,true,EXACT,,
영주,영주 랜떡,1,랜떡,"가정,생활 > 식품판매",,경북 영주시 중앙로83번길 33,http://place.map.kakao.com/557493276,128.62329661333362,36.82384099042186,8,true,AI_LONGER,,
영주,부석사,0,부석사,"문화,예술 > 종교 > 불교 > 절,사찰",,경북 영주시 부석면 부석사로 345,http://place.map.kakao.com/7909668,128.68710185255878,36.99847278888451,8,true,EXACT,,
영주,부석사,1,부석사 무량수전,"여행 > 관광,명소 > 문화유적 > 유적지",,경북 영주시 부석면 부석사로 345,http://place.map.kakao.com/7913481,128.687503564885,36.9989617116515,8,true,CANDIDATE_LONGER,,무량수전
영주,부석사,2,부석사 소형주차장,"교통,수송 > 교통시설 > 주차장",PK6,경북 영주시 부석면 북지리 384-2,http://place.map.kakao.com/24637080,128.6769079951215,36.995046712916135,8,true,CANDIDATE_LONGER,,소형주차장
영주,부석사,3,부석사 후문 주차장,"교통,수송 > 교통시설 > 주차장",PK6,경북 영주시 부석면 북지리 162,http://place.map.kakao.com/93523386,128.688107332732,36.9974629134213,8,true,CANDIDATE_LONGER,,후문주차장
영주,부석사,4,부석사 대형주차장,"교통,수송 > 교통시설 > 주차장",PK6,경북 영주시 부석면 북지리 387-1,http://place.map.kakao.com/837975663,128.676709344273,36.9941845830586,8,true,CANDIDATE_LONGER,,대형주차장
영주,부석사식당,0,부석사식당,음식점 > 한식,FD6,경북 영주시 부석면 부석사로 317,http://place.map.kakao.com/16430745,128.681696430694,36.9952023939712,10,true,EXACT,,
영주,부석사식당,1,종점식당,음식점 > 한식,FD6,경북 영주시 부석면 부석사로 319,http://place.map.kakao.com/15283616,128.681981383719,36.9952884530259,5,false,DISJOINT,,
영주,부석사식당,2,부석사가는길에카페,음식점 > 카페,CE7,경북 영주시 부석면 봉황산로 103,http://place.map.kakao.com/106854695,128.67865909073976,36.99218388225455,5,false,DISJOINT,,
영주,무섬마을,0,무섬마을,"여행 > 체험여행 > 정보화,체험마을",,경북 영주시 문수면 무섬로234번길 31-12,http://place.map.kakao.com/25236073,128.621571371272,36.7318548849167,8,true,EXACT,,
영주,무섬마을,1,무섬마을관광안내소,"여행 > 관광,명소 > 관광안내소",,경북 영주시 문수면 수도리 268,http://place.map.kakao.com/12362501,128.62110663744437,36.732964065202914,8,true,CANDIDATE_LONGER,,관광안내소
영주,무섬마을,2,무섬마을 임시주차장,"교통,수송 > 교통시설 > 주차장",PK6,경북 영주시 문수면 탄산리 608-1,http://place.map.kakao.com/359978737,128.616319406384,36.7329886453473,8,true,CANDIDATE_LONGER,,임시주차장
영주,무섬마을,3,무섬마을 마당넓은집,여행 > 숙박 > 펜션,AD5,경북 영주시 문수면 무섬로234번길 23,http://place.map.kakao.com/14818787,128.621527921255,36.730853543294,8,true,CANDIDATE_LONGER,,마당넓은집
영주,무섬마을,4,무섬외나무다리축제,이슈 > 이벤트 > 페스티벌,,경북 영주시 문수면 수도리 290-1,http://place.map.kakao.com/715523955,128.6199538522354,36.7304172653679,3,false,DISJOINT,,
영주,영주365시장,0,영주365시장,"교통,수송 > 교통시설 > 주차장 > 공영주차장",PK6,경북 영주시 영주로 204,http://place.map.kakao.com/1721077295,128.622145849876,36.8257100690879,8,true,EXACT,,
영주,영주365시장,1,영주365시장 고객쉼터,"가정,생활 > 시장",,경북 영주시 영주로216번길 20,http://place.map.kakao.com/720600416,128.623103514217,36.8249924102006,8,true,CANDIDATE_LONGER,,고객쉼터
영주,영주365시장,2,영주시청 (영주365시장 공영주차장) 전기차충전소,"교통,수송 > 자동차 > 전기차 충전소",,경북 영주시 영주로 204,http://place.map.kakao.com/1139165193,128.62258644888252,36.825663510618874,8,true,CANDIDATE_LONGER,영주시청,공영주차장전기차충전소
영주,콩이랑,0,콩세계과학관,"문화,예술 > 문화시설 > 과학관",CT1,경북 영주시 부석면 영부로 23,http://place.map.kakao.com/26575709,128.66287828043164,36.99446028307956,3,false,DISJOINT,,
영주,콩이랑,1,부석태콩,"서비스,산업 > 식품 > 식품가공,제조 > 전통식품제조",,경북 영주시 부석면 의상로 1595,http://place.map.kakao.com/21527947,128.65653275655737,36.9623317638014,3,false,DISJOINT,,
영주,콩이랑,2,콩세계과학관 전기차충전소,"교통,수송 > 자동차 > 전기차 충전소",,경북 영주시 부석면 영부로 23,http://place.map.kakao.com/1654406899,128.662976595068,36.9945390924065,3,false,DISJOINT,,
영주,콩이랑,3,콩세계과학관(영주) 전기차충전소,"교통,수송 > 자동차 > 전기차 충전소",,경북 영주시 부석면 영부로 23,http://place.map.kakao.com/1154932158,128.662987288878,36.9943596480131,3,false,DISJOINT,,
영주,영주호 오토캠핑장,0,영주호 오토캠핑장,"여행 > 숙박 > 야영,캠핑장 > 오토캠핑장",AD5,경북 영주시 평은면 강동로 26,http://place.map.kakao.com/379988990,128.66000542147995,36.71732762019703,8,true,EXACT,,
영주,영주호 오토캠핑장,1,영주호오토캠핑장 전기차충전소,"교통,수송 > 자동차 > 전기차 충전소",,경북 영주시 시청로1번길 19,http://place.map.kakao.com/1672879382,128.6217549145522,36.806283369817756,3,true,CANDIDATE_LONGER,,전기차충전소
영주,영주호 출렁다리,-1,,,,,,,,,,,,
영주,일월식당,0,일월식당,음식점 > 중식 > 중국요리,FD6,경북 영주시 부석면 부석로 25-1,http://place.map.kakao.com/9407415,128.65255330555206,36.97726965420002,10,true,EXACT,,
영주,일월식당,1,일월육일 영주가흥점,음식점 > 술집 > 일본식주점,FD6,경북 영주시 대동로31번길 27,http://place.map.kakao.com/1349486379,128.6059652322,36.8176630094692,5,false,DISJOINT,,
영주,일월식당,2,일월,음식점 > 한식,FD6,경북 영주시 대학로78번길 1,http://place.map.kakao.com/1182538649,128.61607029522534,36.807969974685044,10,true,AI_LONGER,,
영주,일월식당,3,일월떡방앗간,"음식점 > 간식 > 떡,한과",FD6,경북 영주시 구성로 306,http://place.map.kakao.com/10738843,128.62682243465514,36.82029328384228,5,false,DISJOINT,,
영주,카페 그루,-1,,,,,,,,,,,,
영주,영주한우프라자,0,영주축협한우프라자 본점,"음식점 > 한식 > 육류,고기",FD6,경북 영주시 한정로 10,http://place.map.kakao.com/786617789,128.608410107064,36.8051131261031,5,false,DISJOINT,,
영주,영주한우프라자,1,영주축협한우프라자 풍기점,"음식점 > 한식 > 육류,고기",FD6,경북 영주시 풍기읍 안풍로308번길 7,http://place.map.kakao.com/1878123407,128.542712360728,36.8721902160201,5,false,DISJOINT,,
영주,풍기인삼갈비,0,풍기인삼갈비,"음식점 > 한식 > 육류,고기 > 갈비",FD6,경북 영주시 풍기읍 소백로 1933,http://place.map.kakao.com/8119314,128.536015997849,36.8697757636918,10,true,EXACT,,
영주,무섬식당,0,무섬식당,음식점 > 한식,FD6,경북 영주시 문수면 무섬로 238-3,http://place.map.kakao.com/471703179,128.6212638792123,36.73298895340081,10,true,EXACT,,
영주,국립산림치유원,0,국립산림치유원,"여행 > 관광,명소 > 자연휴양림",AT4,경북 영주시 봉현면 테라피로 209,http://place.map.kakao.com/26572603,128.4725711798958,36.85780070425073,10,true,EXACT,,
영주,국립산림치유원,1,국립산림치유원 행정동,"여행 > 관광,명소 > 자연휴양림",AT4,경북 영주시 봉현면 테라피로 209-3,http://place.map.kakao.com/964319699,128.47520750835,36.8603800631288,10,true,CANDIDATE_LONGER,,행정동
영주,국립산림치유원,2,국립산림치유원 데크로드 주차장,"교통,수송 > 교통시설 > 주차장",PK6,경북 영주시 봉현면 두산리 1373,http://place.map.kakao.com/1397688649,128.47074149296682,36.85114139406953,8,true,CANDIDATE_LONGER,,데크로드주차장
영주,국립산림치유원,3,국립산림치유원 방문자안내센터,"여행 > 관광,명소 > 관광안내소",,경북 영주시 봉현면 테라피로 209,http://place.map.kakao.com/532834298,128.472573145303,36.8577862635635,8,true,CANDIDATE_LONGER,,방문자안내센터
영주,국립산림치유원,4,국립산림치유원 주치마을,여행 > 관광지부속시설,,경북 영주시 봉현면 테라피로 209,http://place.map.kakao.com/375384084,128.470851045615,36.859549261096,8,true,CANDIDATE_LONGER,,주치마을
영주,희방사,0,희방사,"문화,예술 > 종교 > 불교 > 절,사찰",,경북 영주시 풍기읍 죽령로1720번길 278,http://place.map.kakao.com/8174684,128.45705707846585,36.91998100388957,8,true,EXACT,,
영주,희방사,1,희방사역 (폐역),"교통,수송 > 기차,철도 > 기차역 > 폐역",,경북 영주시 풍기읍 죽령로1513번길 41-9,http://place.map.kakao.com/11387438,128.465013212578,36.8945168939736,8,true,CANDIDATE_LONGER,,역폐역
영주,희방사,2,희방사명상센터,"스포츠,레저 > 명상",,경북 영주시 부석면 영부로 33-24,http://place.map.kakao.com/334707872,128.662166811659,36.9960902079586,8,true,CANDIDATE_LONGER,,명상센터
영주,희방사,3,희방사 삼성각,"문화,예술 > 종교 > 불교 > 절,사찰",,경북 영주시 풍기읍 죽령로1720번길 278,http://place.map.kakao.com/880552387,128.45671958937,36.9199959559106,8,true,CANDIDATE_LONGER,,삼성각
영주,희방사,4,희방사 체험관,"문화,예술 > 종교 > 불교 > 템플스테이",,경북 영주시 부석면 영부로 33-24,http://place.map.kakao.com/984691633,128.662181983447,36.9960647680838,8,true,CANDIDATE_LONGER,,체험관
영주,희방폭포,0,희방폭포,"여행 > 관광,명소 > 폭포",,경북 영주시 풍기읍 수철리,http://place.map.kakao.com/8176818,128.45809367955,36.9178445952149,8,true,EXACT,,
영주,순흥묵집,0,순흥전통묵집,음식점 > 한식,FD6,경북 영주시 순흥면 순흥로39번길 21,http://place.map.kakao.com/21515429,128.5750727439757,36.91343703829087,5,false,DISJOINT,,
영주,순흥묵집,1,순흥선비묵집,음식점 > 한식,FD6,경북 영주시 순흥면 회헌로1010번길 9-5,http://place.map.kakao.com/1495210428,128.579058384314,36.9099585158225,5,false,DISJOINT,,
영주,순흥묵집,2,순흥전통묵집 주차장,"교통,수송 > 교통시설 > 주차장",PK6,경북 영주시 순흥면 순흥로39번길 21,http://place.map.kakao.com/627299062,128.575108528888,36.9134311577293,3,false,DISJOINT,,
영주,순흥묵집,3,순흥선비묵집 전용무료주차장,"교통,수송 > 교통시설 > 주차장",PK6,경북 영주시 순흥면 회헌로1010번길 9-5,http://place.map.kakao.com/1187901811,128.579227961006,36.9095850493106,3,false,DISJOINT,,
영주,영주 근대골목,-1,,,,,,,,,,,,
영주,랜떡,0,랜떡,"가정,생활 > 식품판매",,경북 영주시 중앙로83번길 33,http://place.map.kakao.com/557493276,128.62329661333362,36.82384099042186,8,true,EXACT,,
영주,랜떡,1,영주랜떡,음식점 > 분식 > 떡볶이,FD6,경북 영주시 중앙로83번길 26-2,http://place.map.kakao.com/2015360199,128.623692038873,36.8237256673362,10,true,CANDIDATE_LONGER,영주,
영주,영주호반둘레길,-1,,,,,,,,,,,,
영주,카페 그날,-1,,,,,,,,,,,,
영주,풍기인삼시장,0,풍기인삼시장,"가정,생활 > 시장",,경북 영주시 풍기읍 인삼로 8,http://place.map.kakao.com/17097677,128.52360977088,36.8729989280619,8,true,EXACT,,
영주,풍기인삼시장,1,풍기토종인삼시장,"가정,생활 > 시장",,경북 영주시 풍기읍 인삼로 40,http://place.map.kakao.com/18525621,128.52274888618,36.8705339828608,3,false,DISJOINT,,
영주,풍기인삼시장,2,풍기선비골인삼시장,"의료,건강 > 건강식품판매 > 인삼,홍삼",,경북 영주시 풍기읍 소백로 2156,http://place.map.kakao.com/8639977,128.54030696530677,36.88704842247474,3,false,DISJOINT,,
영주,풍기인삼시장,3,풍기인삼시장 한보인삼사,"의료,건강 > 건강식품판매 > 인삼,홍삼",,경북 영주시 풍기읍 인삼로 8,http://place.map.kakao.com/16236723,128.52360977088,36.8729989280619,8,true,CANDIDATE_LONGER,,한보인삼사
영주,풍기인삼시장,4,황금인삼 2호점,"의료,건강 > 건강식품판매 > 인삼,홍삼",,경북 영주시 풍기읍 기주로 10,http://place.map.kakao.com/879209470,128.5342720207296,36.86802961014637,3,false,DISJOINT,,
영주,풍기인삼뚝배기,0,풍기인삼갈비,"음식점 > 한식 > 육류,고기 > 갈비",FD6,경북 영주시 풍기읍 소백로 1933,http://place.map.kakao.com/8119314,128.536015997849,36.8697757636918,5,false,DISJOINT,,
영주,카페 그랜드,-1,,,,,,,,,,,,
영주,고려정,-1,,,,,,,,,,,,
영주,영주 레일바이크,-1,,,,,,,,,,,,
영주,나드리,0,나드리,음식점 > 분식,FD6,경북 영주시 중앙로 89,http://place.map.kakao.com/8241870,128.62484665091358,36.823366607937686,10,true,EXACT,,
영주,나드리,1,나드리2,음식점 > 분식,FD6,경북 영주시 풍기읍 풍기로 73-1,http://place.map.kakao.com/9533843,128.52606966761516,36.8712770625118,10,true,CANDIDATE_LONGER,,2
영주,나드리,2,나드리푸드,"서비스,산업 > 식품 > 식품가공,제조",,경북 영주시 대동로 89-3,http://place.map.kakao.com/2011289739,128.61218437975174,36.81496951323388,8,true,CANDIDATE_LONGER,,푸드
영주,나드리,3,나드리김밥 풍기점,음식점 > 분식 > 나드리김밥,FD6,경북 영주시 풍기읍 동성로 92,http://place.map.kakao.com/15398082,128.526463201988,36.871441397817,10,true,CANDIDATE_LONGER,,김밥풍기점
영주,나드리,4,다앤카페나드리,음식점 > 카페,CE7,경북 영주시 풍기읍 남원로70번길 7,http://place.map.kakao.com/1458480253,128.526727304313,36.8671311680431,10,true,CANDIDATE_LONGER,다앤카페,
영주,후생시장,0,후생시장,"가정,생활 > 시장",,경북 영주시 영주동 335-1,http://place.map.kakao.com/18525308,128.6228389825415,36.82652953432193,8,true,EXACT,,
영주,카페 148 아트스페이스,-1,,,,,,,,,,,,
공주,공산성,0,공산성,"여행 > 관광,명소 > 문화유적 > 산성,성곽",,충남 공주시 웅진로 280,http://place.map.kakao.com/11377223,127.126296598501,36.4632408446971,8,true,EXACT,,
공주,공산성,1,공산성 주차장,"교통,수송 > 교통시설 > 주차장",PK6,충남 공주시 금성동 17-1,http://place.map.kakao.com/1615023946,127.12407039654778,36.46224469066532,8,true,CANDIDATE_LONGER,,주차장
공주,공산성,2,공주 공산성 연지,"여행 > 관광,명소 > 연못",,충남 공주시 금성동 58,http://place.map.kakao.com/12651430,127.128511195005,36.4639305740231,8,true,CANDIDATE_LONGER,공주,연지
공주,공산성,3,공산성 본가,"음식점 > 한식 > 육류,고기 > 갈비",FD6,충남 공주시 왕릉로 136,http://place.map.kakao.com/10442510,127.12220540872677,36.4638975458745,10,true,CANDIDATE_LONGER,,본가
공주,공산성,4,공산성 방문자센터,"여행 > 관광,명소 > 관광안내소",,충남 공주시 웅진로 280,http://place.map.kakao.com/768367396,127.123507871459,36.4649055078301,8,true,CANDIDATE_LONGER,,방문자센터
공주,고마나루돌쌈밥,0,고마나루1999,음식점 > 한식,FD6,충남 공주시 백미고을길 5-8,http://place.map.kakao.com/8684887,127.12270793712241,36.46490993756712,5,false,DISJOINT,,
공주,제민천,0,제민천,"여행 > 관광,명소 > 하천",,충남 공주시 반죽동,http://place.map.kakao.com/25729707,127.123280795273,36.4525489829247,8,true,EXACT,,
공주,제민천,1,제민천,"여행 > 관광,명소 > 하천",,충남 공주시 교동,http://place.map.kakao.com/25729704,127.121851332215,36.4600697656088,8,true,EXACT,,
공주,제민천,2,제민천,"여행 > 관광,명소 > 하천",,충남 공주시 금성동,http://place.map.kakao.com/25729705,127.120688465841,36.464129787215,8,true,EXACT,,
공주,제민천,3,제민천,"여행 > 관광,명소 > 하천",,충남 공주시 중학동,http://place.map.kakao.com/25729708,127.120591645372,36.4448305442375,8,true,EXACT,,
공주,제민천,4,제민천,"여행 > 관광,명소 > 하천",,충남 공주시 금학동,http://place.map.kakao.com/25729706,127.123472946234,36.4358339551882,8,true,EXACT,,
공주,루치아의뜰,0,루치아의 뜰,음식점 > 카페 > 전통찻집,CE7,충남 공주시 웅진로 145-8,http://place.map.kakao.com/21626744,127.12378364488573,36.45380108151801,5,true,EXACT,,
공주,밤마을,0,베이커리 밤마을,"음식점 > 간식 > 제과,베이커리",FD6,충남 공주시 백미고을길 5-9,http://place.map.kakao.com/904041132,127.12300557505748,36.46475282882715,10,true,CANDIDATE_LONGER,베이커리,
공주,밤마을,1,농업회사법인 밤마을,"서비스,산업 > 식품 > 식품가공,제조",,충남 공주시 큰말1길 88,http://place.map.kakao.com/26800211,127.16806092927568,36.49209677137338,8,true,CANDIDATE_LONGER,농업회사법인,
공주,무령왕릉과 왕릉원,0,공주 무령왕릉과 왕릉원,"여행 > 관광,명소 > 문화유적 > 릉,묘,총",,충남 공주시 금성동 산 5-19,http://place.map.kakao.com/2056894818,127.11438780551102,36.46303837520446,8,true,CANDIDATE_LONGER,공주,
공주,무령왕릉과 왕릉원,1,국립부여문화유산연구소 공주 무령왕릉과 왕릉원 발굴조사단,"교육,학문 > 연구소",,충남 공주시 송산리길 45-2,http://place.map.kakao.com/1129298768,127.11563627638796,36.46232525304976,8,true,CANDIDATE_LONGER,국립부여문화유산연구소공주,발굴조사단
공주,국립공주박물관,0,국립공주박물관,"문화,예술 > 문화시설 > 박물관",CT1,충남 공주시 관광단지길 34,http://place.map.kakao.com/9666851,127.111970382242,36.4655008430605,8,true,EXACT,,
공주,국립공주박물관,1,국립공주박물관 주차장1,"교통,수송 > 교통시설 > 주차장",PK6,충남 공주시 관광단지길 34,http://place.map.kakao.com/17570640,127.112214913571,36.4648625899616,8,true,CANDIDATE_LONGER,,주차장1
공주,국립공주박물관,2,국립공주박물관 주차장,"교통,수송 > 교통시설 > 주차장",PK6,충남 공주시 관광단지길 34,http://place.map.kakao.com/1226219621,127.112180172646,36.4655294832755,8,true,CANDIDATE_LONGER,,주차장
공주,국립공주박물관,3,국립공주대학교 신관캠퍼스 역사박물관,"문화,예술 > 문화시설 > 박물관",CT1,충남 공주시 공주대학로 56,http://place.map.kakao.com/8189999,127.140026518471,36.4698220363822,3,false,DISJOINT,,
공주,국립공주박물관,4,국립공주박물관 특별전시실,"문화,예술 > 문화시설 > 박물관",CT1,충남 공주시 관광단지길 34,http://place.map.kakao.com/1848137266,127.112180172646,36.4655294832755,8,true,CANDIDATE_LONGER,,특별전시실
공주,명성불고기,0,명성불고기,"음식점 > 한식 > 육류,고기 > 불고기,두루치기",FD6,충남 공주시 웅진로 200,http://place.map.kakao.com/16685332,127.125065675344,36.4581559734922,10,true,EXACT,,
공주,명성불고기,1,명성불고기집,"음식점 > 한식 > 육류,고기 > 불고기,두루치기",FD6,충남 공주시 유구읍 중앙1길 107,http://place.map.kakao.com/21250009,126.950960889888,36.5542711794893,10,true,CANDIDATE_LONGER,,집
공주,공주 한옥마을,0,공주한옥마을,"여행 > 관광,명소",,충남 공주시 관광단지길 12,http://place.map.kakao.com/21490830,127.1087614836584,36.464571106566154,3,true,EXACT,,
공주,공주 한옥마을,1,공주한옥마을 주차장,"교통,수송 > 교통시설 > 주차장",PK6,충남 공주시 관광단지길 12,http://place.map.kakao.com/25118909,127.10786059343506,36.46498555799977,3,true,CANDIDATE_LONGER,,주차장
공주,공주 한옥마을,2,공주한옥마을 오토캠핑장,"여행 > 숙박 > 야영,캠핑장 > 오토캠핑장",AD5,충남 공주시 관광단지길 12,http://place.map.kakao.com/24373384,127.1080647700472,36.464990780285596,3,true,CANDIDATE_LONGER,,오토캠핑장
공주,공주 한옥마을,3,공주한옥마을 단체숙박동,여행 > 숙박 > 한옥숙소,AD5,충남 공주시 관광단지길 12,http://place.map.kakao.com/139337689,127.10892583419876,36.46402124712628,3,true,CANDIDATE_LONGER,,단체숙박동
공주,공주 한옥마을,4,공주한옥마을 개별숙박동,여행 > 관광지부속시설,,충남 공주시 관광단지길 12,http://place.map.kakao.com/901179232,127.109343851896,36.4645615628231,3,true,CANDIDATE_LONGER,,개별숙박동
공주,한옥카페 고담,-1,,,,,,,,,,,,
공주,공주칼국수,0,공주쌍신집칼국수,음식점 > 한식 > 국수 > 칼국수,FD6,충남 공주시 쌍신길 109-2,http://place.map.kakao.com/1220032774,127.11995318720436,36.48147338775794,5,false,DISJOINT,,
공주,공주칼국수,1,공주시민해물손칼국수,음식점 > 한식 > 국수 > 칼국수,FD6,충남 공주시 백제문화로 2124,http://place.map.kakao.com/1252578190,127.107529000206,36.455118112832,5,false,DISJOINT,,
공주,공주칼국수,2,공주칼국수 쭈꾸미구이 고운점,음식점 > 한식 > 국수 > 칼국수,FD6,세종특별자치시 만남로 19,http://place.map.kakao.com/1681510668,127.235911691496,36.5014927163253,7,true,CANDIDATE_LONGER,,쭈꾸미구이고운점
공주,공주칼국수,3,공주칼국수쭈꾸미구이 세종본점,음식점 > 한식 > 국수 > 칼국수,FD6,세종특별자치시 보듬7로 76,http://place.map.kakao.com/632431750,127.25081903611759,36.519634080931375,7,true,CANDIDATE_LONGER,,쭈꾸미구이세종본점
공주,공주칼국수,4,공주칼국수 노은점,음식점 > 한식 > 국수 > 칼국수,FD6,대전 유성구 노은서로 179,http://place.map.kakao.com/645825278,127.31492584633482,36.37577101903483,7,true,CANDIDATE_LONGER,,노은점
공주,계룡산 동학사,0,대한불교조계종 동학사,"문화,예술 > 종교 > 불교 > 절,사찰",,충남 공주시 반포면 동학사1로 462,http://place.map.kakao.com/11096991,127.220116137602,36.353288093436,3,false,DISJOINT,,
공주,계룡산 동학사,1,계룡산국립공원 동학사주차장,"교통,수송 > 교통시설 > 주차장 > 공영주차장",PK6,충남 공주시 반포면 학봉리 728-6,http://place.map.kakao.com/847852991,127.23870660103525,36.3586910099896,3,false,DISJOINT,,
공주,계룡산 동학사,2,계룡산동학사 자동차야영장,"여행 > 숙박 > 야영,캠핑장 > 오토캠핑장",AD5,충남 공주시 반포면 동학사2로 115-16,http://place.map.kakao.com/438318648,127.24164152882835,36.357685705005906,3,true,CANDIDATE_LONGER,,자동차야영장
공주,계룡산 동학사,3,계룡산동학사펜션,여행 > 숙박 > 펜션,AD5,충남 공주시 반포면 동학사1로 228-5,http://place.map.kakao.com/15924890,127.24318613772544,36.360323020511515,3,true,CANDIDATE_LONGER,,펜션
공주,계룡산 동학사,4,계룡산동학사오토캠핑장,"여행 > 숙박 > 야영,캠핑장",AD5,충남 공주시 반포면 동학사2로 115-16,http://place.map.kakao.com/25046678,127.24159149849656,36.35772005091378,3,true,CANDIDATE_LONGER,,오토캠핑장
공주,동학사원조파전,-1,,,,,,,,,,,,
공주,미르섬,0,미르섬,"여행 > 관광,명소 > 섬 > 섬(내륙)",AT4,충남 공주시 금벽로 368,http://place.map.kakao.com/26985243,127.128418890171,36.4674920688043,10,true,EXACT,,
공주,공주산성시장,0,공주산성시장,"가정,생활 > 시장",,충남 공주시 산성동 195,http://place.map.kakao.com/18514563,127.12370210568287,36.45865123227841,8,true,EXACT,,
공주,공주산성시장,1,공주산성시장 문화공원,여행 > 공원,,충남 공주시 산성동 181-82,http://place.map.kakao.com/25739012,127.122980178781,36.4571488366752,8,true,CANDIDATE_LONGER,,문화공원
공주,공주산성시장,2,공주산성시장 상인회,"사회,공공기관 > 단체,협회",,충남 공주시 용당길 20,http://place.map.kakao.com/9684285,127.122676025528,36.45881720427417,8,true,CANDIDATE_LONGER,,상인회
공주,공주산성시장,3,공주산성시장 계란집,"가정,생활 > 식품판매",,충남 공주시 용당길 4-1,http://place.map.kakao.com/1209696698,127.12447310866142,36.45873333781709,8,true,CANDIDATE_LONGER,,계란집
공주,공주산성시장,4,공주알밤한우 산성시장점,"가정,생활 > 식품판매 > 정육점",,충남 공주시 산성시장1길 112,http://place.map.kakao.com/769071798,127.123267988369,36.4585543557162,3,false,DISJOINT,,
공주,공주 산성시장,0,공주산성시장,"가정,생활 > 시장",,충남 공주시 산성동 195,http://place.map.kakao.com/18514563,127.12370210568287,36.45865123227841,3,true,EXACT,,
공주,공주 산성시장,1,공주산성시장 문화공원,여행 > 공원,,충남 공주시 산성동 181-82,http://place.map.kakao.com/25739012,127.122980178781,36.4571488366752,3,true,CANDIDATE_LONGER,,문화공원
공주,공주 산성시장,2,공주산성시장 상인회,"사회,공공기관 > 단체,협회",,충남 공주시 용당길 20,http://place.map.kakao.com/9684285,127.122676025528,36.45881720427417,3,true,CANDIDATE_LONGER,,상인회
공주,공주 산성시장,3,공주산성시장 계란집,"가정,생활 > 식품판매",,충남 공주시 용당길 4-1,http://place.map.kakao.com/1209696698,127.12447310866142,36.45873333781709,3,true,CANDIDATE_LONGER,,계란집
공주,공주 산성시장,4,공주알밤한우 산성시장점,"가정,생활 > 식품판매 > 정육점",,충남 공주시 산성시장1길 112,http://place.map.kakao.com/769071798,127.123267988369,36.4585543557162,3,false,DISJOINT,,
공주,무령왕릉과 송산리고분군,-1,,,,,,,,,,,,
공주,공주밤꽃이야기,-1,,,,,,,,,,,,
공주,공주한옥마을,0,공주한옥마을,"여행 > 관광,명소",,충남 공주시 관광단지길 12,http://place.map.kakao.com/21490830,127.1087614836584,36.464571106566154,8,true,EXACT,,
공주,공주한옥마을,1,공주한옥마을 주차장,"교통,수송 > 교통시설 > 주차장",PK6,충남 공주시 관광단지길 12,http://place.map.kakao.com/25118909,127.10786059343506,36.46498555799977,8,true,CANDIDATE_LONGER,,주차장
공주,공주한옥마을,2,공주한옥마을 오토캠핑장,"여행 > 숙박 > 야영,캠핑장 > 오토캠핑장",AD5,충남 공주시 관광단지길 12,http://place.map.kakao.com/24373384,127.1080647700472,36.464990780285596,8,true,CANDIDATE_LONGER,,오토캠핑장
공주,공주한옥마을,3,공주한옥마을 단체숙박동,여행 > 숙박 > 한옥숙소,AD5,충남 공주시 관광단지길 12,http://place.map.kakao.com/139337689,127.10892583419876,36.46402124712628,8,true,CANDIDATE_LONGER,,단체숙박동
공주,공주한옥마을,4,공주한옥마을 개별숙박동,여행 > 관광지부속시설,,충남 공주시 관광단지길 12,http://place.map.kakao.com/901179232,127.109343851896,36.4645615628231,8,true,CANDIDATE_LONGER,,개별숙박동
공주,공주역사영상관,-1,,,,,,,,,,,,
공주,고마나루 돌쌈밥,0,고마나루1999,음식점 > 한식,FD6,충남 공주시 백미고을길 5-8,http://place.map.kakao.com/8684887,127.12270793712241,36.46490993756712,5,false,DISJOINT,,
공주,금강신관공원,0,금강신관공원,여행 > 공원,,충남 공주시 신관동 439-2,http://place.map.kakao.com/27190216,127.131346266195,36.4673374877505,8,true,EXACT,,
공주,금강신관공원,1,금강신관공원 주차장,"교통,수송 > 교통시설 > 주차장",PK6,충남 공주시 신관동 553,http://place.map.kakao.com/18984049,127.13242295168149,36.46669467022549,8,true,CANDIDATE_LONGER,,주차장
공주,금강신관공원,2,백제문화제,이슈 > 이벤트 > 페스티벌,,충남 공주시 금벽로 368,http://place.map.kakao.com/1214740789,127.127439285638,36.4702146290981,3,false,DISJOINT,,
공주,금강신관공원,3,금강신관공원 잔디광장,여행 > 공원,,충남 공주시 신관동,http://place.map.kakao.com/18983246,127.138310580539,36.4635879924611,8,true,CANDIDATE_LONGER,,잔디광장
공주,금강신관공원,4,금강신관공원 인라인스케이팅장,"스포츠,레저 > 스케이트 > 인라인스케이트장",,충남 공주시 신관동 553,http://place.map.kakao.com/18983486,127.129959825907,36.4682401679882,8,true,CANDIDATE_LONGER,,인라인스케이팅장
공주,마곡사,0,마곡사,"문화,예술 > 종교 > 불교 > 절,사찰",,충남 공주시 사곡면 마곡사로 966,http://place.map.kakao.com/8300061,127.01220139973668,36.5594919877831,8,true,EXACT,,
공주,마곡사,1,마곡사주차장,"교통,수송 > 교통시설 > 주차장 > 공영주차장",PK6,충남 공주시 사곡면 운암리 731-2,http://place.map.kakao.com/26554383,127.020288941167,36.5559484670821,8,true,CANDIDATE_LONGER,,주차장
공주,마곡사,2,마곡사 대광보전,"문화,예술 > 종교 > 불교",,충남 공주시 사곡면 마곡사로 966,http://place.map.kakao.com/12753967,127.012139923911,36.5592441780231,8,true,CANDIDATE_LONGER,,대광보전
공주,마곡사,3,마곡사 주차장,"교통,수송 > 교통시설 > 주차장",PK6,충남 공주시 사곡면 운암리 563-2,http://place.map.kakao.com/616864516,127.012454512658,36.5566596487641,8,true,CANDIDATE_LONGER,,주차장
공주,마곡사,4,마곡사서울식당,음식점 > 한식,FD6,충남 공주시 사곡면 마곡상가길 13-2,http://place.map.kakao.com/635769168,127.01968136183807,36.55619007705946,10,true,CANDIDATE_LONGER,,서울식당
공주,마곡사식당,0,청남가든,음식점 > 한식,FD6,충남 공주시 사곡면 운정길 78,http://place.map.kakao.com/9970939,127.01551119556373,36.559561892788864,5,false,DISJOINT,,
공주,마곡사식당,1,두부두부,음식점 > 한식 > 두부전문점,FD6,충남 공주시 사곡면 마곡사로 842,http://place.map.kakao.com/1256390873,127.01921228411096,36.55642445249789,5,false,DISJOINT,,
공주,마곡사식당,2,마곡사서울식당,음식점 > 한식,FD6,충남 공주시 사곡면 마곡상가길 13-2,http://place.map.kakao.com/635769168,127.01968136183807,36.55619007705946,5,false,DISJOINT,,
공주,마곡사식당,3,바람처럼구름처럼,음식점 > 한식,FD6,충남 공주시 사곡면 마곡상가길 24,http://place.map.kakao.com/11819742,127.0191990086019,36.55694351685922,5,false,DISJOINT,,
공주,마곡사식당,4,귀빈식당,음식점 > 한식,FD6,충남 공주시 사곡면 마곡상가길 12,http://place.map.kakao.com/9670272,127.019761820902,36.5563306431137,5,false,DISJOINT,,
공주,계룡산국립공원 동학사지구,0,계룡산국립공원 동학사지구,"여행 > 관광,명소 > 국립공원 > 국립공원 지구",AT4,충남 공주시 반포면 동학사1로 327-6,http://place.map.kakao.com/27071207,127.232421885248,36.3569019461263,10,true,EXACT,,
공주,엔학고레,0,엔학고레,음식점 > 카페,CE7,충남 공주시 반포면 불장골길 113-12,http://place.map.kakao.com/763376396,127.2659169664,36.3980932486072,10,true,EXACT,,
공주,밤꽃,0,농헙회사법인 공주밤꽃향기,"가정,생활 > 식품판매",,충남 공주시 정안면 정안마곡사로 360-13,http://place.map.kakao.com/251817675,127.087254684946,36.6246079933395,8,true,CANDIDATE_LONGER,농헙회사법인공주,향기
공주,명가,0,기품명가,음식점 > 한식,FD6,충남 공주시 백미고을길 10-1,http://place.map.kakao.com/25808889,127.12228387198203,36.465552000843026,10,true,CANDIDATE_LONGER,기품,
공주,명가,1,국밥명가,음식점 > 한식 > 국밥,FD6,충남 공주시 미나리3길 20,http://place.map.kakao.com/999539393,127.121415083053,36.4629025670983,10,true,CANDIDATE_LONGER,국밥,
공주,명가,2,왕촌어가명가 공주본점,"음식점 > 한식 > 해물,생선",FD6,충남 공주시 한적2길 64-19,http://place.map.kakao.com/10572336,127.14214300495033,36.480161260954546,10,true,CANDIDATE_LONGER,왕촌어가,공주본점
공주,명가,3,어가명가 왕촌점,"음식점 > 한식 > 해물,생선 > 추어",FD6,충남 공주시 창벽로 276-4,http://place.map.kakao.com/253502993,127.164778969001,36.4490564620025,10,true,CANDIDATE_LONGER,어가,왕촌점
공주,명가,4,전주명가콩나물국밥 공주점,음식점 > 한식 > 국밥,FD6,충남 공주시 신관로 52,http://place.map.kakao.com/24579614,127.13345610184406,36.469303285778864,10,true,CANDIDATE_LONGER,전주,콩나물국밥공주점
공주,송산리고분군,0,공주 무령왕릉과 왕릉원,"여행 > 관광,명소 > 문화유적 > 릉,묘,총",,충남 공주시 금성동 산 5-19,http://place.map.kakao.com/2056894818,127.11438780551102,36.46303837520446,3,false,DISJOINT,,
공주,이학식당,-1,,,,,,,,,,,,
공주,공주풀꽃문학관,0,나태주풀꽃문학관,"문화,예술 > 문화시설 > 전시관",CT1,충남 공주시 봉황로 85-12,http://place.map.kakao.com/27150684,127.11994933799234,36.453627466695906,3,false,DISJOINT,,
공주,공주풀꽃문학관,1,나태주풀꽃문학관 신관,"문화,예술 > 문화시설 > 전시관",CT1,충남 공주시 봉황로 85-16,http://place.map.kakao.com/1858247535,127.119870847028,36.4533644054389,3,false,DISJOINT,,
공주,공주풀꽃문학관,2,풀꽃문학관 공영주차장,"교통,수송 > 교통시설 > 주차장 > 공영주차장",PK6,충남 공주시 반죽동 333-1,http://place.map.kakao.com/1866299929,127.120587366546,36.45359708541,3,false,DISJOINT,,
공주,공주풀꽃문학관,3,풀꽃문학관 공영주차장 전기차충전소,"교통,수송 > 자동차 > 전기차 충전소",,충남 공주시 반죽동 333-1,http://place.map.kakao.com/2034358170,127.1198881395535,36.45445299500858,3,false,DISJOINT,,
공주,황새바위성지,0,황새바위성지,"문화,예술 > 종교 > 천주교",,충남 공주시 왕릉로 118,http://place.map.kakao.com/10106851,127.120085578471,36.4638528370737,8,true,EXACT,,
공주,황새바위성지,1,교동 황새바위성지 노상주차장 전기차충전소,"교통,수송 > 자동차 > 전기차 충전소",,충남 공주시 왕릉로 118,http://place.map.kakao.com/1756437886,127.11938019520353,36.46293976513964,8,true,CANDIDATE_LONGER,교동,노상주차장전기차충전소
공주,한일식당,-1,,,,,,,,,,,,
공주,공주하숙마을,0,공주하숙마을,여행 > 숙박 > 게스트하우스,AD5,충남 공주시 당간지주길 21,http://place.map.kakao.com/2012635681,127.123182049949,36.4521814095938,8,true,EXACT,,
공주,고마나루,0,공주 고마나루,"여행 > 관광,명소 > 문화유적 > 유적지",,충남 공주시 웅진동 산 21-3,http://place.map.kakao.com/12777448,127.1070237989073,36.47064200838497,8,true,CANDIDATE_LONGER,공주,
공주,고마나루,1,고마나루1999,음식점 > 한식,FD6,충남 공주시 백미고을길 5-8,http://place.map.kakao.com/8684887,127.12270793712241,36.46490993756712,10,true,CANDIDATE_LONGER,,1999
공주,고마나루,2,금강6경(고마나루솔밭),부동산 > 지명,,충남 공주시 웅진동,http://place.map.kakao.com/14562437,127.106642603949,36.4693014200035,8,true,CANDIDATE_LONGER,금강6경,솔밭
공주,고마나루,3,고마나루1999 주차장,"교통,수송 > 교통시설 > 주차장",PK6,충남 공주시 금성동 183-4,http://place.map.kakao.com/781491850,127.122789372983,36.4649044468582,8,true,CANDIDATE_LONGER,,1999주차장
공주,고마나루,4,금강6경 고마나루솔밭 공주보좌안,부동산 > 지명,,충남 공주시 웅진동 725,http://place.map.kakao.com/14557459,127.101285661037,36.461375851038,8,true,CANDIDATE_LONGER,금강6경,솔밭공주보좌안
통영,통영 중앙시장,0,통영중앙전통시장,"가정,생활 > 시장",,경남 통영시 중앙동 38-5,http://place.map.kakao.com/18468572,128.42447710416826,34.845218185117346,3,false,DISJOINT,,
통영,통영 중앙시장,1,통영중앙시장사업협동조합,"사회,공공기관 > 단체,협회 > 협동,소비조합",,경남 통영시 중앙로 160,http://place.map.kakao.com/9564358,128.4242234551335,34.84604224835238,3,true,CANDIDATE_LONGER,,사업협동조합
통영,통영 중앙시장,2,중앙활어시장,"가정,생활 > 시장",,경남 통영시 중앙로 158-8,http://place.map.kakao.com/8591410,128.42406679836378,34.84564300050904,3,false,DISJOINT,,
통영,통영 중앙시장,3,중앙전통시장 상인회,"사회,공공기관 > 단체,협회",,경남 통영시 중앙시장1길 14-16,http://place.map.kakao.com/12567251,128.424646643549,34.8452865012055,3,false,DISJOINT,,
통영,통영 중앙시장,4,중앙전통시장 공중화장실,"가정,생활 > 화장실",,경남 통영시 중앙시장1길 7-7,http://place.map.kakao.com/506350890,128.423981355703,34.8449986637197,3,false,DISJOINT,,
통영,오미사꿀빵 본점,0,오미사꿀빵 본점,"음식점 > 간식 > 제과,베이커리",FD6,경남 통영시 충렬로 14-18,http://place.map.kakao.com/8455466,128.420267751601,34.8426554227319,10,true,EXACT,,
통영,동피랑 벽화마을,0,동피랑벽화마을,"여행 > 관광,명소 > 문화유적 > 그림,벽화",,경남 통영시 동피랑1길 6-18,http://place.map.kakao.com/10290301,128.427625013602,34.845305652074,3,true,EXACT,,
통영,동피랑 벽화마을,1,동피랑벽화마을 입구,"교통,수송 > 입출구",,경남 통영시 동호동 334-1,http://place.map.kakao.com/1841806984,128.426658445861,34.8445382643944,3,true,CANDIDATE_LONGER,,입구
통영,동피랑 벽화마을,2,CU 동피랑벽화마을점,"가정,생활 > 편의점 > CU",CS2,경남 통영시 통영해안로 359-1,http://place.map.kakao.com/710389216,128.42685306296084,34.844602677926,3,true,CANDIDATE_LONGER,cu,점
통영,동피랑 벽화마을,3,CU 동피랑벽화마을점 ATM,"금융,보험 > 금융서비스 > 은행 > ATM",BK9,경남 통영시 통영해안로 359-1,http://place.map.kakao.com/986842720,128.42685114134534,34.84461802272039,3,true,CANDIDATE_LONGER,cu,점atm
통영,서피랑 공원,0,서피랑마을,부동산 > 지명,,경남 통영시 서호동,http://place.map.kakao.com/11440661,128.420244642399,34.8443645759501,3,false,DISJOINT,,
통영,서피랑 공원,1,서피랑공원,여행 > 공원,,경남 통영시 중앙동 192,http://place.map.kakao.com/1649343384,128.420561312772,34.8446610133979,3,true,EXACT,,
통영,서피랑 공원,2,서피랑공원 주차장,"교통,수송 > 교통시설 > 주차장",PK6,경남 통영시 명정동 305-13,http://place.map.kakao.com/1608173967,128.419933215521,34.8460915164709,3,true,CANDIDATE_LONGER,,주차장
통영,서피랑 공원,3,서피랑공원 화장실,"가정,생활 > 화장실",,경남 통영시 명정동 305-13,http://place.map.kakao.com/2072098650,128.420063452826,34.8460359171577,3,true,CANDIDATE_LONGER,,화장실
통영,해물가,0,통영칼국수128,음식점 > 한식 > 국수 > 칼국수,FD6,경남 통영시 통영해안로 377,http://place.map.kakao.com/11534201,128.42858069228728,34.844493166057966,5,false,DISJOINT,,
통영,해물가,1,통영해물가 창원본점,"음식점 > 한식 > 해물,생선",FD6,경남 창원시 성산구 용지로 233,http://place.map.kakao.com/1816577803,128.686047478239,35.2346376121798,7,true,CANDIDATE_LONGER,통영,창원본점
통영,해물가,2,통영해물가 가산2호점,"음식점 > 한식 > 해물,생선",FD6,서울 금천구 벚꽃로46길 1-5,http://place.map.kakao.com/27300303,126.88248445188229,37.48315738067613,7,true,CANDIDATE_LONGER,통영,가산2호점
통영,강구안,0,강구안,"교통,수송 > 교통시설 > 항구,포구",,경남 통영시 명정동,http://place.map.kakao.com/12657613,128.424496417531,34.843420748574,8,true,EXACT,,
통영,강구안,1,강구안 문화마당,"여행 > 관광,명소",,경남 통영시 중앙동 236,http://place.map.kakao.com/19322674,128.42414960875794,34.84385022832251,8,true,CANDIDATE_LONGER,,문화마당
통영,강구안,2,강구안게스트하우스,여행 > 숙박 > 게스트하우스,AD5,경남 통영시 동충4길 56,http://place.map.kakao.com/27272949,128.42413750034612,34.841878305288795,8,true,CANDIDATE_LONGER,,게스트하우스
통영,강구안,3,강구안에깡다방9,음식점 > 카페,CE7,경남 통영시 통영해안로 323-1,http://place.map.kakao.com/2001885490,128.423490351288,34.8436578560874,10,true,CANDIDATE_LONGER,,에깡다방9
통영,강구안,4,강구안타운,음식점 > 카페,CE7,경남 통영시 통영해안로 301,http://place.map.kakao.com/236169242,128.424324116742,34.8419229878814,10,true,CANDIDATE_LONGER,,타운
통영,한려수도 조망 케이블카,0,통영케이블카,"여행 > 관광,명소 > 케이블카",,경남 통영시 발개로 205,http://place.map.kakao.com/11657791,128.4252739118599,34.826880707575086,3,false,DISJOINT,,
통영,한려수도 조망 케이블카,1,통영케이블카 주차장,"교통,수송 > 교통시설 > 주차장",PK6,경남 통영시 도남동 349-1,http://place.map.kakao.com/26483222,128.4256914926581,34.826249402591124,3,false,DISJOINT,,
통영,미륵산회식당,-1,,,,,,,,,,,,
통영,이순신공원,0,이순신공원,여행 > 공원 > 도시근린공원,,경남 통영시 정량동 628,http://place.map.kakao.com/11807745,128.44282467452436,34.84380765625365,8,true,EXACT,,
통영,이순신공원,1,이순신공원 주차장,"교통,수송 > 교통시설 > 주차장 > 공영주차장",PK6,경남 통영시 정량동 744-1,http://place.map.kakao.com/151336769,128.44131596035308,34.84411847129651,8,true,CANDIDATE_LONGER,,주차장
통영,이순신공원,2,이순신공원 화장실,"가정,생활 > 화장실",,경남 통영시 멘데해안길 181,http://place.map.kakao.com/602908545,128.441093180533,34.8437560821597,8,true,CANDIDATE_LONGER,,화장실
통영,이순신공원,3,이순신공원 무형문화재전수생숙소,여행 > 공원시설물,,경남 통영시 멘데해안길 205,http://place.map.kakao.com/1210973326,128.441993295344,34.8447179224587,8,true,CANDIDATE_LONGER,,무형문화재전수생숙소
통영,이순신공원,4,이순신공원 학익정,"여행 > 관광,명소",,경남 통영시 정량동 625,http://place.map.kakao.com/1755235374,128.443173163198,34.8447949583923,8,true,CANDIDATE_LONGER,,학익정
통영,통영 해저터널,0,해저터널,"교통,수송 > 도로시설 > 터널",,경남 통영시 당동 13,http://place.map.kakao.com/155247789,128.411169821451,34.8358608903463,8,true,AI_LONGER,,
통영,통영 해저터널,1,해저터널,"교통,수송 > 도로시설 > 터널",,경남 통영시 미수동 907-1,http://place.map.kakao.com/669597978,128.410076746397,34.834262021418,8,true,AI_LONGER,,
통영,통영 해저터널,2,해저터널관광안내소,"여행 > 관광,명소 > 관광안내소",,경남 통영시 당동 406,http://place.map.kakao.com/19322757,128.411442462587,34.8362074357623,3,false,DISJOINT,,
통영,통영 해저터널,3,해저터널공영주차장,"교통,수송 > 교통시설 > 주차장 > 공영주차장",PK6,경남 통영시 봉평동 446-20,http://place.map.kakao.com/25620403,128.413184401333,34.8327225649582,3,false,DISJOINT,,
통영,통영 해저터널,4,해저터널 입구,"교통,수송 > 입출구",,경남 통영시 도남로 57-1,http://place.map.kakao.com/27010761,128.411619093742,34.8324667427124,3,false,DISJOINT,,
통영,뚱보할매김밥집,0,뚱보할매김밥집,음식점 > 분식,FD6,경남 통영시 통영해안로 325,http://place.map.kakao.com/24199598,128.42367762562958,34.84386747160767,10,true,EXACT,,
통영,남망산 조각공원,0,남망산조각공원,여행 > 공원 > 도시근린공원,,경남 통영시 남망공원길 29,http://place.map.kakao.com/8186523,128.430062857732,34.8408750182252,3,true,EXACT,,
통영,남망산 조각공원,1,남망산조각공원 입구,"교통,수송 > 입출구",,경남 통영시 동호동 247,http://place.map.kakao.com/1054834945,128.42695764396,34.8432512903051,3,true,CANDIDATE_LONGER,,입구
통영,남망산 조각공원,2,남망산조각공원 이순신장군상,"문화,예술 > 미술,공예 > 조각",,경남 통영시 남망공원길 29,http://place.map.kakao.com/17558629,128.430346339728,34.8410843933672,3,true,CANDIDATE_LONGER,,이순신장군상
통영,남망산 조각공원,3,남망산조각공원 심문섭,"문화,예술 > 미술,공예 > 조각",,경남 통영시 남망공원길 29,http://place.map.kakao.com/17558331,128.42906553656354,34.840350462539085,3,true,CANDIDATE_LONGER,,심문섭
통영,남망산 조각공원,4,남망산조각공원 이우환,"문화,예술 > 미술,공예 > 조각",,경남 통영시 남망공원길 29,http://place.map.kakao.com/17560158,128.429607634924,34.8403431901164,3,true,CANDIDATE_LONGER,,이우환
통영,통영전통공예관,0,통영전통공예관,"문화,예술 > 미술,공예 > 전통공예",,경남 통영시 도남로 281,http://place.map.kakao.com/8108621,128.432881829267,34.8266588331879,8,true,EXACT,,
통영,한일김밥,0,한일김밥 본점,음식점 > 분식,FD6,경남 통영시 통영해안로 319,http://place.map.kakao.com/8608591,128.423348703468,34.8433043981677,10,true,CANDIDATE_LONGER,,본점
통영,한일김밥,1,한일김밥 무전점,음식점 > 분식,FD6,경남 통영시 무전5길 6,http://place.map.kakao.com/10925399,128.426436591499,34.8603137514057,10,true,CANDIDATE_LONGER,,무전점
통영,한일김밥,2,한일김밥 죽림점,음식점 > 분식,FD6,경남 통영시 광도면 죽림4로 33,http://place.map.kakao.com/10920285,128.41787214020044,34.8846148954084,10,true,CANDIDATE_LONGER,,죽림점
통영,한일김밥,3,한일김밥 죽림본점,음식점 > 분식,FD6,경남 통영시 광도면 죽림4로 19-24,http://place.map.kakao.com/436425358,128.418212206027,34.885945759639,10,true,CANDIDATE_LONGER,,죽림본점
통영,카페 울라봉,0,카페울라봉,음식점 > 카페 > 테마카페,CE7,경남 통영시 동문로 51,http://place.map.kakao.com/25037933,128.42901456037887,34.84650790049783,5,true,EXACT,,
통영,통영 여객선터미널,0,통영항여객선터미널,"교통,수송 > 교통시설 > 여객선터미널",,경남 통영시 통영해안로 234,http://place.map.kakao.com/18641322,128.420236998749,34.8398472996179,3,false,DISJOINT,,
통영,통영 여객선터미널,1,가오치여객선터미널,"교통,수송 > 교통시설 > 여객선터미널",,경남 통영시 도산면 도산일주로 542-55,http://place.map.kakao.com/1559747484,128.31378028915194,34.908371530698226,3,false,DISJOINT,,
통영,통영 여객선터미널,2,욕지행여객선터미널,"교통,수송 > 교통시설 > 여객선터미널",,경남 통영시 산양읍 원항1길 3,http://place.map.kakao.com/26181092,128.383807801112,34.7956916584253,3,false,DISJOINT,,
통영,통영 여객선터미널,3,욕지항여객선터미널,"교통,수송 > 교통시설 > 여객선터미널",,경남 통영시 욕지면 욕지일주로 113,http://place.map.kakao.com/1816764163,128.266849847266,34.6349076599731,3,false,DISJOINT,,
통영,통영 여객선터미널,4,연화항여객선터미널,"교통,수송 > 교통시설 > 여객선터미널",,경남 통영시 욕지면 본촌길 14,http://place.map.kakao.com/18354346,128.351724396673,34.6495058815747,3,false,DISJOINT,,
통영,미륵산 케이블카,0,통영케이블카,"여행 > 관광,명소 > 케이블카",,경남 통영시 발개로 205,http://place.map.kakao.com/11657791,128.4252739118599,34.826880707575086,3,false,DISJOINT,,
통영,통영맛집다정,-1,,,,,,,,,,,,
통영,통영 루지,0,스카이라인 루지 통영,"여행 > 관광,명소 > 테마파크",AT4,경남 통영시 발개로 178,http://place.map.kakao.com/97760888,128.4241399364986,34.82437482310263,5,false,DISJOINT,,
통영,통영 루지,1,통영루지여행펜션,여행 > 숙박 > 민박,AD5,경남 통영시 산양읍 물개길 99-1,http://place.map.kakao.com/1215241948,128.4237835038072,34.77092755061168,3,true,CANDIDATE_LONGER,,여행펜션
통영,통영 루지,2,통영루지김치쌈,음식점 > 한식,FD6,경남 통영시 데메3길 27-44,http://place.map.kakao.com/631823258,128.422461979597,34.8281114664749,5,true,CANDIDATE_LONGER,,김치쌈
통영,통영 루지,3,통영루지게스트하우스,여행 > 숙박 > 게스트하우스,AD5,경남 통영시 봉수로 75-7,http://place.map.kakao.com/1274346368,128.415850832847,34.8245076381868,3,true,CANDIDATE_LONGER,,게스트하우스
통영,통영 루지,4,통영루지꿀빵,"음식점 > 간식 > 제과,베이커리",FD6,경남 통영시 도남로 200,http://place.map.kakao.com/637636827,128.424874433428,34.8291341594615,5,true,CANDIDATE_LONGER,,꿀빵
통영,해원횟집,0,해원횟집,"음식점 > 한식 > 해물,생선 > 회",FD6,경남 통영시 미수해안로 125-5,http://place.map.kakao.com/17965462,128.410868896343,34.8336002850393,10,true,EXACT,,
통영,통영명가,0,명가충무김밥 본점,음식점 > 분식,FD6,경남 통영시 통영해안로 339,http://place.map.kakao.com/8694850,128.424682661183,34.8448390300167,5,false,DISJOINT,,
통영,통영명가,1,명가꿀빵,"음식점 > 간식 > 제과,베이커리",FD6,경남 통영시 통영해안로 337-2,http://place.map.kakao.com/22015925,128.424568799352,34.8448295481559,5,false,DISJOINT,,
통영,통영명가,2,고메명가 욕지본점,"음식점 > 술집 > 호프,요리주점",FD6,경남 통영시 욕지면 욕지일주로 75-1,http://place.map.kakao.com/805836421,128.26495628744263,34.63308403658412,5,false,DISJOINT,,
통영,통영명가,3,24시전주명가콩나물국밥,음식점 > 한식 > 국밥,FD6,경남 통영시 광도면 죽림5로 47,http://place.map.kakao.com/1161680571,128.420882554929,34.8852692391788,5,false,DISJOINT,,
통영,통영명가,4,명가,음식점 > 한식 > 냉면,FD6,경남 통영시 항남5길 12-17,http://place.map.kakao.com/26869734,128.421647309235,34.8407429479254,10,true,AI_LONGER,,
통영,달아공원,0,통영달아공원,여행 > 공원 > 도시근린공원,,경남 통영시 산양읍 산양일주로 1115,http://place.map.kakao.com/8620439,128.399268095069,34.7691638416324,8,true,CANDIDATE_LONGER,통영,
통영,달아공원,1,통영달아공원 달아전망대,"여행 > 관광,명소 > 전망대",AT4,경남 통영시 산양읍 미남리 산 246,http://place.map.kakao.com/17558254,128.400049665235,34.7686176666487,10,true,CANDIDATE_LONGER,통영,달아전망대
통영,달아공원,2,통영달아공원 연화주차장,"교통,수송 > 교통시설 > 주차장",PK6,경남 통영시 산양읍 산양일주로 1115,http://place.map.kakao.com/27375924,128.400783621284,34.7701667088169,8,true,CANDIDATE_LONGER,통영,연화주차장
통영,달아공원,3,통영달아공원 관해정,"여행 > 관광,명소 > 테마파크 > 테마파크시설",,경남 통영시 산양읍 연화리 114-2,http://place.map.kakao.com/17559061,128.400636189587,34.7691985820202,8,true,CANDIDATE_LONGER,통영,관해정
통영,달아공원,4,한려해상국립공원 동부사무소 달아탐방지원센터,"여행 > 관광,명소 > 관광안내소",,경남 통영시 산양읍 산양일주로 1111,http://place.map.kakao.com/111694562,128.401485947884,34.7697142727847,3,false,DISJOINT,,
통영,통영굴마을,0,대풍관,"음식점 > 한식 > 해물,생선 > 굴,전복",FD6,경남 통영시 해송정2길 29,http://place.map.kakao.com/115499738,128.42738407387415,34.843255299105984,5,false,DISJOINT,,
통영,통영 수산과학관,0,통영수산과학관,"문화,예술 > 문화시설 > 과학관",CT1,경남 통영시 산양읍 척포길 628-111,http://place.map.kakao.com/8571856,128.406859723523,34.7641695417523,3,true,EXACT,,
통영,통영 수산과학관,1,통영수산과학관 주차장,"교통,수송 > 교통시설 > 주차장",PK6,경남 통영시 산양읍 미남리 682-1,http://place.map.kakao.com/350680998,128.406768738831,34.7638280905545,3,true,CANDIDATE_LONGER,,주차장
통영,통영 수산과학관,2,통영수산과학관 매점,"가정,생활 > 슈퍼마켓",,경남 통영시 산양읍 척포길 628-111,http://place.map.kakao.com/19052185,128.406851354704,34.7641912702099,3,true,CANDIDATE_LONGER,,매점
통영,통영 수산과학관,3,수산과학관매점,"가정,생활 > 슈퍼마켓",,경남 통영시 산양읍 척포길 628-111,http://place.map.kakao.com/21164997,128.406864764271,34.764209141696,3,false,DISJOINT,,
통영,통영 수산과학관,4,통영수산과학관 전기차충전소,"교통,수송 > 자동차 > 전기차 충전소",,경남 통영시 산양읍 척포길 628-111,http://place.map.kakao.com/1811291957,128.40709933456725,34.76425870731738,3,true,CANDIDATE_LONGER,,전기차충전소
통영,훈이네해물뚝배기,-1,,,,,,,,,,,,
통영,통영해물가,0,통영칼국수128,음식점 > 한식 > 국수 > 칼국수,FD6,경남 통영시 통영해안로 377,http://place.map.kakao.com/11534201,128.42858069228728,34.844493166057966,5,false,DISJOINT,,
통영,울산다찌,0,울산다찌,"음식점 > 한식 > 해물,생선 > 회",FD6,경남 통영시 미수해안로 157,http://place.map.kakao.com/25746655,128.4144839165626,34.8329679385357,10,true,EXACT,,
통영,통영 케이블카,0,통영케이블카,"여행 > 관광,명소 > 케이블카",,경남 통영시 발개로 205,http://place.map.kakao.com/11657791,128.4252739118599,34.826880707575086,3,true,EXACT,,
통영,통영 케이블카,1,통영케이블카 상부역사,"여행 > 관광,명소 > 케이블카",,경남 통영시 산양읍 영운리 산 189,http://place.map.kakao.com/14918365,128.418502949269,34.8101314318988,3,true,CANDIDATE_LONGER,,상부역사
통영,통영 케이블카,2,통영케이블카 주차장,"교통,수송 > 교통시설 > 주차장",PK6,경남 통영시 도남동 349-1,http://place.map.kakao.com/26483222,128.4256914926581,34.826249402591124,3,true,CANDIDATE_LONGER,,주차장
통영,통영 케이블카,3,통영케이블카 매표소,"서비스,산업 > 관리,운영 > 매표소",,경남 통영시 발개로 205,http://place.map.kakao.com/25672073,128.425385737654,34.826519774027,3,true,CANDIDATE_LONGER,,매표소
통영,통영 케이블카,4,통영케이블카 2층주차장,"교통,수송 > 교통시설 > 주차장",PK6,경남 통영시 발개로 205,http://place.map.kakao.com/26483221,128.426625593344,34.8264151078112,3,true,CANDIDATE_LONGER,,2층주차장
통영,스카이라인 루지 통영,0,스카이라인 루지 통영,"여행 > 관광,명소 > 테마파크",AT4,경남 통영시 발개로 178,http://place.map.kakao.com/97760888,128.4241399364986,34.82437482310263,10,true,EXACT,,
통영,스카이라인 루지 통영,1,스카이라인루지 통영 주차장,"교통,수송 > 교통시설 > 주차장",PK6,경남 통영시 도남동 291,http://place.map.kakao.com/115151460,128.424442586138,34.8248129222439,3,true,CANDIDATE_LONGER,,주차장
통영,스카이라인 루지 통영,2,스카이라인루지 통영 화장실,"가정,생활 > 화장실",,경남 통영시 발개로 178-1,http://place.map.kakao.com/1326517827,128.424915425994,34.8249786335529,3,true,CANDIDATE_LONGER,,화장실
통영,대풍관,0,대풍관,"음식점 > 한식 > 해물,생선 > 굴,전복",FD6,경남 통영시 해송정2길 29,http://place.map.kakao.com/115499738,128.42738407387415,34.843255299105984,10,true,EXACT,,
통영,대풍관,1,대풍관 주차장,"교통,수송 > 교통시설 > 주차장",PK6,경남 통영시 동호동 174-1,http://place.map.kakao.com/2033168873,128.427241398983,34.8433498084184,8,true,CANDIDATE_LONGER,,주차장
통영,대풍관,2,동피랑전복마을,"음식점 > 한식 > 해물,생선 > 굴,전복",FD6,경남 통영시 해송정2길 29,http://place.map.kakao.com/915869564,128.4274015464899,34.84325419271865,5,false,DISJOINT,,
통영,한일식당,0,한일식당 통영점,"음식점 > 한식 > 육류,고기",FD6,경남 통영시 무전5길 8,http://place.map.kakao.com/17469288,128.42648380655,34.8605150901494,10,true,CANDIDATE_LONGER,,통영점
통영,한일식당,1,한일김밥 본점,음식점 > 분식,FD6,경남 통영시 통영해안로 319,http://place.map.kakao.com/8608591,128.423348703468,34.8433043981677,5,false,DISJOINT,,
통영,한일식당,2,한일김밥 무전점,음식점 > 분식,FD6,경남 통영시 무전5길 6,http://place.map.kakao.com/10925399,128.426436591499,34.8603137514057,5,false,DISJOINT,,
통영,한일식당,3,한일김밥 죽림본점,음식점 > 분식,FD6,경남 통영시 광도면 죽림4로 19-24,http://place.map.kakao.com/436425358,128.418212206027,34.885945759639,5,false,DISJOINT,,
통영,한일식당,4,한일김밥 죽림점,음식점 > 분식,FD6,경남 통영시 광도면 죽림4로 33,http://place.map.kakao.com/10920285,128.41787214020044,34.8846148954084,5,false,DISJOINT,,
통영,통영 해원횟집,0,해원횟집,"음식점 > 한식 > 해물,생선 > 회",FD6,경남 통영시 미수해안로 125-5,http://place.map.kakao.com/17965462,128.410868896343,34.8336002850393,10,true,AI_LONGER,,
통영,어촌밥상,0,어촌밥상,음식점 > 한식,FD6,경남 통영시 욕지면 십리골길 1,http://place.map.kakao.com/438396706,128.351972087184,34.650654154007256,10,true,EXACT,,
삼척,죽서루,0,죽서루,"여행 > 관광,명소 > 문화유적",,강원특별자치도 삼척시 죽서루길 37,http://place.map.kakao.com/10793255,129.1605384437938,37.440889993161896,8,true,EXACT,,
삼척,죽서루,1,죽서루 주차장,"교통,수송 > 교통시설 > 주차장",PK6,강원특별자치도 삼척시 죽서루길 37,http://place.map.kakao.com/17582495,129.161455168693,37.440945292458,8,true,CANDIDATE_LONGER,,주차장
삼척,죽서루,2,죽서루 작은도서관,"교육,학문 > 학습시설 > 도서관 > 작은도서관",,강원특별자치도 삼척시 엑스포로 12,http://place.map.kakao.com/7187802,129.162540524009,37.4406182417186,8,true,CANDIDATE_LONGER,,작은도서관
삼척,죽서루,3,경희죽서루한의원,"의료,건강 > 병원 > 한의원",,강원특별자치도 삼척시 진주로 25,http://place.map.kakao.com/1264111836,129.16377928531,37.4430674813088,8,true,CANDIDATE_LONGER,경희,한의원
삼척,죽서루,4,죽서루 전망대,"여행 > 관광,명소 > 전망대",AT4,강원특별자치도 삼척시 성남동 198,http://place.map.kakao.com/629537240,129.159532223169,37.4400796113658,10,true,CANDIDATE_LONGER,,전망대
삼척,부명칼국수,0,부명손칼국수,음식점 > 한식 > 국수 > 칼국수,FD6,강원특별자치도 삼척시 사대길 43,http://place.map.kakao.com/16854493,129.17027163391495,37.44538697790269,5,false,DISJOINT,,
삼척,삼척해변,0,삼척해변,"여행 > 관광,명소 > 해수욕장,해변",AT4,강원특별자치도 삼척시 갈천동 14-22,http://place.map.kakao.com/7935331,129.169840592389,37.4679249803602,10,true,EXACT,,
삼척,삼척해변,1,삼척해변역,"교통,수송 > 기차,철도 > 기차역",,강원특별자치도 삼척시 수로부인길 542,http://place.map.kakao.com/7935330,129.166293509124,37.468337816298586,8,true,CANDIDATE_LONGER,,역
삼척,삼척해변,2,삼척해변정류소,"교통,수송 > 교통시설 > 고속,시외버스정류장",,강원특별자치도 삼척시 갈천동 산 4-1,http://place.map.kakao.com/1958827878,129.166553171843,37.4677799364545,8,true,CANDIDATE_LONGER,,정류소
삼척,삼척해변,3,삼척해변별난조개,"음식점 > 한식 > 해물,생선 > 조개",FD6,강원특별자치도 삼척시 테마타운길 49,http://place.map.kakao.com/1406733325,129.16924740060676,37.46722691409393,10,true,CANDIDATE_LONGER,,별난조개
삼척,삼척해변,4,삼척해변 행정봉사실,"사회,공공기관 > 행정기관부속시설",,강원특별자치도 삼척시 테마타운길 76,http://place.map.kakao.com/266585381,129.16834539114592,37.468435290729026,8,true,CANDIDATE_LONGER,,행정봉사실
삼척,카페 사계,-1,,,,,,,,,,,,
삼척,해변횟집,0,은혜횟집,"음식점 > 한식 > 해물,생선 > 회",FD6,강원특별자치도 삼척시 새천년도로 515,http://place.map.kakao.com/8810957,129.1716089998253,37.46564758243881,5,false,DISJOINT,,
삼척,해변횟집,1,풍성한횟집,"음식점 > 한식 > 해물,생선 > 회",FD6,강원특별자치도 삼척시 새천년도로 519,http://place.map.kakao.com/20248486,129.171298019451,37.4657974343283,5,false,DISJOINT,,
삼척,해변횟집,2,한그릇전복물회,"음식점 > 한식 > 해물,생선 > 회",FD6,강원특별자치도 삼척시 테마타운길 59,http://place.map.kakao.com/1381792516,129.16875097117,37.4677648246374,5,false,DISJOINT,,
삼척,해변횟집,3,삼척항아리랑횟집,"음식점 > 한식 > 해물,생선 > 회",FD6,강원특별자치도 삼척시 새천년도로 527-18,http://place.map.kakao.com/1838816494,129.17029081435604,37.465398855923354,5,false,DISJOINT,,
삼척,해변횟집,4,삼척수산시장,"음식점 > 한식 > 해물,생선 > 회",FD6,강원특별자치도 삼척시 새천년도로 513,http://place.map.kakao.com/707688941,129.171978420514,37.4655254820603,5,false,DISJOINT,,
삼척,삼척해상케이블카,0,삼척해상케이블카 용화역,"여행 > 관광,명소 > 케이블카",,강원특별자치도 삼척시 근덕면 삼척로 2154-31,http://place.map.kakao.com/1832162456,129.3082554090972,37.28911646950862,8,true,CANDIDATE_LONGER,,용화역
삼척,삼척해상케이블카,1,삼척해상케이블카 장호역,"여행 > 관광,명소 > 케이블카",,강원특별자치도 삼척시 근덕면 장호항길 12-10,http://place.map.kakao.com/153613586,129.31877193604953,37.287919883671066,8,true,CANDIDATE_LONGER,,장호역
삼척,장호항,0,장호항,"교통,수송 > 교통시설 > 항구,포구",,강원특별자치도 삼척시 근덕면 장호리 1-13,http://place.map.kakao.com/26952521,129.31786815499595,37.28852224018127,8,true,EXACT,,
삼척,장호항,1,삼척장호항J스토리스파펜션,여행 > 숙박 > 펜션,AD5,강원특별자치도 삼척시 근덕면 삼척로 2081-10,http://place.map.kakao.com/1501505156,129.31543028314982,37.28395316795809,8,true,CANDIDATE_LONGER,삼척,j스토리스파펜션
삼척,장호항,2,장호항전망대,"여행 > 관광,명소 > 전망대",AT4,강원특별자치도 삼척시 근덕면 장호리 417,http://place.map.kakao.com/748327736,129.317941515577,37.2897479277801,10,true,CANDIDATE_LONGER,,전망대
삼척,장호항,3,장호항영기횟집,"음식점 > 한식 > 해물,생선 > 회",FD6,강원특별자치도 삼척시 근덕면 장호길 99,http://place.map.kakao.com/11166720,129.31623001582454,37.28692578416917,10,true,CANDIDATE_LONGER,,영기횟집
삼척,장호항,4,장호항바다랑펜션,여행 > 숙박 > 펜션,AD5,강원특별자치도 삼척시 근덕면 삼척로 2048-47,http://place.map.kakao.com/1511370975,129.3172492943953,37.28588048648608,8,true,CANDIDATE_LONGER,,바다랑펜션
삼척,장호항회식당,0,장호항영기횟집,"음식점 > 한식 > 해물,생선 > 회",FD6,강원특별자치도 삼척시 근덕면 장호길 99,http://place.map.kakao.com/11166720,129.31623001582454,37.28692578416917,5,false,DISJOINT,,
삼척,용화해변,0,용화해변,"여행 > 관광,명소 > 해수욕장,해변",AT4,강원특별자치도 삼척시 근덕면 용화리 14-5,http://place.map.kakao.com/10704292,129.305368120565,37.2896772415477,10,true,EXACT,,
삼척,용화해변,1,해변펜션,여행 > 숙박 > 펜션,AD5,강원특별자치도 삼척시 근덕면 용화해변길 18,http://place.map.kakao.com/25655086,129.304313527511,37.2892581766318,3,false,DISJOINT,,
삼척,용화해변,2,노랑통닭 삼척용화해변점,음식점 > 치킨 > 노랑통닭,FD6,강원특별자치도 삼척시 근덕면 용화해변길 48,http://place.map.kakao.com/958788419,129.3057575333263,37.28935886164341,10,true,CANDIDATE_LONGER,노랑통닭삼척,점
삼척,카페 바다,0,잔잔한바다카페,음식점 > 카페,CE7,강원특별자치도 동해시 해안로 101,http://place.map.kakao.com/1126836716,129.12452174772426,37.51325331421342,2,false,DISJOINT,,
삼척,삼척항회센터,0,활어회센터식당,"음식점 > 한식 > 해물,생선 > 회",FD6,강원특별자치도 삼척시 이사부길 38,http://place.map.kakao.com/341269153,129.19248215115908,37.43821874652741,5,false,DISJOINT,,
삼척,삼척항회센터,1,정라항활어회센터,"음식점 > 한식 > 해물,생선 > 회",FD6,강원특별자치도 삼척시 정라항길 42-3,http://place.map.kakao.com/13582180,129.19224028167287,37.43833133593033,5,false,DISJOINT,,
삼척,추암촛대바위,0,추암촛대바위,"여행 > 관광,명소 > 바위",,강원특별자치도 동해시 추암동 산 69,http://place.map.kakao.com/10838734,129.15986747491294,37.47922417209929,5,true,EXACT,,
삼척,추암촛대바위,1,추암 촛대바위 출렁다리,"여행 > 관광,명소",,강원특별자치도 동해시 추암동 산 70,http://place.map.kakao.com/1571515576,129.15823691059504,37.47991159611514,0,true,CANDIDATE_LONGER,,출렁다리
삼척,추암촛대바위,2,추암촛대바위 인증센터,"여행 > 관광,명소 > 자전거여행",AT4,강원특별자치도 동해시 추암동 1,http://place.map.kakao.com/27138645,129.15999242438352,37.47610497416255,7,true,CANDIDATE_LONGER,,인증센터
삼척,추암촛대바위,3,할리스 동해촛대바위점,음식점 > 카페 > 커피전문점 > 할리스,CE7,강원특별자치도 동해시 촛대바위길 16,http://place.map.kakao.com/2052948110,129.1589335907941,37.47819627129244,2,false,DISJOINT,,
삼척,추암해변,0,추암해변,"여행 > 관광,명소 > 해수욕장,해변",AT4,강원특별자치도 동해시 추암동 474-20,http://place.map.kakao.com/8100727,129.159510802511,37.4778289847792,7,true,EXACT,,
삼척,추암해변,1,해변슈퍼,"가정,생활 > 슈퍼마켓",,강원특별자치도 동해시 촛대바위길 26,http://place.map.kakao.com/23789353,129.15919554499675,37.47724379662039,0,false,DISJOINT,,
삼척,추암해변,2,CU 동해추암해변점,"가정,생활 > 편의점 > CU",CS2,강원특별자치도 동해시 촛대바위길 16-1,http://place.map.kakao.com/2053373272,129.15883958189,37.478071871914,5,true,CANDIDATE_LONGER,cu동해,점
삼척,추암해변,3,관동팔경녹색경관길 동해1코스(추암해변~묵호역),"여행 > 관광,명소 > 도보여행",AT4,강원특별자치도 동해시 송정동,http://place.map.kakao.com/26558523,129.1268787393246,37.50425740048083,7,true,CANDIDATE_LONGER,관동팔경녹색경관길동해1코스,~묵호역
삼척,추암해변,4,추암해변 신설주차장 전기차충전소,"교통,수송 > 자동차 > 전기차 충전소",,강원특별자치도 동해시 추암동 509-1,http://place.map.kakao.com/105084483,129.15582515361484,37.47863050713002,5,true,CANDIDATE_LONGER,,신설주차장전기차충전소
삼척,삼척중앙시장,0,삼척중앙시장,"가정,생활 > 시장",,강원특별자치도 삼척시 진주로 12-21,http://place.map.kakao.com/26882910,129.165194032101,37.4420947721598,8,true,EXACT,,
삼척,삼척중앙시장,1,삼척중앙시장 주차타워,"교통,수송 > 교통시설 > 주차장 > 주차빌딩",,강원특별자치도 삼척시 중앙시장길 53-32,http://place.map.kakao.com/1806193092,129.16502049190632,37.442894300135414,8,true,CANDIDATE_LONGER,,주차타워
삼척,삼척중앙시장,2,삼척중앙시장 제2주차장,"교통,수송 > 교통시설 > 주차장",PK6,강원특별자치도 삼척시 남양동 40-21,http://place.map.kakao.com/483348470,129.165759257239,37.4405385604747,8,true,CANDIDATE_LONGER,,제2주차장
삼척,삼척중앙시장,3,삼척중앙시장조합,"사회,공공기관 > 단체,협회",,강원특별자치도 삼척시 진주로 12-21,http://place.map.kakao.com/18524928,129.16520228740737,37.44198922190193,8,true,CANDIDATE_LONGER,,조합
삼척,삼척중앙시장,4,삼척중앙시장 청년몰,"문화,예술 > 문화시설",,강원특별자치도 삼척시 진주로 12-21,http://place.map.kakao.com/1480839922,129.165168345661,37.4421051522258,8,true,CANDIDATE_LONGER,,청년몰
삼척,카페 비치,0,클리어비치,음식점 > 카페 > 테마카페 > 디저트카페,CE7,강원특별자치도 삼척시 근덕면 장호항길 128,http://place.map.kakao.com/888961394,129.31823424244433,37.28876820313815,5,false,DISJOINT,,
삼척,카페 비치,1,증비치,음식점 > 카페,CE7,강원특별자치도 삼척시 수로부인길 364,http://place.map.kakao.com/394312507,129.161103884939,37.4742730480442,5,false,DISJOINT,,
삼척,이사부사자공원,0,이사부사자공원,여행 > 공원 > 도시근린공원,,강원특별자치도 삼척시 수로부인길 333,http://place.map.kakao.com/24051055,129.15948399604,37.4751701891869,8,true,EXACT,,
삼척,이사부사자공원,1,이사부사자공원 주차장,"교통,수송 > 교통시설 > 주차장",PK6,강원특별자치도 삼척시 수로부인길 333,http://place.map.kakao.com/20562957,129.159507102304,37.4744022490725,8,true,CANDIDATE_LONGER,,주차장
삼척,이사부사자공원,2,이사부사자공원 주차장2,"교통,수송 > 교통시설 > 주차장",PK6,강원특별자치도 삼척시 수로부인길 333,http://place.map.kakao.com/654234498,129.159159178409,37.4756661861057,8,true,CANDIDATE_LONGER,,주차장2
삼척,이사부사자공원,3,이사부사자공원 물썰매장,"스포츠,레저 > 스포츠시설",,강원특별자치도 삼척시 증산동 1,http://place.map.kakao.com/602294562,129.158929429051,37.4748704381922,8,true,CANDIDATE_LONGER,,물썰매장
삼척,이사부사자공원,4,이사부사자공원 놀이터2,"가정,생활 > 유아 > 놀이시설 > 놀이터",,강원특별자치도 삼척시 수로부인길 333,http://place.map.kakao.com/830327826,129.160225564344,37.4750160961566,8,true,CANDIDATE_LONGER,,놀이터2
삼척,새천년해안도로,0,새천년해안도로,"여행 > 관광,명소 > 드라이브코스",AT4,강원특별자치도 삼척시 정하동 산 3-15,http://place.map.kakao.com/7929345,129.190931236538,37.4441137996795,10,true,EXACT,,
삼척,새천년해안도로,1,강원네이처로드 6코스 새천년해안도로드라이브길,"여행 > 관광,명소 > 드라이브코스",AT4,강원특별자치도 삼척시 교동 347-3,http://place.map.kakao.com/995686551,129.177082694047,37.4638271120654,10,true,CANDIDATE_LONGER,강원네이처로드6코스,드라이브길
삼척,바다횟집,0,바다횟집,"음식점 > 한식 > 해물,생선 > 회",FD6,강원특별자치도 삼척시 새천년도로 88,http://place.map.kakao.com/7879292,129.191156102868,37.4392739111392,10,true,EXACT,,
삼척,바다횟집,1,덕산바다횟집,"음식점 > 한식 > 해물,생선 > 회",FD6,강원특별자치도 삼척시 근덕면 덕산해안로 88,http://place.map.kakao.com/8894901,129.24433736065714,37.38229846272236,10,true,CANDIDATE_LONGER,덕산,
삼척,바다횟집,2,덕산바다횟집 주차장,"교통,수송 > 교통시설 > 주차장",PK6,강원특별자치도 삼척시 근덕면 덕산리 79-2,http://place.map.kakao.com/1734481799,129.244692864868,37.382597997944,8,true,CANDIDATE_LONGER,덕산,주차장
삼척,바다횟집,3,바다회활어,"음식점 > 한식 > 해물,생선 > 회",FD6,강원특별자치도 삼척시 진주로 12-21,http://place.map.kakao.com/454870364,129.16524885738556,37.442115387636846,5,false,DISJOINT,,
삼척,환선굴,0,환선굴,"여행 > 관광,명소 > 동굴",,강원특별자치도 삼척시 신기면 대이리 산 117,http://place.map.kakao.com/10976699,129.00825185709374,37.323688041427,8,true,EXACT,,
삼척,환선굴,1,환선굴 매표소,"서비스,산업 > 관리,운영 > 매표소",,강원특별자치도 삼척시 신기면 대이리 185-3,http://place.map.kakao.com/21125581,129.019684443441,37.3254032481685,8,true,CANDIDATE_LONGER,,매표소
삼척,환선굴,2,환선굴 모노레일 승강장,여행 > 관광지부속시설,,강원특별자치도 삼척시 신기면 환선로 889,http://place.map.kakao.com/16797734,129.01225654964722,37.32250648469935,8,true,CANDIDATE_LONGER,,모노레일승강장
삼척,환선굴,3,환선굴김치공장,"서비스,산업 > 식품 > 식품가공,제조",,강원특별자치도 삼척시 근덕면 본동길 43,http://place.map.kakao.com/10974925,129.2373313237845,37.341449157778904,8,true,CANDIDATE_LONGER,,김치공장
삼척,환선굴,4,환선굴휴게실가든,음식점 > 한식,FD6,강원특별자치도 삼척시 미로면 강원남부로 3969,http://place.map.kakao.com/21343974,129.11169233588,37.4132196487347,10,true,CANDIDATE_LONGER,,휴게실가든
삼척,동굴신비관 식당,-1,,,,,,,,,,,,
삼척,수로부인헌화공원,0,수로부인헌화공원,여행 > 공원,,강원특별자치도 삼척시 원덕읍 임원리 산 323-4,http://place.map.kakao.com/23680795,129.34981289203972,37.234680403993956,8,true,EXACT,,
삼척,수로부인헌화공원,1,수로부인헌화공원 독도전망대,"여행 > 관광,명소 > 전망대",AT4,강원특별자치도 삼척시 원덕읍 삼척로 1396-270,http://place.map.kakao.com/423487767,129.35017560333,37.2350407460787,10,true,CANDIDATE_LONGER,,독도전망대
삼척,수로부인헌화공원,2,수로부인헌화공원 주차장,"교통,수송 > 교통시설 > 주차장",PK6,강원특별자치도 삼척시 원덕읍 임원리 산 324,http://place.map.kakao.com/566661311,129.34975300795764,37.2356545021354,8,true,CANDIDATE_LONGER,,주차장
삼척,수로부인헌화공원,3,수로부인헌화공원 수로부인조형물,여행 > 공원시설물,,강원특별자치도 삼척시 원덕읍 임원리 산 327-7,http://place.map.kakao.com/1314959119,129.350479784798,37.2336618228151,8,true,CANDIDATE_LONGER,,수로부인조형물
삼척,수로부인헌화공원,4,수로부인헌화공원 해돋이터널,여행 > 공원시설물,,강원특별자치도 삼척시 원덕읍 삼척로 1396-270,http://place.map.kakao.com/445576369,129.349194853637,37.2346602419306,8,true,CANDIDATE_LONGER,,해돋이터널
삼척,부일막국수,0,부일막국수,음식점 > 한식 > 국수,FD6,강원특별자치도 삼척시 새천년도로 596,http://place.map.kakao.com/27385515,129.163799479221,37.4670953286788,10,true,EXACT,,
삼척,부일막국수,1,부일막국수 주차장,"교통,수송 > 교통시설 > 주차장",PK6,강원특별자치도 삼척시 갈천동 193-1,http://place.map.kakao.com/1611397165,129.163978760207,37.4669632236465,8,true,CANDIDATE_LONGER,,주차장
삼척,추암 촛대바위,0,추암촛대바위,"여행 > 관광,명소 > 바위",,강원특별자치도 동해시 추암동 산 69,http://place.map.kakao.com/10838734,129.15986747491294,37.47922417209929,0,true,EXACT,,
삼척,추암 촛대바위,1,추암 촛대바위 출렁다리,"여행 > 관광,명소",,강원특별자치도 동해시 추암동 산 70,http://place.map.kakao.com/1571515576,129.15823691059504,37.47991159611514,5,true,CANDIDATE_LONGER,,출렁다리
삼척,추암 촛대바위,2,추암촛대바위 인증센터,"여행 > 관광,명소 > 자전거여행",AT4,강원특별자치도 동해시 추암동 1,http://place.map.kakao.com/27138645,129.15999242438352,37.47610497416255,2,true,CANDIDATE_LONGER,,인증센터
삼척,추암 촛대바위,3,할리스 동해촛대바위점,음식점 > 카페 > 커피전문점 > 할리스,CE7,강원특별자치도 동해시 촛대바위길 16,http://place.map.kakao.com/2052948110,129.1589335907941,37.47819627129244,2,false,DISJOINT,,
삼척,성원닭갈비,0,성원닭갈비,"음식점 > 한식 > 육류,고기 > 닭요리",FD6,강원특별자치도 삼척시 정상안1길 14-32,http://place.map.kakao.com/21959659,129.177972107797,37.4446633165271,10,true,EXACT,,
