location,aiPlaceName,rank,candidateName,categoryName,categoryGroupCode,address,placeUrl,x,y,score,gatePass,containsDirection,prefixRest,suffixRest
경주,경주 동부 사적지대,0,경주 동부 사적지대,"여행 > 관광,명소 > 문화유적 > 유적지",,경북 경주시 황남동 104-1,http://place.map.kakao.com/12629551,129.21793616052602,35.83536699603137,8,true,EXACT,,
경주,경주 황남리 고분군,0,황남리고분군,"여행 > 관광,명소 > 문화유적 > 릉,묘,총",,경북 경주시 계림로 9,http://place.map.kakao.com/8179016,129.21319151973745,35.83983358560991,3,true,AI_LONGER,,
경주,고도리,0,고도리,음식점 > 술집,FD6,경북 경주시 포석로 1074,http://place.map.kakao.com/349223979,129.209789251684,35.8367416643224,10,true,EXACT,,
경주,무궁미가,0,무궁미가,여행 > 기념품판매,,경북 경주시 포석로1095번길 6,http://place.map.kakao.com/1900128504,129.20927011234116,35.83881010301124,8,true,EXACT,,
경주,양지다방,0,양지다방,음식점 > 카페,CE7,경북 경주시 사정로57번길 7-2,http://place.map.kakao.com/599889357,129.209207485633,35.8372704666191,10,true,EXACT,,
경주,큰기와 황리단길 본점,-1,,,,,,,,,,,,
경주,월정교,0,경주춘양교지,"여행 > 관광,명소 > 문화유적",,경북 경주시 인왕동 921-1,http://place.map.kakao.com/12706099,129.22614089954646,35.82843036862392,3,false,DISJOINT,,
경주,월정교,1,월정교,"여행 > 관광,명소 > 문화유적",,경북 경주시 교동 274,http://place.map.kakao.com/1839209698,129.21812129691938,35.82929954620109,8,true,EXACT,,
경주,월정교,2,월정교 주차장,"교통,수송 > 교통시설 > 주차장",PK6,경북 경주시 교동 153-5,http://place.map.kakao.com/182251458,129.21538412500448,35.82795343347463,8,true,CANDIDATE_LONGER,,주차장
경주,월정교,3,월정교 주차장화장실,"가정,생활 > 화장실",,경북 경주시 교동 155-2,http://place.map.kakao.com/1538567641,129.215750524949,35.8283971990151,8,true,CANDIDATE_LONGER,,주차장화장실
경주,월정교,4,월정교,"음식점 > 한식 > 해물,생선",FD6,경북 경주시 감포읍 동해안로 1890,http://place.map.kakao.com/1613134148,129.494138377529,35.7773018587763,10,true,EXACT,,
경주,교촌마을,0,교촌한옥마을,"여행 > 체험여행 > 정보화,체험마을",,경북 경주시 교촌길 39-2,http://place.map.kakao.com/12578939,129.21469503800208,35.8296330738302,3,false,DISJOINT,,
경주,교촌마을,1,교촌,부동산 > 지명,,경북 경주시 교동,http://place.map.kakao.com/25182534,129.217092468907,35.8300213535354,8,true,AI_LONGER,,
경주,교촌마을,2,경주교촌마을 교촌홍보관,"문화,예술 > 문화시설 > 전시관",CT1,경북 경주시 교촌안길 31,http://place.map.kakao.com/27355657,129.217608923664,35.8299721749093,8,true,CANDIDATE_LONGER,경주,교촌홍보관
경주,교촌마을,3,교촌한옥마을 관광안내소,"여행 > 관광,명소 > 관광안내소",,경북 경주시 교촌길 39-2,http://place.map.kakao.com/974836581,129.2147210372,35.8295334795173,3,false,DISJOINT,,
경주,교촌마을,4,경주교촌마을 문화관광해설사의집,"여행 > 관광,명소 > 관광안내소",,경북 경주시 교동 18-9,http://place.map.kakao.com/884682063,129.217648784652,35.831046385845,8,true,CANDIDATE_LONGER,경주,문화관광해설사의집
경주,경주계림,0,경주계림,"여행 > 관광,명소 > 숲",AT4,경북 경주시 교동 1,http://place.map.kakao.com/8183204,129.218916244204,35.8325754812219,10,true,EXACT,,
경주,경주계림,1,경주계림밀면,음식점 > 한식 > 국수,FD6,경북 경주시 용담로54번길 17-19,http://place.map.kakao.com/198262235,129.215017861245,35.8649074791704,10,true,CANDIDATE_LONGER,,밀면
경주,경주계림,2,플래시백계림,"문화,예술 > 문화시설 > 전시관",CT1,경북 경주시 천북남로 14,http://place.map.kakao.com/1333376059,129.29007224069096,35.844696925055544,3,false,DISJOINT,,
경주,경주계림,3,계림중학교,"교육,학문 > 학교 > 중학교",SC4,경북 경주시 용담로 68,http://place.map.kakao.com/8180944,129.21429831762,35.8640314216684,3,false,DISJOINT,,
경주,경주계림,4,계림초등학교,"교육,학문 > 학교 > 초등학교",SC4,경북 경주시 동문로43번길 16,http://place.map.kakao.com/8648648,129.213151126054,35.849369179305,3,false,DISJOINT,,
경주,황남빵,0,황남빵,"음식점 > 간식 > 제과,베이커리",FD6,경북 경주시 태종로 783,http://place.map.kakao.com/26519092,129.21364442351,35.8408398161359,10,true,EXACT,,
경주,황남빵,1,황남빵 주차장,"교통,수송 > 교통시설 > 주차장",PK6,경북 경주시 황오동 347-1,http://place.map.kakao.com/1835194643,129.213692602416,35.8407019694528,8,true,CANDIDATE_LONGER,,주차장
경주,신라왕경숲,0,신라왕경숲,여행 > 공원,,경북 경주시 구황동 883-44,http://place.map.kakao.com/27572563,129.238822569371,35.8399154335654,8,true,EXACT,,
경주,신라왕경숲,1,신라왕경숲 주차장2,"교통,수송 > 교통시설 > 주차장",PK6,경북 경주시 구황동 885-6,http://place.map.kakao.com/27572560,129.2415965901329,35.83939695854148,8,true,CANDIDATE_LONGER,,주차장2
경주,경주동궁원,0,경주동궁원,"여행 > 관광,명소 > 수목원,식물원",AT4,경북 경주시 보문로 74-14,http://place.map.kakao.com/19464673,129.26166060389696,35.849507092525485,10,true,EXACT,,
경주,경주동궁원,1,경주동궁원 주차장,"교통,수송 > 교통시설 > 주차장",PK6,경북 경주시 북군동 576-4,http://place.map.kakao.com/1746105493,129.262429699036,35.8505558270305,8,true,CANDIDATE_LONGER,,주차장
경주,경주동궁원,2,경주동궁원 동궁식물원 본관,"여행 > 관광,명소 > 수목원,식물원",AT4,경북 경주시 보문로 74-13,http://place.map.kakao.com/643170133,129.264248812477,35.8505431697621,10,true,CANDIDATE_LONGER,,동궁식물원본관
경주,경주동궁원,3,경주동궁원 화장실,"가정,생활 > 화장실",,경북 경주시 보문로 74-13,http://place.map.kakao.com/1546960256,129.263233825521,35.8498775154583,8,true,CANDIDATE_LONGER,,화장실
경주,경주동궁원,4,경주동궁원 매표소,"서비스,산업 > 관리,운영 > 매표소",,경북 경주시 북군동 576-4,http://place.map.kakao.com/720004631,129.262844277822,35.850501162763,8,true,CANDIDATE_LONGER,,매표소
경주,맷돌순두부,0,맷돌순두부,음식점 > 한식 > 두부전문점,FD6,경북 경주시 북군길 7,http://place.map.kakao.com/10341223,129.262849554884,35.851776927027,10,true,EXACT,,
경주,맷돌순두부,1,전통맷돌순두부,음식점 > 한식 > 두부전문점,FD6,경북 경주시 숲머리길 111,http://place.map.kakao.com/9366085,129.24845969804,35.8408887500275,10,true,CANDIDATE_LONGER,전통,
경주,맷돌순두부,2,기와골맷돌순두부,음식점 > 한식 > 두부전문점,FD6,경북 경주시 숲머리길 142,http://place.map.kakao.com/26825545,129.25155049044952,35.84186884725916,10,true,CANDIDATE_LONGER,기와골,
경주,맷돌순두부,3,천마맷돌순두부,음식점 > 한식 > 두부전문점,FD6,경북 경주시 첨성로73번길 12,http://place.map.kakao.com/2041571944,129.210557845819,35.8341334116272,10,true,CANDIDATE_LONGER,천마,
경주,맷돌순두부,4,대신맷돌순두부,음식점 > 한식 > 두부전문점,FD6,경북 경주시 용강상리2길 4-1,http://place.map.kakao.com/8296089,129.22642500589,35.8632089080184,10,true,CANDIDATE_LONGER,대신,
경주,경주레저,0,경주레저,"스포츠,레저 > 스포츠시설",,경북 경주시 보문로 4-72,http://place.map.kakao.com/19760587,129.2656058420282,35.84879930737125,8,true,EXACT,,
경주,경주레저,1,경주월드리조트 레저풀,"여행 > 관광,명소",,경북 경주시 보문로 544,http://place.map.kakao.com/17581977,129.282456018499,35.8346106923681,3,false,DISJOINT,,
경주,경주레저,2,일성경주보문콘도&리조트,"여행 > 숙박 > 콘도,리조트 > 일성콘도미니엄",AD5,경북 경주시 보문로 365,http://place.map.kakao.com/8045883,129.281023513995,35.8485714514036,3,false,DISJOINT,,
경주,경주레저,3,솔밭수상레저,"스포츠,레저 > 수영,수상 > 수상스포츠",,경북 경주시 양남면 양남로 58-38,http://place.map.kakao.com/623506198,129.4520125818942,35.66125256883432,3,false,DISJOINT,,
경주,경주레저,4,애기지낚시터,"스포츠,레저 > 낚시 > 낚시터",,경북 경주시 서면 아화리 705-28,http://place.map.kakao.com/24734406,129.039948221967,35.9009675620073,3,false,DISJOINT,,
경주,아덴,0,아덴 보문호수점,음식점 > 카페 > 테마카페 > 디저트카페,CE7,경북 경주시 한국관광1번로 34,http://place.map.kakao.com/425270187,129.28367743254475,35.84313285674398,10,true,CANDIDATE_LONGER,,보문호수점
경주,아덴,1,아덴 2호점,음식점 > 카페 > 테마카페 > 디저트카페,CE7,경북 경주시 사정로 57,http://place.map.kakao.com/1345543229,129.209153680974,35.8367668704458,10,true,CANDIDATE_LONGER,,2호점
경주,아덴,2,아덴블랑제리 용황점,"음식점 > 간식 > 제과,베이커리",FD6,경북 경주시 용황로8길 5,http://place.map.kakao.com/1224343136,129.22607180123495,35.88270671143068,10,true,CANDIDATE_LONGER,,블랑제리용황점
경주,낙지마실,0,낙지마실,"음식점 > 한식 > 해물,생선",FD6,경북 경주시 북군길 9,http://place.map.kakao.com/9729398,129.2629476350143,35.851645330156884,10,true,EXACT,,
경주,경주 버드파크,0,경주버드파크,"여행 > 관광,명소 > 테마파크",AT4,경북 경주시 보문로 74-14,http://place.map.kakao.com/22836504,129.26136419785396,35.84928020700084,5,true,EXACT,,
경주,경주 버드파크,1,경주동궁원 경주버드파크야외체험장,"교육,학문 > 교육단체 > 체험학습장",,경북 경주시 북군동 591-1,http://place.map.kakao.com/1120491012,129.26129149867,35.8489806304161,3,true,CANDIDATE_LONGER,경주동궁원,야외체험장
경주,아빠피자 한화리조트경주점,-1,,,,,,,,,,,,
경주,엘로우,0,엘로우,음식점 > 카페,CE7,경북 경주시 경감로 375-16,http://place.map.kakao.com/1657634396,129.27175177011577,35.84516648354257,10,true,EXACT,,
경주,엘로우,1,엘로우 주차장,"교통,수송 > 교통시설 > 주차장",PK6,경북 경주시 천군동 315-1,http://place.map.kakao.com/903735840,129.271957837062,35.8449805771281,8,true,CANDIDATE_LONGER,,주차장
경주,보문호,0,보문호,"여행 > 관광,명소 > 호수",AT4,경북 경주시 신평동 719-1,http://place.map.kakao.com/7891771,129.27753795591485,35.84460638582451,10,true,EXACT,,
경주,보문호,1,보문호 유선장,"교통,수송 > 교통시설 > 선착장,항만시설 > 유람선선착장",,경북 경주시 신평동 719-143,http://place.map.kakao.com/11315724,129.283670687001,35.8428590717364,8,true,CANDIDATE_LONGER,,유선장
경주,아임맛,0,아임맛,음식점 > 한식,FD6,경북 경주시 엑스포로 80,http://place.map.kakao.com/389188743,129.289863734585,35.8345598101658,10,true,EXACT,,
경주,경주엑스포대공원,0,경주엑스포대공원,여행 > 공원 > 도시근린공원,,경북 경주시 경감로 614,http://place.map.kakao.com/23853687,129.28834791643507,35.83086563680756,8,true,EXACT,,
경주,경주엑스포대공원,1,경주엑스포대공원 서문주차장,"교통,수송 > 교통시설 > 주차장",PK6,경북 경주시 천군동 130,http://place.map.kakao.com/18071642,129.286588138565,35.833468888576,8,true,CANDIDATE_LONGER,,서문주차장
경주,경주엑스포대공원,2,경주엑스포대공원 자연사박물관,"문화,예술 > 문화시설 > 박물관",CT1,경북 경주시 경감로 614,http://place.map.kakao.com/2105519589,129.286749740316,35.83061855315,8,true,CANDIDATE_LONGER,,자연사박물관
경주,경주엑스포대공원,3,경주엑스포대공원 백결공연장,"문화,예술 > 문화시설 > 공연장,연극극장",CT1,경북 경주시 경감로 614,http://place.map.kakao.com/17560329,129.28947043676308,35.83200207262181,8,true,CANDIDATE_LONGER,,백결공연장
경주,경주엑스포대공원,4,경주엑스포대공원 동문주차장,"교통,수송 > 교통시설 > 주차장",PK6,경북 경주시 천군동 130,http://place.map.kakao.com/18071644,129.292995750637,35.83250518311833,8,true,CANDIDATE_LONGER,,동문주차장
경주,토함산,0,토함산,"여행 > 관광,명소 > 산",AT4,경북 경주시 마동 산 1-1,http://place.map.kakao.com/8107208,129.34523390026058,35.80177195761822,10,true,EXACT,,
경주,토함산,1,토함산자연휴양림,"여행 > 관광,명소 > 자연휴양림",AT4,경북 경주시 문무대왕면 불국로 1208-45,http://place.map.kakao.com/8107290,129.36542528026993,35.761693380853785,10,true,CANDIDATE_LONGER,,자연휴양림
경주,토함산,2,불국사토함산밀면,음식점 > 한식 > 국수,FD6,경북 경주시 구정1길 8,http://place.map.kakao.com/26875855,129.298052080365,35.77753747853498,10,true,CANDIDATE_LONGER,불국사,밀면
경주,토함산,3,토함산식당,"음식점 > 한식 > 육류,고기 > 닭요리",FD6,경북 경주시 새골길 197,http://place.map.kakao.com/8114811,129.312736540521,35.798541805332,10,true,CANDIDATE_LONGER,,식당
경주,토함산,4,토함산터널,"교통,수송 > 도로시설 > 터널",,경북 경주시 문무대왕면 장항리 산 498,http://place.map.kakao.com/27071654,129.3624685765152,35.76906964153608,8,true,CANDIDATE_LONGER,,터널
경주,불국사,0,불국사,"문화,예술 > 종교 > 불교 > 절,사찰",,경북 경주시 불국로 385,http://place.map.kakao.com/12760573,129.3318426090494,35.78991466172384,8,true,EXACT,,
경주,불국사,1,불국사 정문주차장,"교통,수송 > 교통시설 > 주차장 > 공영주차장",PK6,경북 경주시 진현동 산 70-1,http://place.map.kakao.com/20516971,129.3322329651638,35.786357938744,8,true,CANDIDATE_LONGER,,정문주차장
경주,불국사,2,하운드호텔 경주불국사,여행 > 숙박 > 호텔,AD5,경북 경주시 불국신택지4길 34,http://place.map.kakao.com/832046967,129.325443977923,35.7856641473026,8,true,CANDIDATE_LONGER,하운드호텔경주,
경주,불국사,3,불국사 공영주차장,"교통,수송 > 교통시설 > 주차장 > 공영주차장",PK6,경북 경주시 진현동 50-2,http://place.map.kakao.com/704451699,129.32905024914854,35.78642866890904,8,true,CANDIDATE_LONGER,,공영주차장
경주,불국사,4,불국사농협 진현지점,"금융,보험 > 금융서비스 > 은행 > 농축협",,경북 경주시 진현로2길 54,http://place.map.kakao.com/8246726,129.32759715454688,35.78570716345793,8,true,CANDIDATE_LONGER,,농협진현지점
경주,내류사,0,내류사,음식점 > 카페,CE7,경북 경주시 영불로 263-7,http://place.map.kakao.com/1256052575,129.328659098998,35.7853784406057,10,true,EXACT,,
경주,늘봄,0,늘봄,"가정,생활 > 패션 > 의류판매",,경북 경주시 금성로 295,http://place.map.kakao.com/13325097,129.206400065839,35.8440979321628,8,true,EXACT,,
경주,늘봄,1,늘봄,음식점 > 한식 > 쌈밥,FD6,경북 경주시 보불로 107,http://place.map.kakao.com/26900498,129.313037428026,35.7938146136754,10,true,EXACT,,
경주,늘봄,2,늘봄,음식점 > 한식,FD6,경북 경주시 내남면 이조중앙길 13-1,http://place.map.kakao.com/1093420026,129.198450348776,35.7509811107766,10,true,EXACT,,
경주,늘봄,3,늘봄노래연습장,"가정,생활 > 여가시설 > 노래방",,경북 경주시 감포읍 감포로8길 8,http://place.map.kakao.com/16818217,129.5018018484052,35.80674825986177,8,true,CANDIDATE_LONGER,,노래연습장
경주,늘봄,4,경주 늘봄농원,"서비스,산업 > 축산업 > 농장,목장",,경북 경주시 강동면 유금강정길 33-77,http://place.map.kakao.com/1340309698,129.28497082876,35.9962817670654,8,true,CANDIDATE_LONGER,경주,농원
경주,대산도예,0,대산도예,"문화,예술 > 미술,공예 > 도자기",,경북 경주시 하동공예촌길 12-5,http://place.map.kakao.com/16460987,129.3112589786375,35.8049549336038,8,true,EXACT,,
경주,대산도예,1,대산도예 체험장,"교육,학문 > 교육단체 > 체험학습장",,경북 경주시 보불로 213,http://place.map.kakao.com/16957234,129.31165729680424,35.80270821194544,8,true,CANDIDATE_LONGER,,체험장
경주,자연애곤드레 경주불국사본점,-1,,,,,,,,,,,,
경주,송대말 등대,0,송대말등대,"교통,수송 > 교통시설 > 등대",,경북 경주시 감포읍 감포로 226-19,http://place.map.kakao.com/9865973,129.5113556677616,35.80722828526161,3,true,EXACT,,
경주,송대말 등대,1,송대말등대 빛체험전시관,"문화,예술 > 문화시설 > 전시관",CT1,경북 경주시 감포읍 감포로 226-19,http://place.map.kakao.com/1394788185,129.5113590714177,35.807336332617545,3,true,CANDIDATE_LONGER,,빛체험전시관
경주,커피다루다,0,커피다루다,음식점 > 카페,CE7,경북 경주시 감포읍 동해안로 1708,http://place.map.kakao.com/440172661,129.493121342499,35.7614474086665,10,true,EXACT,,
경주,일미횟집,0,일미횟집,"음식점 > 한식 > 해물,생선 > 회",FD6,경북 경주시 감포읍 동해안로 1628-3,http://place.map.kakao.com/10746913,129.49122354126027,35.755182471662664,10,true,EXACT,,
경주,일미횟집,1,일미등푸른회,"음식점 > 한식 > 해물,생선 > 회",FD6,경북 경주시 안강읍 구부랑두림길 46,http://place.map.kakao.com/2008215339,129.193073887464,36.0020344383748,5,false,DISJOINT,,
경주,해파랑길11코스,0,해파랑길 11코스,"여행 > 관광,명소 > 도보여행 > 해파랑길",AT4,경북 경주시 문무대왕면 용당리 45,http://place.map.kakao.com/26564190,129.48602215904378,35.745676475185775,5,true,EXACT,,
경주,봉길대왕암해변,0,봉길대왕암해변,"여행 > 관광,명소 > 해수욕장,해변",AT4,경북 경주시 문무대왕면 봉길리,http://place.map.kakao.com/7909799,129.48394767024934,35.73991690270128,10,true,EXACT,,
경주,봉길대왕암해변,1,봉길대왕암해변 주차장,"교통,수송 > 교통시설 > 주차장",PK6,경북 경주시 문무대왕면 봉길해안길 41,http://place.map.kakao.com/20571935,129.48345970220012,35.740395503161636,8,true,CANDIDATE_LONGER,,주차장
경주,갈매기횟집,0,갈매기횟집,"음식점 > 한식 > 해물,생선 > 회",FD6,경북 경주시 감포읍 대밑길 12-17,http://place.map.kakao.com/1061058370,129.486690288189,35.7460500886828,10,true,EXACT,,
경주,갈매기횟집,1,갈매기횟집민박,여행 > 숙박 > 민박,AD5,경북 경주시 감포읍 대밑길 12-22,http://place.map.kakao.com/1080495453,129.485616151489,35.7455217883694,8,true,CANDIDATE_LONGER,,민박
경주,갈매기횟집,2,갈매기회식당,"음식점 > 한식 > 해물,생선 > 회",FD6,경북 경주시 감포읍 감포로11길 20-53,http://place.map.kakao.com/1304415781,129.50990732814,35.8071423233445,5,false,DISJOINT,,
경주,경주 금리단길,0,경주금리단길,"여행 > 관광,명소 > 테마거리",AT4,경북 경주시 노동동 280-1,http://place.map.kakao.com/122904148,129.213552753539,35.844070848531,5,true,EXACT,,
경주,경주 금리단길,1,2026 경주 황금카니발,이슈 > 이벤트 > 페스티벌,,경북 경주시 노동동 80-1,http://place.map.kakao.com/2071790169,129.213503575995,35.8423813957122,3,false,DISJOINT,,
경주,경주대릉원,0,대릉원,"여행 > 관광,명소 > 문화유적 > 릉,묘,총",,경북 경주시 황남동 31-1,http://place.map.kakao.com/8288444,129.21333399231364,35.83819105876201,8,true,AI_LONGER,,
경주,경주대릉원,1,스타벅스 경주대릉원점,음식점 > 카페 > 커피전문점 > 스타벅스,CE7,경북 경주시 첨성로 125,http://place.map.kakao.com/24994872,129.214987136254,35.8340500195735,10,true,CANDIDATE_LONGER,스타벅스,점
경주,경주대릉원,2,경주 대릉원돌담길 벚꽃축제,이슈 > 이벤트 > 페스티벌,,경북 경주시 황남동 15-11,http://place.map.kakao.com/23787734,129.21369808014725,35.839187212382924,3,true,CANDIDATE_LONGER,,돌담길벚꽃축제
경주,경주대릉원,3,경주역사유적지구 대릉원지구,"여행 > 관광,명소 > 문화유적",,경북 경주시 황남동 53,http://place.map.kakao.com/17566887,129.211775624431,35.8385783793198,3,false,DISJOINT,,
경주,경주대릉원,4,경주십원빵 대릉원,"음식점 > 간식 > 제과,베이커리",FD6,경북 경주시 포석로1092번길 70,http://place.map.kakao.com/1565716879,129.215443262303,35.834854350818,5,false,DISJOINT,,
경주,포석로 소갈비찜,0,포석로소갈비찜,"음식점 > 한식 > 육류,고기 > 갈비",FD6,경북 경주시 포석로1068번길 22,http://place.map.kakao.com/1775498827,129.211840825689,35.8359055792282,5,true,EXACT,,
경주,포석로 소갈비찜,1,소옥,음식점 > 한식,FD6,경북 경주시 포석로1050번길 29,http://place.map.kakao.com/1358676395,129.21245821648847,35.83454894858,5,false,DISJOINT,,
경주,포석로 소갈비찜,2,취향가옥,"음식점 > 한식 > 육류,고기 > 갈비",FD6,경북 경주시 포석로1095번길 7,http://place.map.kakao.com/1868165341,129.209315661139,35.8386569885744,5,false,DISJOINT,,
경주,포석로 소갈비찜,3,포석로 소갈비찜 2호점,"음식점 > 한식 > 육류,고기 > 갈비",FD6,경북 경주시 포석로 1058-4,http://place.map.kakao.com/1747033771,129.209912626897,35.8353256535758,10,true,CANDIDATE_LONGER,,2호점
경주,포석로 소갈비찜,4,거송갈비찜 황남점,"음식점 > 한식 > 육류,고기 > 갈비",FD6,경북 경주시 포석로1068번길 20-2,http://place.map.kakao.com/1848220059,129.21154667390323,35.83599208919872,5,false,DISJOINT,,
경주,미피스토어,0,미피스토어 경주,"가정,생활 > 생활용품점 > 인테리어장식판매",,경북 경주시 포석로 1046,http://place.map.kakao.com/210891597,129.209585034485,35.8342864663504,8,true,CANDIDATE_LONGER,,경주
경주,미피스토어,1,교리숯불갈비,"음식점 > 한식 > 육류,고기 > 갈비",FD6,경북 경주시 포석로 1046-3,http://place.map.kakao.com/313961716,129.209683181412,35.8344738806838,5,false,DISJOINT,,
경주,이치니산도,0,이치니산도,음식점 > 카페 > 테마카페 > 디저트카페,CE7,경북 경주시 사정로 58,http://place.map.kakao.com/1918888925,129.20928817392573,35.836389561766225,10,true,EXACT,,
경주,청온채,0,청온채,음식점 > 한식,FD6,경북 경주시 포석로1079번길 8-5,http://place.map.kakao.com/1537697848,129.208798933628,35.83762127831,10,true,EXACT,,
경주,보문정(경주),0,보문정,"여행 > 관광,명소",,경북 경주시 신평동 150-1,http://place.map.kakao.com/11943719,129.2896006557967,35.84095853444243,8,true,AI_LONGER,,
경주,올바릇식당 경주점,-1,,,,,,,,,,,,
경주,경주루지월드,0,경주루지월드,"여행 > 관광,명소 > 유원지",AT4,경북 경주시 천북남로 16,http://place.map.kakao.com/1657883363,129.28915834783714,35.84447287099048,10,true,EXACT,,
경주,경주루지월드,1,경주루지월드 루지푸드코트,음식점 > 푸드코트,FD6,경북 경주시 천북남로 16,http://place.map.kakao.com/2113514060,129.28907171628362,35.844885391469646,10,true,CANDIDATE_LONGER,,루지푸드코트
경주,경주루지월드,2,레이저아레나 경주보문,"스포츠,레저 > 스포츠시설 > 서바이벌게임",,경북 경주시 천북남로 16,http://place.map.kakao.com/1105994874,129.29309882400594,35.84473198486022,3,false,DISJOINT,,
경주,경주루지월드,3,탑솜사탕 경주루지월드점,음식점 > 간식,FD6,경북 경주시 천북남로 16,http://place.map.kakao.com/816083092,129.28909991521337,35.844788443856814,10,true,CANDIDATE_LONGER,탑솜사탕,점
경주,경주루지월드,4,액티브아레나 경주점,"스포츠,레저 > 스포츠시설 > 서바이벌게임",,경북 경주시 천북남로 16,http://place.map.kakao.com/293069973,129.2891612322329,35.84476565050012,3,false,DISJOINT,,
경주,조돌칼국수 경주본점,-1,,,,,,,,,,,,
경주,백조식당,0,백조식당,음식점 > 한식,FD6,경북 경주시 첨성로81번길 31,http://place.map.kakao.com/1015604817,129.2108878278,35.8358960917846,10,true,EXACT,,
경주,백조식당,1,백조다방,음식점 > 카페 > 다방,CE7,경북 경주시 건천읍 단석로 1998,http://place.map.kakao.com/10395488,129.10139288062274,35.84839219209629,5,false,DISJOINT,,
경주,교촌가람,0,교촌가람,"음식점 > 간식 > 떡,한과",FD6,경북 경주시 교촌길 39-11,http://place.map.kakao.com/27460279,129.2156635638103,35.83020359733635,10,true,EXACT,,
경주,교촌치킨 신경주역점,0,교촌치킨 신경주역점,음식점 > 치킨 > 교촌치킨,FD6,경북 경주시 건천읍 경주역세권4로 28,http://place.map.kakao.com/317044323,129.136375190988,35.802645417623,10,true,EXACT,,
경주,전촌항,0,전촌항,"교통,수송 > 교통시설 > 항구,포구",,경북 경주시 감포읍 전촌리 1245-11,http://place.map.kakao.com/25018001,129.495158102412,35.7915263065441,8,true,EXACT,,
부산,부산엑스더스카이,0,부산엑스더스카이,"여행 > 관광,명소 > 전망대",AT4,부산 해운대구 달맞이길 30,http://place.map.kakao.com/1431820215,129.1697343615961,35.15958657405275,10,true,EXACT,,
부산,부산엑스더스카이,1,인생네컷 부산엑스더스카이로드점,"문화,예술 > 사진 > 사진관,포토스튜디오 > 즉석사진 > 인생네컷",,부산 해운대구 달맞이길 30,http://place.map.kakao.com/2028192227,129.168014073303,35.1613331563992,8,true,CANDIDATE_LONGER,인생네컷,로드점
부산,카페해운대1994,0,카페해운대1994,음식점 > 카페,CE7,부산 해운대구 해운대로 620,http://place.map.kakao.com/1578643703,129.15856665489636,35.16322221027609,10,true,EXACT,,
부산,카페해운대1994,1,카페해운대1994 연산점,음식점 > 카페,CE7,부산 연제구 고분로 63,http://place.map.kakao.com/1523296794,129.0894060613,35.1857539029131,10,true,CANDIDATE_LONGER,,연산점
부산,카페해운대1994,2,카페해운대1994 장산역점,음식점 > 카페,CE7,부산 해운대구 양운로42번길 12,http://place.map.kakao.com/1394548755,129.177855733752,35.1679898851694,10,true,CANDIDATE_LONGER,,장산역점
부산,상국이네,0,상국이네,음식점 > 분식,FD6,부산 해운대구 구남로41번길 40-1,http://place.map.kakao.com/9089301,129.16287693095907,35.162016169133,10,true,EXACT,,
부산,상국이네,1,상국이네분식 신세계백화점 센텀시티점,음식점 > 분식,FD6,부산 해운대구 센텀남대로 35,http://place.map.kakao.com/68633537,129.129043830593,35.1686678485493,10,true,CANDIDATE_LONGER,,분식신세계백화점센텀시티점
부산,동백공원,0,동백공원,여행 > 공원 > 도시근린공원,,부산 해운대구 우동 708-3,http://place.map.kakao.com/10296784,129.152378047079,35.1542875882683,8,true,EXACT,,
부산,동백공원,1,동백섬,"여행 > 관광,명소 > 섬 > 섬(내륙)",AT4,부산 해운대구 우동 708-3,http://place.map.kakao.com/8257954,129.152289970167,35.1539431141198,5,false,DISJOINT,,
부산,동백공원,2,동백공원 공영주차장,"교통,수송 > 교통시설 > 주차장 > 공영주차장",PK6,부산 해운대구 우동 721,http://place.map.kakao.com/25712061,129.151453949145,35.1556953756682,8,true,CANDIDATE_LONGER,,공영주차장
부산,동백공원,3,동백공원 주차장,"교통,수송 > 교통시설 > 주차장",PK6,부산 해운대구 우동 747-9,http://place.map.kakao.com/20515410,129.152578677939,35.1569045498011,8,true,CANDIDATE_LONGER,,주차장
부산,동백공원,4,동백공원출렁다리,"여행 > 관광,명소",,부산 해운대구 우동 708-1,http://place.map.kakao.com/719410575,129.153887897486,35.1547059098732,8,true,CANDIDATE_LONGER,,출렁다리
부산,동백섬,0,동백섬,"여행 > 관광,명소 > 섬 > 섬(내륙)",AT4,부산 해운대구 우동 708-3,http://place.map.kakao.com/8257954,129.152289970167,35.1539431141198,10,true,EXACT,,
부산,동백섬,1,동백섬횟집,"음식점 > 한식 > 해물,생선 > 회",FD6,부산 해운대구 해운대해변로209번나길 17,http://place.map.kakao.com/14735817,129.15465460018015,35.160435890200745,10,true,CANDIDATE_LONGER,,횟집
부산,동백섬,2,동백섬 누리마루전망대,"여행 > 관광,명소 > 전망대",AT4,부산 해운대구 우동 710-1,http://place.map.kakao.com/213928278,129.152533269093,35.1521833603479,10,true,CANDIDATE_LONGER,,누리마루전망대
부산,동백섬,3,현대아쿠아팰리스동백섬아파트,부동산 > 주거시설 > 아파트,,부산 해운대구 동백로 23,http://place.map.kakao.com/11332069,129.15118280086256,35.159398488519564,8,true,CANDIDATE_LONGER,현대아쿠아팰리스,아파트
부산,동백섬,4,동백섬마리나,부동산 > 부동산서비스,,부산 해운대구 동백로 52,http://place.map.kakao.com/18824781,129.152021757225,35.1565900358557,8,true,CANDIDATE_LONGER,,마리나
부산,광안리 산해횟집,0,산해횟집,"음식점 > 한식 > 해물,생선 > 회",FD6,부산 수영구 광안해변로344번길 17-20,http://place.map.kakao.com/20554112,129.13165769451794,35.15499650870459,10,true,AI_LONGER,,
부산,해파랑길1코스,0,해파랑길 1코스,"여행 > 관광,명소 > 도보여행 > 해파랑길",AT4,부산 수영구 광안동,http://place.map.kakao.com/26564180,129.1164806331399,35.150976820684335,5,true,EXACT,,
부산,카페오뜨 광안비치점,0,카페오뜨 광안비치점,음식점 > 카페 > 커피전문점,CE7,부산 수영구 광안해변로 209,http://place.map.kakao.com/1519162143,129.117577779701,35.1527527369214,10,true,EXACT,,
부산,호텔 아쿠아펠리스 스카이 전망대&스카이 워크,-1,,,,,,,,,,,,
부산,페이센동 광안리점,-1,,,,,,,,,,,,
부산,광안리해수욕장,0,광안리해수욕장,"여행 > 관광,명소 > 해수욕장,해변",AT4,부산 수영구 광안해변로 219,http://place.map.kakao.com/8202423,129.118976093583,35.1531932736837,10,true,EXACT,,
부산,광안리해수욕장,1,광안리해수욕장 공영주차장,"교통,수송 > 교통시설 > 주차장 > 공영주차장",PK6,부산 수영구 광안동 198-3,http://place.map.kakao.com/18559771,129.11598529440508,35.15159285242623,8,true,CANDIDATE_LONGER,,공영주차장
부산,광안리해수욕장,2,광안리해수욕장 주차장,"교통,수송 > 교통시설 > 주차장",PK6,부산 수영구 광안로 59-1,http://place.map.kakao.com/1447534327,129.118615345468,35.1550217126641,8,true,CANDIDATE_LONGER,,주차장
부산,광안리해수욕장,3,카카오T 광안리해수욕장 주차장,"교통,수송 > 교통시설 > 주차장",PK6,부산 수영구 광안로 59-1,http://place.map.kakao.com/58031467,129.11861534546762,35.15502171266408,8,true,CANDIDATE_LONGER,카카오t,주차장
부산,광안리해수욕장,4,부산불꽃축제,이슈 > 이벤트 > 페스티벌,,부산 수영구 광안동,http://place.map.kakao.com/12637818,129.118943702994,35.1531289575092,3,false,DISJOINT,,
부산,광안리 진양호횟집,0,광안리진양호횟집,"음식점 > 한식 > 해물,생선 > 회",FD6,부산 수영구 광안해변로344번길 17-20,http://place.map.kakao.com/8556968,129.131738697076,35.1550311288388,5,true,EXACT,,
부산,해돋이전망대,0,영도해돋이전망대,"여행 > 관광,명소 > 전망대",AT4,부산 영도구 해돋이3길 410-1,http://place.map.kakao.com/27496725,129.055940517426,35.0890712724133,10,true,CANDIDATE_LONGER,영도,
부산,흰여울문화마을,0,흰여울문화마을,"여행 > 관광,명소",,부산 영도구 영선동4가 605-3,http://place.map.kakao.com/22875776,129.0437540909888,35.07944374604049,8,true,EXACT,,
부산,흰여울문화마을,1,흰여울문화마을 거점센터,"교육,학문 > 문화센터",,부산 영도구 절영로 194,http://place.map.kakao.com/19732390,129.04353722179926,35.079890780475175,8,true,CANDIDATE_LONGER,,거점센터
부산,흰여울문화마을,2,CU 영도흰여울문화마을점,"가정,생활 > 편의점 > CU",CS2,부산 영도구 절영로 202-2,http://place.map.kakao.com/170048522,129.04438549839418,35.07948626868854,8,true,CANDIDATE_LONGER,cu영도,점
부산,루아앤티그리 광복점,0,루아앤티그리 광복점,음식점 > 양식,FD6,부산 중구 용미길10번길 1,http://place.map.kakao.com/1058750439,129.034727752096,35.0968386895202,10,true,EXACT,,
부산,다이소 부산남포점,0,다이소 부산남포점,"가정,생활 > 생활용품점 > 다이소",,부산 중구 구덕로 46,http://place.map.kakao.com/26855845,129.030921436299,35.0984579607795,8,true,EXACT,,
부산,클라우드밤,0,클라우드밤,음식점 > 카페,CE7,부산 중구 비프광장로 12-1,http://place.map.kakao.com/21554492,129.02665147335816,35.09836362233308,10,true,EXACT,,
부산,장인닭갈비 남포점,0,장인닭갈비 남포점,"음식점 > 한식 > 육류,고기 > 닭요리",FD6,부산 중구 구덕로48번길 4-1,http://place.map.kakao.com/513957146,129.030796904074,35.0987421153991,10,true,EXACT,,
부산,감지해변산책로,0,감지해변산책로,"여행 > 관광,명소",,부산 영도구 동삼동,http://place.map.kakao.com/12025736,129.071291598396,35.060696993819,8,true,EXACT,,
부산,태종대 욜로조개구이,-1,,,,,,,,,,,,
부산,태종대,0,태종대유원지,"여행 > 관광,명소 > 유원지",AT4,부산 영도구 동삼동 산 29-1,http://place.map.kakao.com/8111808,129.08777773925445,35.05252720661388,10,true,CANDIDATE_LONGER,,유원지
부산,태종대,1,태종대 전망대,"여행 > 관광,명소 > 전망대",AT4,부산 영도구 전망로 209,http://place.map.kakao.com/8109574,129.088332461502,35.0503836832051,10,true,CANDIDATE_LONGER,,전망대
부산,태종대,2,태종대 다누비열차,여행 > 관광지부속시설,,부산 영도구 전망로 24,http://place.map.kakao.com/25036200,129.07993667969725,35.059655042825305,8,true,CANDIDATE_LONGER,,다누비열차
부산,태종대,3,태종대온천,"가정,생활 > 목욕탕,사우나 > 찜질방",,부산 영도구 태종로 808,http://place.map.kakao.com/8560034,129.07884562559792,35.064603158310014,8,true,CANDIDATE_LONGER,,온천
부산,태종대,4,태종대 주차장,"교통,수송 > 교통시설 > 주차장",PK6,부산 영도구 태종로833번길 23,http://place.map.kakao.com/27143504,129.082548326868,35.0618523267522,8,true,CANDIDATE_LONGER,,주차장
부산,카페씨야,0,카페씨야,음식점 > 카페,CE7,부산 영도구 전망로 181,http://place.map.kakao.com/1777735734,129.092011135931,35.052269506527,10,true,EXACT,,
부산,카페씨야,1,카페엔피씨,음식점 > 카페 > 테마카페 > 무인카페,CE7,부산 동래구 동래로136번길 26,http://place.map.kakao.com/1818431947,129.08463506201886,35.20501988603306,5,false,DISJOINT,,
부산,카페씨야,2,유씨,음식점 > 카페,CE7,부산 서구 망양로 191-1,http://place.map.kakao.com/1859667116,129.02599978983,35.1132330977308,5,false,DISJOINT,,
부산,카페씨야,3,모루씨 해리단길점,음식점 > 카페 > 커피전문점,CE7,부산 해운대구 우동1로 44,http://place.map.kakao.com/1070089700,129.157674585773,35.1653431768489,5,false,DISJOINT,,
부산,카페씨야,4,대니씨,음식점 > 카페,CE7,부산 수영구 광남로258번길 39,http://place.map.kakao.com/504964729,129.12781936138956,35.15798102826736,5,false,DISJOINT,,
부산,태종대전망대,0,태종대 전망대,"여행 > 관광,명소 > 전망대",AT4,부산 영도구 전망로 209,http://place.map.kakao.com/8109574,129.088332461502,35.0503836832051,5,true,EXACT,,
부산,태종대전망대,1,태종도원,음식점 > 한식,FD6,부산 영도구 전망로 209,http://place.map.kakao.com/1564455775,129.088371097811,35.0503947330553,5,false,DISJOINT,,
부산,태종대전망대,2,찬스컴퍼니,음식점 > 분식,FD6,부산 영도구 전망로 209,http://place.map.kakao.com/1543410860,129.088372170246,35.0503938134159,5,false,DISJOINT,,
부산,찬's 컴퍼니,-1,,,,,,,,,,,,
부산,송정서핑학교,0,송정서핑스쿨,"스포츠,레저 > 수영,수상 > 수상스포츠",,부산 해운대구 송정해변로 28,http://place.map.kakao.com/21123537,129.20305871689862,35.18107976140307,3,false,DISJOINT,,
부산,수월경화,0,수월경화,음식점 > 카페,CE7,부산 해운대구 송정중앙로6번길 188,http://place.map.kakao.com/148813545,129.196581797635,35.1761015491838,10,true,EXACT,,
부산,수월경화,1,호시노아 오브 수월경화,음식점 > 카페,CE7,부산 연제구 쌍미천로 82,http://place.map.kakao.com/1276988312,129.088532690206,35.1800646724644,10,true,CANDIDATE_LONGER,호시노아오브,
부산,수월경화,2,리추얼오브 수월경화,"서비스,산업 > 식품 > 음료,주류제조 > 차,커피",,부산 해운대구 송정중앙로6번길 188,http://place.map.kakao.com/994984331,129.196568609632,35.1761008873201,8,true,CANDIDATE_LONGER,리추얼오브,
부산,수월경화,3,수월경화 주차장,"교통,수송 > 교통시설 > 주차장",PK6,부산 해운대구 송정중앙로6번길 188,http://place.map.kakao.com/2093385391,129.196574215733,35.1761052912728,8,true,CANDIDATE_LONGER,,주차장
부산,죽도공원,0,죽도공원,여행 > 공원 > 도시근린공원,,부산 해운대구 송정해변로 1-23,http://place.map.kakao.com/8576816,129.205382289118,35.1801047856529,8,true,EXACT,,
부산,오랑대,0,오랑대,"여행 > 관광,명소 > 문화유적 > 사당,제단",,부산 기장군 기장읍 연화리 산 65-2,http://place.map.kakao.com/11650926,129.2298469317901,35.203794153236075,8,true,EXACT,,
부산,오랑대,1,오랑대공원,여행 > 공원 > 도시근린공원,,부산 기장군 기장읍 시랑리,http://place.map.kakao.com/11340429,129.227814368768,35.2059095736345,8,true,CANDIDATE_LONGER,,공원
부산,오랑대,2,오랑대 공영 주차장,"교통,수송 > 교통시설 > 주차장 > 공영주차장",PK6,부산 기장군 기장읍 연화리 산 65-1,http://place.map.kakao.com/901526396,129.227274020439,35.2055815981575,8,true,CANDIDATE_LONGER,,공영주차장
부산,오랑대,3,오랑대공원 공영주차장,"교통,수송 > 교통시설 > 주차장",PK6,부산 기장군 기장읍 연화리 산 64-26,http://place.map.kakao.com/20519500,129.22650906451173,35.205793019458774,8,true,CANDIDATE_LONGER,,공원공영주차장
부산,오랑대,4,오랑대 화장실,"가정,생활 > 화장실",,부산 기장군 기장읍 기장해안로 340-40,http://place.map.kakao.com/862464952,129.227489941679,35.2051261618184,8,true,CANDIDATE_LONGER,,화장실
부산,어느멋진날,0,어느멋진날,음식점 > 한식,FD6,부산 기장군 일광읍 기장해안로 1286,http://place.map.kakao.com/1019513691,129.234275447312,35.2587527661542,10,true,EXACT,,
부산,어느멋진날,1,어느멋진날,"문화,예술 > 사진 > 사진관,포토스튜디오",,부산 북구 백양대로 1176,http://place.map.kakao.com/27605264,129.005125976898,35.2073202339348,8,true,EXACT,,
부산,어느멋진날,2,어느멋진날 주차장,"교통,수송 > 교통시설 > 주차장",PK6,부산 기장군 일광읍 삼성리 145-12,http://place.map.kakao.com/607693897,129.234123835385,35.2586726643106,8,true,CANDIDATE_LONGER,,주차장
부산,다대응봉봉수대,0,응봉봉수대,"여행 > 관광,명소 > 문화유적 > 봉수대",,부산 사하구 다대동,http://place.map.kakao.com/8518331,128.969145194862,35.0658738781298,8,true,AI_LONGER,,
부산,다대응봉봉수대,1,응봉봉수대 입구,"교통,수송 > 입출구",,부산 사하구 다대동 산 113-7,http://place.map.kakao.com/19184117,128.9650820399833,35.05920068099192,3,false,DISJOINT,,
부산,아미산전망대,0,아미산전망대,"여행 > 관광,명소 > 전망대",AT4,부산 사하구 다대낙조2길 77,http://place.map.kakao.com/12664720,128.96075764613,35.0526649308885,10,true,EXACT,,
부산,아미산전망대,1,아미산전망대 주차장,"교통,수송 > 교통시설 > 주차장",PK6,부산 사하구 다대낙조2길 77,http://place.map.kakao.com/444982806,128.961056666625,35.0528871967558,8,true,CANDIDATE_LONGER,,주차장
부산,아미산전망대,2,아미산전망대공원,여행 > 공원,,부산 사하구 다대동 1548-1,http://place.map.kakao.com/2120727232,128.960482133613,35.0525549335393,8,true,CANDIDATE_LONGER,,공원
부산,아미산전망대,3,아미산전망대 카페드림,음식점 > 카페,CE7,부산 사하구 다대낙조2길 77,http://place.map.kakao.com/756508469,128.9607479650986,35.05276421881735,10,true,CANDIDATE_LONGER,,카페드림
부산,삼도축산,0,삼도축산,"음식점 > 한식 > 육류,고기",FD6,부산 사하구 다대로 686,http://place.map.kakao.com/418262723,128.966267427795,35.048257198877,10,true,EXACT,,
부산,다대포해수욕장,0,다대포해수욕장,"여행 > 관광,명소 > 해수욕장,해변",AT4,부산 사하구 다대동,http://place.map.kakao.com/8214103,128.962741189119,35.0465263488422,10,true,EXACT,,
부산,다대포해수욕장,1,다대포해수욕장역 부산1호선,"교통,수송 > 지하철,전철 > 부산1호선",SW8,부산 사하구 다대로 지하 692,http://place.map.kakao.com/973636400,128.965782934439,35.0481605146045,8,true,CANDIDATE_LONGER,,역부산1호선
부산,다대포해수욕장,2,브라운도트호텔 다대포해수욕장점,여행 > 숙박 > 호텔,AD5,부산 사하구 다대동로 45,http://place.map.kakao.com/572651120,128.972725014778,35.0574021661925,8,true,CANDIDATE_LONGER,브라운도트호텔,점
부산,다대포해수욕장,3,다대포해수욕장 버스주차장,"교통,수송 > 교통시설 > 주차장",PK6,부산 사하구 다대동 1552-20,http://place.map.kakao.com/1680116410,128.965800328999,35.0477889405795,8,true,CANDIDATE_LONGER,,버스주차장
부산,다대포해수욕장,4,다대포해수욕장 수상구조대,"사회,공공기관 > 행정기관 > 소방본부",,부산 사하구 몰운대1길 14,http://place.map.kakao.com/14503506,128.968113808497,35.0462878796774,8,true,CANDIDATE_LONGER,,수상구조대
부산,이지요661,0,이지요661,음식점 > 카페,CE7,부산 사하구 다대로 661,http://place.map.kakao.com/562078056,128.968836950934,35.0473792035196,10,true,EXACT,,
부산,이지요661,1,이지요661 주차장,"교통,수송 > 교통시설 > 주차장",PK6,부산 사하구 다대로 661,http://place.map.kakao.com/1945774389,128.969004327561,35.0475954762311,8,true,CANDIDATE_LONGER,,주차장
부산,통영산꼼장어,0,통영산꼼장어,"음식점 > 한식 > 해물,생선 > 장어",FD6,부산 사하구 몰운대1길 31,http://place.map.kakao.com/16490734,128.968620403098,35.0465752491491,10,true,EXACT,,
부산,통영산꼼장어,1,통영산곰장어,"음식점 > 한식 > 해물,생선 > 장어",FD6,부산 수영구 연수로382번길 6,http://place.map.kakao.com/2033005451,129.111134390506,35.169713159684,5,false,DISJOINT,,
부산,통영산꼼장어,2,통영산곰장어,"음식점 > 한식 > 해물,생선 > 장어",FD6,부산 부산진구 서면문화로5번길 24,http://place.map.kakao.com/370586722,129.05637591943807,35.15834922913723,5,false,DISJOINT,,
부산,통영산꼼장어,3,통영국대꼼장어직판장 해운대점,"음식점 > 한식 > 해물,생선 > 장어",FD6,부산 해운대구 대천로106번길 26-4,http://place.map.kakao.com/641605842,129.1748661450401,35.17378927470766,5,false,DISJOINT,,
부산,통영산꼼장어,4,해운대통영장어,"음식점 > 한식 > 해물,생선 > 장어",FD6,부산 해운대구 좌동로10번길 21,http://place.map.kakao.com/16321246,129.17011848432782,35.16735202093638,5,false,DISJOINT,,
부산,빙동댕 프리미엄 빙수카페 해운대점,-1,,,,,,,,,,,,
부산,더파티 프리미엄 해운대점,0,더파티 해운대점,음식점 > 뷔페,FD6,부산 해운대구 해운대해변로298번길 24,http://place.map.kakao.com/384066887,129.166554966563,35.160104882813,5,false,DISJOINT,,
부산,해운대해수욕장,0,해운대해수욕장,"여행 > 관광,명소 > 해수욕장,해변",AT4,부산 해운대구 우동,http://place.map.kakao.com/7913306,129.159854668484,35.1585232170784,10,true,EXACT,,
부산,해운대해수욕장,1,해운대모래축제,이슈 > 이벤트 > 페스티벌,,부산 해운대구 해운대해변로 264,http://place.map.kakao.com/25045411,129.159932007878,35.1587921803816,3,false,DISJOINT,,
부산,해운대해수욕장,2,해운대 빛축제,이슈 > 이벤트 > 페스티벌,,부산 해운대구 해운대해변로 280,http://place.map.kakao.com/1958714741,129.16257647704452,35.15949653649849,3,false,DISJOINT,,
부산,해운대해수욕장,3,해운대해수욕장 LCT 소공원 공중화장실,"가정,생활 > 화장실",,부산 해운대구 해운대해변로298번길 34,http://place.map.kakao.com/515465660,129.1676696816042,35.16005789987037,8,true,CANDIDATE_LONGER,,lct소공원공중화장실
부산,해운대해수욕장,4,해운대해수욕장삼거리,"교통,수송 > 도로시설 > 교차로",,부산 해운대구 중동,http://place.map.kakao.com/15146713,129.160602171521,35.1595696259192,8,true,CANDIDATE_LONGER,,삼거리
부산,요트탈래,0,요트탈래,"스포츠,레저 > 수영,수상 > 수상스포츠",,부산 해운대구 동백로 52,http://place.map.kakao.com/1965241452,129.15206982440276,35.15658197252421,8,true,EXACT,,
부산,요트탈래,1,요트탈래,"스포츠,레저 > 수영,수상 > 수상스포츠",,부산 해운대구 해운대해변로 84,http://place.map.kakao.com/1922121754,129.141958423447,35.1597999012135,8,true,EXACT,,
부산,요트탈래,2,요트스테이,여행 > 숙박,AD5,부산 해운대구 해운대해변로 84,http://place.map.kakao.com/27460143,129.14120337246,35.1604656837265,3,false,DISJOINT,,
부산,격주 해운대점,-1,,,,,,,,,,,,
부산,램바란스 프리미엄 광안본점,-1,,,,,,,,,,,,
부산,페로어페로 광안리점,0,페로어페로 광안리점,음식점 > 카페 > 테마카페 > 디저트카페,CE7,부산 수영구 남천바다로 38-6,http://place.map.kakao.com/862025041,129.1140926127833,35.14820062424701,10,true,EXACT,,
부산,조개대표 광안본점,0,조개대표 광안본점,"음식점 > 한식 > 해물,생선 > 조개",FD6,부산 수영구 광남로94번길 16,http://place.map.kakao.com/433896245,129.115305263438,35.1499916690231,10,true,EXACT,,
부산,광안리해변 테마거리,0,광안리해변테마거리,"여행 > 관광,명소 > 테마거리",AT4,부산 수영구 민락동,http://place.map.kakao.com/12644071,129.121921991589,35.1550881802856,5,true,EXACT,,
부산,광안리해변 테마거리,1,광안리해변 명화의거리,"여행 > 관광,명소 > 테마거리",AT4,부산 수영구 광안동 200-21,http://place.map.kakao.com/1199968782,129.115773850732,35.1502069698121,5,false,DISJOINT,,
부산,광안리해변 테마거리,2,광안리카페거리,"여행 > 관광,명소 > 테마거리 > 카페거리",AT4,부산 수영구 광안동 205,http://place.map.kakao.com/8668857,129.116357196067,35.1508708395273,5,false,DISJOINT,,
부산,레이저태그스포츠 광안점,0,레이저태그스포츠 광안점,"스포츠,레저 > 스포츠시설 > 서바이벌게임",,부산 수영구 광안해변로 269,http://place.map.kakao.com/1712410462,129.123126356161,35.1557897947943,8,true,EXACT,,
부산,국제시장 먹자골목,0,국제시장먹자골목,"여행 > 관광,명소 > 테마거리 > 먹자골목",AT4,부산 중구 창선동2가 40-5,http://place.map.kakao.com/12711092,129.0288900389178,35.0994490331839,5,true,EXACT,,
부산,국제시장 먹자골목,1,아리랑거리,"여행 > 관광,명소 > 테마거리",AT4,부산 중구 신창동3가 24-1,http://place.map.kakao.com/18525213,129.028857444105,35.1004787213747,5,false,DISJOINT,,
부산,부산타워,0,용두산공원,여행 > 공원 > 도시근린공원,,부산 중구 용두산길 37-55,http://place.map.kakao.com/11339636,129.03244338014895,35.10093050445418,3,false,DISJOINT,,
부산,부산타워,1,부산타워,"여행 > 관광,명소 > 전망대",AT4,부산 중구 용두산길 37-30,http://place.map.kakao.com/1534486834,129.03232871480225,35.10121449509689,10,true,EXACT,,
부산,부산타워,2,부산벤처타워,부동산 > 빌딩,,부산 사상구 모라로 22,http://place.map.kakao.com/279129860,128.98473448270684,35.19095493445522,3,false,DISJOINT,,
부산,부산타워,3,ABL부산타워,부동산 > 빌딩,,부산 부산진구 중앙대로 640,http://place.map.kakao.com/14969251,129.059769271701,35.1498819119763,8,true,CANDIDATE_LONGER,abl,
부산,부산타워,4,나라키움 부산온타워,부동산 > 빌딩,,부산 남구 수영로 350,http://place.map.kakao.com/254714300,129.104012250065,35.138882484941,3,false,DISJOINT,,
부산,홍유단 남포본점,0,홍유단 남포본점,음식점 > 중식 > 중국요리,FD6,부산 중구 구덕로34번길 5,http://place.map.kakao.com/753120163,129.032035923637,35.0984753268154,10,true,EXACT,,
부산,빙동댕 프리미엄 빙수카페 부산남포점,-1,,,,,,,,,,,,
부산,아이스토어 롯데백화점 광복점,0,아이스토어 부산광복점,"가정,생활 > 전자제품 > 전자제품서비스센터 > 통신기기수리 > Apple 공인서비스센터",,부산 중구 중앙대로 2,http://place.map.kakao.com/1610104106,129.036689563884,35.0978601120367,3,false,DISJOINT,,
부산,부산명물횟집,0,부산명물횟집,"음식점 > 한식 > 해물,생선 > 회",FD6,부산 중구 자갈치해안로 55,http://place.map.kakao.com/7908577,129.03112054346374,35.09711367503743,10,true,EXACT,,
부산,부산명물횟집,1,명물횟집,"음식점 > 한식 > 해물,생선 > 회",FD6,부산 수영구 수영로476번길 8,http://place.map.kakao.com/12062176,129.11099641999022,35.148242913693934,10,true,AI_LONGER,,
부산,부산명물횟집,2,해수명물횟집,"음식점 > 한식 > 해물,생선 > 회",FD6,부산 동래구 온천천로471번가길 58,http://place.map.kakao.com/86795193,129.101849563102,35.1926683993063,5,false,DISJOINT,,
부산,부산명물횟집,3,속시원한 명물 부산물회,"음식점 > 한식 > 해물,생선 > 회",FD6,부산 수영구 남천동로108번길 12,http://place.map.kakao.com/1250773763,129.112268026896,35.1458660298837,5,false,DISJOINT,,
제주,아베베 베이커리 제주,0,아베베베이커리 제주,"음식점 > 간식 > 제과,베이커리",FD6,제주특별자치도 제주시 동문로6길 4,http://place.map.kakao.com/587249375,126.5287905775174,33.512655088399306,5,true,EXACT,,
제주,문희 제주본점,-1,,,,,,,,,,,,
제주,틸디엔드,0,틸디엔드,"가정,생활 > 패션 > 의류판매",,제주특별자치도 제주시 관덕로 9-5,http://place.map.kakao.com/1279026872,126.52010158426971,33.51342865620788,8,true,EXACT,,
제주,용두암,0,용두암,"여행 > 관광,명소 > 바위",,제주특별자치도 제주시 용담이동,http://place.map.kakao.com/11540370,126.51197322864594,33.516115193053565,8,true,EXACT,,
제주,용두암,1,용두암해수랜드,"여행 > 관광,명소 > 온천",AT4,제주특별자치도 제주시 서해안로 630,http://place.map.kakao.com/8030782,126.504396779046,33.5161202745896,10,true,CANDIDATE_LONGER,,해수랜드
제주,용두암,2,용두암 인증센터,"여행 > 관광,명소 > 자전거여행",AT4,제주특별자치도 제주시 용담이동 493-6,http://place.map.kakao.com/24325298,126.51107939101122,33.51524163487379,10,true,CANDIDATE_LONGER,,인증센터
제주,용두암,3,용두암오메기떡,"음식점 > 간식 > 떡,한과",FD6,제주특별자치도 제주시 용담로7길 6,http://place.map.kakao.com/171171889,126.510657330307,33.5129715693691,10,true,CANDIDATE_LONGER,,오메기떡
제주,용두암,4,용두암현대1차아파트,부동산 > 주거시설 > 아파트,,제주특별자치도 제주시 용담로5길 25,http://place.map.kakao.com/11330849,126.50779707011374,33.515531570501444,8,true,CANDIDATE_LONGER,,현대1차아파트
제주,용담해안도로,0,용담해안도로,"여행 > 관광,명소 > 드라이브코스",AT4,제주특별자치도 제주시 용담삼동 496,http://place.map.kakao.com/8013248,126.50956060325,33.5158270736255,10,true,EXACT,,
제주,용담해안도로,1,용담해안도로 주차장,"교통,수송 > 교통시설 > 주차장",PK6,제주특별자치도 제주시 용담삼동 2396-8,http://place.map.kakao.com/579066730,126.488381382188,33.518566987522,8,true,CANDIDATE_LONGER,,주차장
제주,용담해안도로,2,용담해안도로 용두암입구,"교통,수송 > 입출구",,제주특별자치도 제주시 용담이동 485-3,http://place.map.kakao.com/26168384,126.512583400213,33.5157524518554,8,true,CANDIDATE_LONGER,,용두암입구
제주,용담해안도로,3,다이소 제주용담해안도로점,"가정,생활 > 생활용품점 > 다이소",,제주특별자치도 제주시 서해안로 510,http://place.map.kakao.com/1900227887,126.493381217977,33.5194801093523,8,true,CANDIDATE_LONGER,다이소제주,점
제주,용담해안도로,4,파스쿠찌 제주용담해안도로점,음식점 > 카페 > 커피전문점 > 파스쿠찌,CE7,제주특별자치도 제주시 서해안로 506,http://place.map.kakao.com/22018778,126.493101784027,33.5194068391421,10,true,CANDIDATE_LONGER,파스쿠찌제주,점
제주,다려도,0,다려도횟집,"음식점 > 한식 > 해물,생선 > 회",FD6,제주특별자치도 제주시 조천읍 신북로 544,http://place.map.kakao.com/11026612,126.667726113557,33.5411100764799,10,true,CANDIDATE_LONGER,,횟집
제주,다려도,1,다려도,"여행 > 관광,명소 > 섬",AT4,제주특별자치도 제주시 조천읍 북촌리,http://place.map.kakao.com/8303282,126.695276828882,33.5567929098305,10,true,EXACT,,
제주,다려도,2,다려도배낚시,"스포츠,레저 > 낚시",,제주특별자치도 제주시 조천읍 북촌12길 29,http://place.map.kakao.com/8310725,126.698869600433,33.5467579661557,8,true,CANDIDATE_LONGER,,배낚시
제주,오드랑베이커리 함덕점,-1,,,,,,,,,,,,
제주,함덕 연옥,0,함덕연옥,음식점 > 한식,FD6,제주특별자치도 제주시 조천읍 조함해안로 528,http://place.map.kakao.com/1730219412,126.669208818132,33.5424880729744,5,true,EXACT,,
제주,함덕해수욕장 (함덕 서우봉 해변),0,함덕해수욕장,"여행 > 관광,명소 > 해수욕장,해변",AT4,제주특별자치도 제주시 조천읍 조함해안로 525,http://place.map.kakao.com/8148451,126.669238934013,33.5430615661113,10,true,AI_LONGER,,
제주,함덕해수욕장 (함덕 서우봉 해변),1,함덕서우봉해변 인증센터,"여행 > 관광,명소 > 자전거여행",AT4,제주특별자치도 제주시 조천읍 함덕리 산 14-53,http://place.map.kakao.com/164550863,126.672456267835,33.5441556353804,5,false,DISJOINT,,
제주,함덕해수욕장 (함덕 서우봉 해변),2,함덕해수욕장 아영장 공중화장실2,"가정,생활 > 화장실",,제주특별자치도 제주시 조천읍 조함해안로 585,http://place.map.kakao.com/27487562,126.674057874869,33.5442969036234,3,false,DISJOINT,,
제주,함덕해수욕장 (함덕 서우봉 해변),3,함덕해수욕장 야영장 공중화장실1,"가정,생활 > 화장실",,제주특별자치도 제주시 조천읍 조함해안로 525,http://place.map.kakao.com/27487561,126.671841516712,33.5427186728072,3,false,DISJOINT,,
제주,함덕해수욕장 (함덕 서우봉 해변),4,함덕해수욕장 해수욕장종합상황실,"서비스,산업 > 관리,운영 > 관광지관리운영",,제주특별자치도 제주시 조천읍 조함해안로 534,http://place.map.kakao.com/27194863,126.670024909213,33.5424974631031,3,false,DISJOINT,,
제주,서우봉둘레길,0,함덕북촌마을길,"여행 > 관광,명소 > 도보여행",AT4,제주특별자치도 제주시 조천읍 함덕리 126,http://place.map.kakao.com/26564432,126.6775696160555,33.54732462815616,5,false,DISJOINT,,
제주,서우봉둘레길,1,백가네제주한상 함덕본점,음식점 > 한식,FD6,제주특별자치도 제주시 조천읍 함덕로 40,http://place.map.kakao.com/882692521,126.671132125886,33.5423958239209,5,false,DISJOINT,,
제주,새연교,0,새연교,"교통,수송 > 도로시설 > 교량,다리",,제주특별자치도 서귀포시 서홍동 707-4,http://place.map.kakao.com/26875121,126.55888601468132,33.23853253939838,8,true,EXACT,,
제주,새연교,1,새연교 주차장,"교통,수송 > 교통시설 > 주차장",PK6,제주특별자치도 서귀포시 서홍동,http://place.map.kakao.com/14819614,126.559104060115,33.2404087061241,8,true,CANDIDATE_LONGER,,주차장
제주,새연교,2,새연교횟집,"음식점 > 한식 > 해물,생선 > 회",FD6,제주특별자치도 서귀포시 솔동산로22번길 11,http://place.map.kakao.com/11576977,126.56259103752,33.2434541052246,10,true,CANDIDATE_LONGER,,횟집
제주,새연교,3,새연교 음악분수,"여행 > 관광,명소",,제주특별자치도 서귀포시 서홍동 707-7,http://place.map.kakao.com/1779076533,126.5586714069177,33.23896365971893,8,true,CANDIDATE_LONGER,,음악분수
제주,새연교,4,새연교안내소,"여행 > 관광,명소 > 관광안내소",,제주특별자치도 서귀포시 남성중로 40,http://place.map.kakao.com/26204215,126.5584561015076,33.239106255049954,8,true,CANDIDATE_LONGER,,안내소
제주,천지연폭포,0,천지연폭포,"여행 > 관광,명소 > 폭포",,제주특별자치도 서귀포시 서홍동 2565,http://place.map.kakao.com/8100102,126.55452234287986,33.24721231608811,8,true,EXACT,,
제주,천지연폭포,1,천지연폭포 주차장,"교통,수송 > 교통시설 > 주차장 > 공영주차장",PK6,제주특별자치도 서귀포시 남성중로 2-9,http://place.map.kakao.com/20587601,126.560300213898,33.2440915956914,8,true,CANDIDATE_LONGER,,주차장
제주,천지연폭포,2,천지연폭포 매표소,"서비스,산업 > 관리,운영 > 매표소",,제주특별자치도 서귀포시 남성중로 2-15,http://place.map.kakao.com/20113110,126.559670551727,33.2446952640754,8,true,CANDIDATE_LONGER,,매표소
제주,천지연폭포,3,천지연폭포 야외공연장,"문화,예술 > 문화시설 > 공연장,연극극장",CT1,제주특별자치도 서귀포시 남성중로 2-35,http://place.map.kakao.com/1779591019,126.558203200013,33.2450164508989,8,true,CANDIDATE_LONGER,,야외공연장
제주,천지연폭포,4,천지연폭포 전망대,"여행 > 관광,명소 > 전망대",AT4,제주특별자치도 서귀포시 서홍동 658,http://place.map.kakao.com/1779409505,126.55690553184283,33.24509388306335,10,true,CANDIDATE_LONGER,,전망대
제주,먹고정 서귀포올레시장본점,-1,,,,,,,,,,,,
제주,유동커피,0,유동커피,음식점 > 카페 > 커피전문점,CE7,제주특별자치도 서귀포시 태평로 406-1,http://place.map.kakao.com/21160031,126.563800348044,33.2445258834582,10,true,EXACT,,
제주,유동커피,1,유동커피 소금공장점,음식점 > 카페,CE7,제주특별자치도 제주시 용마서1길 30,http://place.map.kakao.com/773271089,126.505582904594,33.5159329759881,10,true,CANDIDATE_LONGER,,소금공장점
제주,유동커피,2,유동커피 팩토리,음식점 > 카페,CE7,제주특별자치도 서귀포시 솜반천로6번길 11,http://place.map.kakao.com/220412132,126.55981621787886,33.255235835460006,10,true,CANDIDATE_LONGER,,팩토리
제주,이중섭거리,0,이중섭거리,"여행 > 관광,명소 > 테마거리",AT4,제주특별자치도 서귀포시 이중섭로 4-1,http://place.map.kakao.com/8523750,126.56400391121568,33.24761378125579,10,true,EXACT,,
제주,이중섭거리,1,이중섭거리명동로상가,"여행 > 관광,명소 > 테마거리",AT4,제주특별자치도 서귀포시 서귀동 417-1,http://place.map.kakao.com/1999187580,126.564200401981,33.247372832826,10,true,CANDIDATE_LONGER,,명동로상가
제주,이중섭거리,2,포토시그니처 이중섭거리점,"문화,예술 > 사진 > 사진관,포토스튜디오 > 즉석사진 > 포토시그니처",,제주특별자치도 서귀포시 이중섭로 1,http://place.map.kakao.com/1342914770,126.564292139635,33.2479150343347,8,true,CANDIDATE_LONGER,포토시그니처,점
제주,이중섭거리,3,GS25 이중섭거리점,"가정,생활 > 편의점 > GS25",CS2,제주특별자치도 서귀포시 이중섭로 16,http://place.map.kakao.com/27088372,126.56397820009344,33.24674091260702,8,true,CANDIDATE_LONGER,gs25,점
제주,이중섭거리,4,더조아짐 이중섭거리점,"스포츠,레저 > 스포츠시설 > 헬스클럽",,제주특별자치도 서귀포시 명동로 14,http://place.map.kakao.com/1214688746,126.56347704613043,33.24674997423849,8,true,CANDIDATE_LONGER,더조아짐,점
제주,기흥어물,0,기흥어물,"가정,생활 > 식품판매 > 수산물판매",,제주특별자치도 서귀포시 중정로61번길 6,http://place.map.kakao.com/8821699,126.56301524843413,33.2483379272309,8,true,EXACT,,
제주,제주 글라스하우스,0,소인국테마파크,"여행 > 관광,명소 > 테마파크",AT4,제주특별자치도 서귀포시 안덕면 화순서동로 347,http://place.map.kakao.com/11330871,126.33154274626303,33.28180497071458,5,false,DISJOINT,,
제주,제주 글라스하우스,1,글라스하우스,여행 > 숙박 > 펜션,AD5,제주특별자치도 서귀포시 대정읍 가파로 155,http://place.map.kakao.com/747475236,126.277839808086,33.170249739585,8,true,AI_LONGER,,
제주,제주 글라스하우스,2,휘닉스아일랜드 글라스하우스,"여행 > 관광,명소 > 테마파크 > 테마파크시설",,제주특별자치도 서귀포시 성산읍 고성리 46,http://place.map.kakao.com/17581830,126.933813743835,33.4291691830636,3,false,DISJOINT,,
제주,서귀피안 베이커리,0,서귀피안베이커리,"음식점 > 간식 > 제과,베이커리",FD6,제주특별자치도 서귀포시 성산읍 신양로122번길 17,http://place.map.kakao.com/231488419,126.921974734586,33.435253604641,5,true,EXACT,,
제주,서귀피안 베이커리,1,보래드베이커스,"음식점 > 간식 > 제과,베이커리",FD6,제주특별자치도 서귀포시 보목로64번길 178,http://place.map.kakao.com/460384368,126.59056615376942,33.244398678150446,5,false,DISJOINT,,
제주,코코마마 성산점,0,코코마마 성산점,"음식점 > 한식 > 해물,생선",FD6,제주특별자치도 서귀포시 성산읍 일출로 258-11,http://place.map.kakao.com/787179341,126.9343166410302,33.46101258935257,10,true,EXACT,,
제주,성산일출봉,0,성산일출봉,"여행 > 관광,명소 > 산봉우리",,제주특별자치도 서귀포시 성산읍 성산리 78,http://place.map.kakao.com/25285071,126.940537521366,33.4591349705437,8,true,EXACT,,
제주,성산일출봉,1,성산일출봉 주차장,"교통,수송 > 교통시설 > 주차장",PK6,제주특별자치도 서귀포시 성산읍 일출로 284-6,http://place.map.kakao.com/1697556079,126.93494242691943,33.46136274393101,8,true,CANDIDATE_LONGER,,주차장
제주,성산일출봉,2,성산바다풍경 제주성산일출봉점,음식점 > 한식,FD6,제주특별자치도 서귀포시 성산읍 일출로288번길 17,http://place.map.kakao.com/10412287,126.93584889919035,33.464734334420726,10,true,CANDIDATE_LONGER,성산바다풍경제주,점
제주,성산일출봉,3,성산일출봉농협 하나로마트,"가정,생활 > 슈퍼마켓 > 대형슈퍼 > 하나로마트",MT1,제주특별자치도 서귀포시 성산읍 일주동로 4282,http://place.map.kakao.com/12256433,126.91173363576924,33.44626895330285,8,true,CANDIDATE_LONGER,,농협하나로마트
제주,성산일출봉,4,성산일출봉농협 성산포지점,"금융,보험 > 금융서비스 > 은행 > 농축협",,제주특별자치도 서귀포시 성산읍 성산중앙로 49,http://place.map.kakao.com/8247427,126.93383235778762,33.464141818859545,8,true,CANDIDATE_LONGER,,농협성산포지점
제주,식산봉,0,식산봉,"여행 > 관광,명소 > 오름",AT4,제주특별자치도 서귀포시 성산읍 오조리 313,http://place.map.kakao.com/25297842,126.91993907611783,33.465680786479915,10,true,EXACT,,
제주,성산포 자연산 회센타,0,성산포자연산회센타,"음식점 > 한식 > 해물,생선 > 회",FD6,제주특별자치도 서귀포시 성산읍 한도로 67,http://place.map.kakao.com/22924862,126.91532805097266,33.46830681416851,5,true,EXACT,,
제주,대포해안,-1,,,,,,,,,,,,
제주,대포주상절리,0,중문대포주상절리대,"여행 > 관광,명소 > 바위",,제주특별자치도 서귀포시 이어도로 36-30,http://place.map.kakao.com/10793668,126.42601106402861,33.23798494731946,8,true,CANDIDATE_LONGER,중문,대
제주,자연임실치즈피자 중문점,-1,,,,,,,,,,,,
제주,중문별장,0,중문별장,음식점 > 카페,CE7,제주특별자치도 서귀포시 천제연로 337,http://place.map.kakao.com/2145770450,126.44023238296008,33.252335994014565,10,true,EXACT,,
제주,중문별장,1,혜윰별장 전기차충전소,"교통,수송 > 자동차 > 전기차 충전소",,제주특별자치도 서귀포시 중산간서로594번길 19-1,http://place.map.kakao.com/127924623,126.45223341243819,33.263423496674015,3,false,DISJOINT,,
제주,중문별장,2,혜윰별장 2 전기차충전소,"교통,수송 > 자동차 > 전기차 충전소",,제주특별자치도 서귀포시 중산간서로594번길 19-1,http://place.map.kakao.com/1994319993,126.452233412438,33.263423496674,3,false,DISJOINT,,
제주,엉덩물계곡,0,엉덩물계곡,"여행 > 관광,명소 > 계곡",AT4,제주특별자치도 서귀포시 중문관광로110번길 15,http://place.map.kakao.com/27548967,126.41283804432645,33.248851129609,10,true,EXACT,,
제주,엉덩물계곡,1,엉덩물계곡 공영주차장,"교통,수송 > 교통시설 > 주차장 > 공영주차장",PK6,제주특별자치도 서귀포시 색달동 2889-1,http://place.map.kakao.com/17932538,126.41453999936662,33.246262481355096,8,true,CANDIDATE_LONGER,,공영주차장
제주,까망돼지 중문점,0,까망돼지 중문점,"음식점 > 한식 > 육류,고기 > 삼겹살",FD6,제주특별자치도 서귀포시 색달중앙로 21,http://place.map.kakao.com/24325071,126.413411836802,33.2574066173646,10,true,EXACT,,
제주,까망돼지 중문점,1,까망돼지 중문점 주차장,"교통,수송 > 교통시설 > 주차장",PK6,제주특별자치도 서귀포시 색달동 2534-9,http://place.map.kakao.com/2088670908,126.413521319631,33.2574035272861,8,true,CANDIDATE_LONGER,,주차장
제주,해거름전망대,-1,,,,,,,,,,,,
제주,한림공원,0,한림공원,"여행 > 관광,명소 > 수목원,식물원",AT4,제주특별자치도 제주시 한림읍 한림로 300,http://place.map.kakao.com/10941032,126.23969118079854,33.39022512718131,10,true,EXACT,,
제주,한림공원,1,한림공원수국축제,이슈 > 이벤트 > 페스티벌,,제주특별자치도 제주시 한림읍 한림로 300,http://place.map.kakao.com/1804270969,126.242319314487,33.3877113413559,8,true,CANDIDATE_LONGER,,수국축제
제주,한림공원,2,한림공원 협재굴,"여행 > 관광,명소 > 동굴",,제주특별자치도 제주시 한림읍 협재리,http://place.map.kakao.com/11200482,126.240158459752,33.3870417732509,8,true,CANDIDATE_LONGER,,협재굴
제주,한림공원,3,한림공원 아열대식물원,"여행 > 관광,명소 > 수목원,식물원",AT4,제주특별자치도 제주시 한림읍 한림로 300,http://place.map.kakao.com/8147328,126.238376210303,33.3892992466763,10,true,CANDIDATE_LONGER,,아열대식물원
제주,한림공원,4,한림공원 야자수길,"여행 > 관광,명소 > 수목원,식물원",AT4,제주특별자치도 제주시 한림읍 한림로 300,http://place.map.kakao.com/19533696,126.238783710177,33.3898967955003,10,true,CANDIDATE_LONGER,,야자수길
제주,제주 정직한돈 한림협재점,-1,,,,,,,,,,,,
제주,협재해수욕장,0,협재해수욕장,"여행 > 관광,명소 > 해수욕장,해변",AT4,제주특별자치도 제주시 한림읍 협재리,http://place.map.kakao.com/8159415,126.23965234966808,33.394314495016246,10,true,EXACT,,
제주,협재해수욕장,1,협재해수욕장 1주차장,"교통,수송 > 교통시설 > 주차장",PK6,제주특별자치도 제주시 한림읍 협재리 2447-45,http://place.map.kakao.com/1843629046,126.240872847782,33.3947430090211,8,true,CANDIDATE_LONGER,,1주차장
제주,협재해수욕장,2,협재해수욕장 캠핑장,"여행 > 숙박 > 야영,캠핑장",AD5,제주특별자치도 제주시 한림읍 협재리,http://place.map.kakao.com/24372468,126.239833742302,33.3942200379581,8,true,CANDIDATE_LONGER,,캠핑장
제주,협재해수욕장,3,협재해수욕장 2주차장,"교통,수송 > 교통시설 > 주차장",PK6,제주특별자치도 제주시 한림읍 협재리 2447-13,http://place.map.kakao.com/20588902,126.23954692352272,33.392844259983704,8,true,CANDIDATE_LONGER,,2주차장
제주,협재해수욕장,4,협재해수욕장야영장 공중화장실,"가정,생활 > 화장실",,제주특별자치도 제주시 한림읍 협재리 2447,http://place.map.kakao.com/1497469802,126.239017861581,33.3931205092025,8,true,CANDIDATE_LONGER,,야영장공중화장실
제주,호텔샌드,0,호텔샌드,음식점 > 카페,CE7,제주특별자치도 제주시 한림읍 한림로 339,http://place.map.kakao.com/1500112810,126.240472920343,33.3938885608837,10,true,EXACT,,
제주,옹포바다횟집,0,옹포바다횟집,"음식점 > 한식 > 해물,생선 > 회",FD6,제주특별자치도 제주시 한림읍 옹포1길 24,http://place.map.kakao.com/1582336126,126.25167734898,33.4038596815672,10,true,EXACT,,
제주,옹포바다횟집,1,옹포바다횟집 주차장,"교통,수송 > 교통시설 > 주차장",PK6,제주특별자치도 제주시 한림읍 옹포1길 24,http://place.map.kakao.com/2037318755,126.251648435264,33.4038468849503,8,true,CANDIDATE_LONGER,,주차장
제주,용연,0,용연구름다리,"교통,수송 > 도로시설 > 교량,다리",,제주특별자치도 제주시 용담이동 2581,http://place.map.kakao.com/12354187,126.51438898171457,33.51488319824527,8,true,CANDIDATE_LONGER,,구름다리
제주,용연,1,용연계곡,"여행 > 관광,명소 > 계곡",AT4,제주특별자치도 제주시 용담일동 2581-4,http://place.map.kakao.com/1698424203,126.51443095406,33.512764627078,10,true,CANDIDATE_LONGER,,계곡
제주,용연,2,용연모텔,"여행 > 숙박 > 여관,모텔",AD5,제주특별자치도 제주시 흥운길 63-6,http://place.map.kakao.com/9296685,126.513068458912,33.5144741025354,8,true,CANDIDATE_LONGER,,모텔
제주,용연,3,용연낚시,"스포츠,레저 > 스포츠용품 > 낚시용품",,제주특별자치도 제주시 흥운길 56,http://place.map.kakao.com/19712707,126.51324159307939,33.51354073616729,8,true,CANDIDATE_LONGER,,낚시
제주,용연,4,용연,부동산 > 부동산서비스,,제주특별자치도 제주시 월랑로8길 1,http://place.map.kakao.com/1429978648,126.476567642957,33.4887922386486,8,true,EXACT,,
제주,제주목 관아,0,제주목 관아,"여행 > 관광,명소 > 문화유적",,제주특별자치도 제주시 관덕로 25,http://place.map.kakao.com/10805294,126.522003486182,33.5142023610171,8,true,EXACT,,
제주,제주목 관아,1,제주목관아 주차장,"교통,수송 > 교통시설 > 주차장",PK6,제주특별자치도 제주시 관덕로 25,http://place.map.kakao.com/145197129,126.52287024440766,33.5143409408897,3,true,CANDIDATE_LONGER,,주차장
제주,제주목 관아,2,제주목관아 외대문,"여행 > 관광,명소 > 문화유적 > 문",,제주특별자치도 제주시 관덕로 25,http://place.map.kakao.com/18100345,126.521917142887,33.5134627239847,3,true,CANDIDATE_LONGER,,외대문
제주,제주목 관아,3,제주목관아 영주협당,"여행 > 관광,명소 > 문화유적",,제주특별자치도 제주시 관덕로 25,http://place.map.kakao.com/17570201,126.522237652567,33.513896723739,3,true,CANDIDATE_LONGER,,영주협당
제주,제주목 관아,4,제주목 관아 망경루,"서비스,산업 > 관리,운영 > 문화시설관리운영",,제주특별자치도 제주시 관덕로 25,http://place.map.kakao.com/17575011,126.522126592627,33.5145201956475,8,true,CANDIDATE_LONGER,,망경루
제주,제로포인트트레일,0,제로포인트트레일,"서비스,산업 > 여행사",,제주특별자치도 제주시 산지로 25,http://place.map.kakao.com/1264782617,126.529215125048,33.5147519987131,8,true,EXACT,,
제주,제로포인트트레일,1,제로스테이션,음식점 > 카페,CE7,제주특별자치도 제주시 산지로 25,http://place.map.kakao.com/1614897691,126.529207683652,33.5147348402171,5,false,DISJOINT,,
제주,윤재커피,0,윤재커피,음식점 > 카페,CE7,제주특별자치도 제주시 중앙로12길 1,http://place.map.kakao.com/371491242,126.524018463836,33.5118263149369,10,true,EXACT,,
제주,방사탑(제주),0,신흥리방사탑1호,"여행 > 관광,명소 > 문화유적",,제주특별자치도 제주시 조천읍 신흥리 512,http://place.map.kakao.com/27147963,126.65080375772,33.5489686649737,3,false,DISJOINT,,
제주,방사탑(제주),1,방사탑,"여행 > 관광,명소 > 문화유적 > 탑,비석",,제주특별자치도 제주시 용담삼동 2580-55,http://place.map.kakao.com/236301694,126.48483096774405,33.514841337737636,8,true,AI_LONGER,,
제주,방사탑(제주),2,신흥리방사탑2호,"여행 > 관광,명소 > 문화유적 > 탑,비석",,제주특별자치도 제주시 조천읍 신흥리 731-7,http://place.map.kakao.com/845230825,126.6495602964594,33.5529195271952,3,false,DISJOINT,,
제주,방사탑(제주),3,내도동방사탑,"여행 > 관광,명소 > 문화유적 > 탑,비석",,제주특별자치도 제주시 내도동 465-3,http://place.map.kakao.com/131180741,126.441319755115,33.4965047056229,3,false,DISJOINT,,
제주,방사탑(제주),4,하고수동 방사탑,"여행 > 관광,명소 > 문화유적",,제주특별자치도 제주시 우도면 연평리 720-2,http://place.map.kakao.com/279324125,126.958537957945,33.5171191724679,3,false,DISJOINT,,
제주,"함덕 서핑, 카약, 패들보드",-1,,,,,,,,,,,,
제주,델문도,0,델문도,음식점 > 카페,CE7,제주특별자치도 제주시 조천읍 조함해안로 519-10,http://place.map.kakao.com/26867476,126.668723957376,33.5437093358268,10,true,EXACT,,
제주,델문도,1,델문도 김녕점,음식점 > 카페,CE7,제주특별자치도 제주시 구좌읍 해맞이해안로 140,http://place.map.kakao.com/178682435,126.7684030123,33.5634112151108,10,true,CANDIDATE_LONGER,,김녕점
제주,델문도,2,델문도 로스터스,음식점 > 카페 > 테마카페 > 디저트카페,CE7,제주특별자치도 제주시 연삼로 316,http://place.map.kakao.com/1115019463,126.526331763387,33.4918090197136,10,true,CANDIDATE_LONGER,,로스터스
제주,델문도,3,델문도 주차장,"교통,수송 > 교통시설 > 주차장",PK6,제주특별자치도 제주시 조천읍 함덕리 1008,http://place.map.kakao.com/1666710095,126.6682913717431,33.5439263629773,8,true,CANDIDATE_LONGER,,주차장
제주,델문도,4,델문도뮤지엄,"문화,예술 > 문화시설",,제주특별자치도 제주시 연삼로 316,http://place.map.kakao.com/916000917,126.526331763387,33.4918090197136,8,true,CANDIDATE_LONGER,,뮤지엄
제주,곽지해수욕장,0,곽지해수욕장,"여행 > 관광,명소 > 해수욕장,해변",AT4,제주특별자치도 제주시 애월읍 곽지리 1565,http://place.map.kakao.com/25022153,126.30467759583657,33.45064040259736,10,true,EXACT,,
제주,곽지해수욕장,1,곽지해수욕장 주차장,"교통,수송 > 교통시설 > 주차장",PK6,제주특별자치도 제주시 애월읍 곽지리 1565,http://place.map.kakao.com/20513455,126.303355886645,33.4486089244161,8,true,CANDIDATE_LONGER,,주차장
제주,곽지해수욕장,2,곽지해수욕장 화장실,"가정,생활 > 화장실",,제주특별자치도 제주시 애월읍 곽지리 1565,http://place.map.kakao.com/20346798,126.304903645682,33.4498077035284,8,true,CANDIDATE_LONGER,,화장실
제주,곽지해수욕장,3,곽지해수욕장 옆 주차장,"교통,수송 > 교통시설 > 주차장",PK6,제주특별자치도 제주시 애월읍 곽지리 1565-12,http://place.map.kakao.com/1245410806,126.3053771092292,33.44977789975788,8,true,CANDIDATE_LONGER,,옆주차장
제주,곽지해수욕장,4,곽지해수욕장 교육원앞주차장,"교통,수송 > 교통시설 > 주차장",PK6,제주특별자치도 제주시 애월읍 곽지리 1565,http://place.map.kakao.com/2083207662,126.306592578506,33.4511118368934,8,true,CANDIDATE_LONGER,,교육원앞주차장
제주,바구스서핑스쿨 애월점,-1,,,,,,,,,,,,
제주,훈도 애월흑돼지 본점,-1,,,,,,,,,,,,
제주,한담몰,0,한담몰,여행 > 기념품판매,,제주특별자치도 제주시 애월읍 애월로1길 7,http://place.map.kakao.com/83525038,126.31188154541,33.46233898810465,8,true,EXACT,,
제주,한담해안산책로,0,한담마을 장한철산책로,"여행 > 관광,명소",,제주특별자치도 제주시 애월읍 애월리 2489-3,http://place.map.kakao.com/23705150,126.31056884366741,33.461980076864386,3,false,DISJOINT,,
제주,레이지펌프,0,레이지펌프,음식점 > 카페,CE7,제주특별자치도 제주시 애월읍 애월북서길 32,http://place.map.kakao.com/88307711,126.309539831628,33.4662712983402,10,true,EXACT,,
제주,문개어멍,0,문개어멍,음식점 > 한식,FD6,제주특별자치도 제주시 애월읍 가문동길 38,http://place.map.kakao.com/1373421785,126.392437473954,33.4857829106559,10,true,EXACT,,
서울,그랑핸드 서촌,0,그랑핸드 서촌,"가정,생활 > 미용 > 화장품 > 향수",,서울 종로구 자하문로4길 14-2,http://place.map.kakao.com/1738151085,126.97302293471614,37.57722954377625,8,true,EXACT,,
서울,블루보틀 삼청 카페,0,블루보틀 삼청 카페,음식점 > 카페 > 커피전문점 > 블루보틀,CE7,서울 종로구 북촌로5길 76,http://place.map.kakao.com/353512935,126.9808447428893,37.58015029292341,10,true,EXACT,,
서울,블루보틀 삼청 카페,1,블루보틀 삼청 한옥,음식점 > 카페 > 커피전문점 > 블루보틀,CE7,서울 종로구 삼청로2길 40-3,http://place.map.kakao.com/409019077,126.980980610667,37.5800917502917,5,false,DISJOINT,,
서울,콩지POT지,0,콩지POT지,음식점 > 양식 > 이탈리안,FD6,서울 종로구 북촌로 21-15,http://place.map.kakao.com/21326543,126.984354547164,37.5788533789835,10,true,EXACT,,
서울,북촌한옥마을,0,북촌한옥마을,"여행 > 관광,명소",,서울 종로구 북촌로 53,http://place.map.kakao.com/781129546,126.98481245064092,37.581768153833444,8,true,EXACT,,
서울,북촌한옥마을,1,북촌문화센터,"교육,학문 > 문화센터",,서울 종로구 계동길 37,http://place.map.kakao.com/25027484,126.986428490671,37.5790806861345,3,false,DISJOINT,,
서울,북촌한옥마을,2,한복남 북촌한옥마을점,"가정,생활 > 패션 > 의류대여서비스 > 한복대여",,서울 종로구 북촌로 35-4,http://place.map.kakao.com/402610200,126.984807179041,37.5798535414227,8,true,CANDIDATE_LONGER,한복남,점
서울,북촌한옥마을,3,그랑핸드 북촌,"가정,생활 > 미용 > 화장품 > 향수",,서울 종로구 북촌로11길 19,http://place.map.kakao.com/460070959,126.9839803211792,37.581826608423036,3,false,DISJOINT,,
서울,북촌한옥마을,4,차차티클럽 북촌라운지,음식점 > 카페 > 전통찻집,CE7,서울 종로구 계동길 103-7,http://place.map.kakao.com/224544670,126.986302312897,37.581895376215,5,false,DISJOINT,,
서울,삼청공원,0,삼청공원,여행 > 공원 > 도시근린공원,,서울 종로구 북촌로 134-1,http://place.map.kakao.com/11147911,126.983686538484,37.5895823159869,8,true,EXACT,,
서울,삼청공원,1,삼청공원숲속도서관,"교육,학문 > 학습시설 > 도서관 > 작은도서관",,서울 종로구 북촌로 134-3,http://place.map.kakao.com/23815933,126.9840015215778,37.58856603956408,8,true,CANDIDATE_LONGER,,숲속도서관
서울,삼청공원,2,삼청공원 관리사무소,"서비스,산업 > 관리,운영 > 공원관리운영",,서울 종로구 삼청동 산 2-70,http://place.map.kakao.com/1672205868,126.98381828210934,37.587722685487165,8,true,CANDIDATE_LONGER,,관리사무소
서울,삼청공원,3,삼청공원 유아숲체험장,"교육,학문 > 교육단체 > 체험학습장",,서울 종로구 삼청동 산 2-1,http://place.map.kakao.com/25431108,126.983704658416,37.5895642986415,8,true,CANDIDATE_LONGER,,유아숲체험장
서울,삼청공원,4,삼청공원입구교차로,"교통,수송 > 도로시설 > 교차로",,서울 종로구 삼청동,http://place.map.kakao.com/15138285,126.98170800899,37.5869511275298,8,true,CANDIDATE_LONGER,,입구교차로
서울,삼청동수제비,0,삼청동수제비,음식점 > 한식 > 수제비,FD6,서울 종로구 삼청로 101-1,http://place.map.kakao.com/13559837,126.98197124938,37.5845977743306,10,true,EXACT,,
서울,삼청동수제비,1,삼청동수제비 주차장,"교통,수송 > 교통시설 > 주차장",PK6,서울 종로구 삼청동 48-1,http://place.map.kakao.com/1649122099,126.982198680254,37.5851699394853,8,true,CANDIDATE_LONGER,,주차장
서울,올리브영N 성수,0,올리브영 N성수,"가정,생활 > 드럭스토어 > 올리브영",,서울 성동구 연무장7길 13,http://place.map.kakao.com/1287282217,127.054430448058,37.5441733194254,3,true,EXACT,,
서울,올리브영N 성수,1,투쿨포스쿨 올리브영N 성수 팝업,"서비스,산업 > 마케팅 > 상품전시,매장전시",,서울 성동구 연무장7길 13,http://place.map.kakao.com/1764743941,127.054482507152,37.5441832064095,8,true,CANDIDATE_LONGER,투쿨포스쿨,팝업
서울,올리브영N 성수,2,바이오힐보 플래그십스토어 올리브영N성수점,"가정,생활 > 미용 > 화장품",,서울 성동구 연무장7길 13,http://place.map.kakao.com/1546253244,127.054473452683,37.5441805075889,3,true,CANDIDATE_LONGER,바이오힐보플래그십스토어,점
서울,올리브영N 성수,3,하파크리스틴 올리브영N성수점,"가정,생활 > 패션 > 패션잡화점 > 안경,렌즈 > 하파크리스틴",,서울 성동구 연무장7길 13,http://place.map.kakao.com/1937320451,127.054482507152,37.5441832064095,3,true,CANDIDATE_LONGER,하파크리스틴,점
서울,진작다이닝 성수점,-1,,,,,,,,,,,,
서울,블루보틀 성수 카페,0,블루보틀 성수 카페,음식점 > 카페 > 커피전문점 > 블루보틀,CE7,서울 성동구 아차산로 7,http://place.map.kakao.com/1492599844,127.04564285335792,37.548088279686716,10,true,EXACT,,
서울,블루보틀 성수 카페,1,휴먼 메이드 서울 카페 바이 블루보틀 커피,음식점 > 카페 > 커피전문점 > 블루보틀,CE7,서울 성동구 성수이로7길 39,http://place.map.kakao.com/196139841,127.05323321973871,37.54253314531444,5,false,DISJOINT,,
서울,서울숲 곤충식물원,0,서울숲 곤충식물원,"여행 > 관광,명소 > 수목원,식물원",AT4,서울 성동구 성수동1가 685-715,http://place.map.kakao.com/13127878,127.039209487238,37.5414277019142,10,true,EXACT,,
서울,서울숲,0,서울숲,여행 > 공원 > 도시근린공원,,서울 성동구 성수동1가 678-1,http://place.map.kakao.com/11331488,127.037617759165,37.5443222301513,8,true,EXACT,,
서울,서울숲,1,북서울꿈의숲,여행 > 공원 > 도시근린공원,,서울 강북구 월계로 173,http://place.map.kakao.com/11321061,127.04157251496886,37.62360650548208,3,false,DISJOINT,,
서울,서울숲,2,서울숲카페거리,"여행 > 관광,명소 > 테마거리 > 카페거리",AT4,서울 성동구 성수동1가 668-11,http://place.map.kakao.com/1780698606,127.043028992489,37.5464440372535,10,true,CANDIDATE_LONGER,,카페거리
서울,서울숲,3,서울숲씨어터,"문화,예술 > 문화시설 > 공연장,연극극장",CT1,서울 성동구 서울숲2길 32-14,http://place.map.kakao.com/1772440780,127.042914261633,37.5456773288432,8,true,CANDIDATE_LONGER,,씨어터
서울,서울숲,4,서울숲포휴,부동산 > 빌딩,,서울 성동구 왕십리로 58,http://place.map.kakao.com/27486622,127.045143993409,37.5427662697462,8,true,CANDIDATE_LONGER,,포휴
서울,미쁘동 성수,0,미쁘동 서울숲,음식점 > 일식 > 일식집,FD6,서울 성동구 서울숲2길 11-12,http://place.map.kakao.com/1906472133,127.040120253971,37.5475604979807,5,false,DISJOINT,,
서울,선유도공원전망대,0,선유도공원 선유도전망대,"여행 > 관광,명소 > 전망대",AT4,서울 영등포구 선유로 343,http://place.map.kakao.com/18164946,126.897860231332,37.5444426238463,5,false,DISJOINT,,
서울,선유도공원전망대,1,선유도공원 조류전망대,"여행 > 관광,명소 > 전망대",AT4,서울 영등포구 당산동 10-4,http://place.map.kakao.com/1491188550,126.903118504922,37.5419098413185,5,false,DISJOINT,,
서울,선유도공원전망대,2,용왕산 스카이워크,"여행 > 관광,명소 > 전망대",AT4,서울 양천구 목동 199-51,http://place.map.kakao.com/461215886,126.87933437918421,37.54364307922357,5,false,DISJOINT,,
서울,망원정 터,0,망원정 터,"여행 > 관광,명소 > 문화유적",,서울 마포구 동교로8안길 23,http://place.map.kakao.com/11080730,126.904516007896,37.5498433728965,8,true,EXACT,,
서울,망원도,0,망원시장,"가정,생활 > 시장",,서울 마포구 망원동 414-8,http://place.map.kakao.com/18526234,126.90626589039096,37.555885964724716,3,false,DISJOINT,,
서울,망원도,1,망원한강공원,여행 > 공원 > 도시근린공원,,서울 마포구 마포나루길 467,http://place.map.kakao.com/8126939,126.900027640945,37.5517245459018,3,false,DISJOINT,,
서울,망원도,2,레드버튼 망원역점,"가정,생활 > 여가시설 > 보드카페 > 레드버튼",CE7,서울 마포구 월드컵로 74,http://place.map.kakao.com/1991620121,126.910728464389,37.5557822044294,5,false,DISJOINT,,
서울,망원도,3,망원역 6호선,"교통,수송 > 지하철,전철 > 수도권6호선",SW8,서울 마포구 월드컵로 지하 77,http://place.map.kakao.com/21160668,126.910094329982,37.5560826563712,3,false,DISJOINT,,
서울,망원도,4,망원1-2공영주차장,"교통,수송 > 교통시설 > 주차장 > 공영주차장",PK6,서울 마포구 포은로6길 10,http://place.map.kakao.com/20540979,126.90610209691,37.555639862328,3,false,DISJOINT,,
서울,어글리베이커리,0,어글리베이커리,"음식점 > 간식 > 제과,베이커리",FD6,서울 마포구 월드컵로13길 73,http://place.map.kakao.com/828640256,126.90605533995198,37.555021740953606,10,true,EXACT,,
서울,어글리베이커리,1,어글리베이커스베이글 신당 본점,"음식점 > 간식 > 제과,베이커리",FD6,서울 중구 다산로40길 17,http://place.map.kakao.com/374404998,127.01708547032159,37.56399576864946,5,false,DISJOINT,,
서울,작은평화 망원,0,작은평화,"문화,예술 > 도서 > 서점",,서울 마포구 망원로 62,http://place.map.kakao.com/1598663226,126.903651328889,37.5569533437834,8,true,AI_LONGER,,
서울,우이락 망원본점,0,우이락 망원본점,음식점 > 술집 > 실내포장마차 > 우이락,FD6,서울 마포구 포은로8길 22,http://place.map.kakao.com/1088815991,126.905983400357,37.5564326454454,10,true,EXACT,,
서울,초안산수국동산,0,초안산 수국동산,"여행 > 관광,명소",,서울 노원구 월계로45가길 57,http://place.map.kakao.com/737555953,127.04717554956,37.6295752371686,3,true,EXACT,,
서울,초안산수국동산,1,초안산수국동산 전기차충전소,"교통,수송 > 자동차 > 전기차 충전소",,서울 노원구 월계로45가길 9,http://place.map.kakao.com/2125058971,127.04926500517855,37.63028436035703,8,true,CANDIDATE_LONGER,,전기차충전소
서울,뮈에,-1,,,,,,,,,,,,
서울,북서울꿈의숲전망대,0,북서울꿈의숲 전망대,"여행 > 관광,명소 > 전망대",AT4,서울 강북구 월계로 173,http://place.map.kakao.com/17806879,127.03892916762365,37.62027555569344,5,true,EXACT,,
서울,명인갈비 미아점,-1,,,,,,,,,,,,
서울,북서울꿈의숲,0,북서울꿈의숲,여행 > 공원 > 도시근린공원,,서울 강북구 월계로 173,http://place.map.kakao.com/11321061,127.04157251496886,37.62360650548208,8,true,EXACT,,
서울,북서울꿈의숲,1,북서울꿈의숲 서문 주차장,"교통,수송 > 교통시설 > 주차장",PK6,서울 강북구 월계로 173,http://place.map.kakao.com/1569937142,127.037887918169,37.6219481274988,8,true,CANDIDATE_LONGER,,서문주차장
서울,북서울꿈의숲,2,북서울꿈의숲 전망대,"여행 > 관광,명소 > 전망대",AT4,서울 강북구 월계로 173,http://place.map.kakao.com/17806879,127.03892916762365,37.62027555569344,10,true,CANDIDATE_LONGER,,전망대
서울,북서울꿈의숲,3,북서울꿈의숲 창녕위궁재사,"여행 > 관광,명소 > 문화유적 > 사당,제단",,서울 강북구 월계로 173,http://place.map.kakao.com/17562767,127.04314314537,37.6207534156773,8,true,CANDIDATE_LONGER,,창녕위궁재사
서울,북서울꿈의숲,4,북서울꿈의숲 방문자센터,여행 > 공원시설물,,서울 강북구 월계로 173,http://place.map.kakao.com/17558359,127.044302762339,37.6202628487432,8,true,CANDIDATE_LONGER,,방문자센터
서울,버거킹 미아역점,0,버거킹 미아역점,음식점 > 패스트푸드 > 버거킹,FD6,서울 강북구 도봉로 188,http://place.map.kakao.com/344679784,127.02674303091683,37.62552990064345,10,true,EXACT,,
서울,버거킹 미아역점,1,버거킹 미아사거리역점,음식점 > 패스트푸드 > 버거킹,FD6,서울 강북구 도봉로 52,http://place.map.kakao.com/1826950882,127.030513803004,37.6137017190244,5,false,DISJOINT,,
서울,뚝섬문화예술공원,-1,,,,,,,,,,,,
서울,타코튜즈데이 성수 본점,-1,,,,,,,,,,,,
서울,나무다,0,나무다,"교육,학문 > 유아교육",,서울 서초구 동광로 184,http://place.map.kakao.com/1245998844,127.001363745823,37.4936756151382,8,true,EXACT,,
서울,나무다,1,나무다,"서비스,산업 > 제조업 > 통신장비",,서울 강서구 공항대로 190,http://place.map.kakao.com/1473861881,126.828637182735,37.5590424047662,8,true,EXACT,,
서울,나무다,2,나무사이로,음식점 > 카페 > 커피전문점,CE7,서울 종로구 사직로8길 21,http://place.map.kakao.com/11016313,126.97099754478326,37.574643209390864,5,false,DISJOINT,,
서울,나무다,3,비에비스나무병원,"의료,건강 > 병원",,서울 강남구 논현로 627,http://place.map.kakao.com/7915769,127.03235793568756,37.50956133067682,3,false,DISJOINT,,
서울,나무다,4,나홀로나무,"여행 > 관광,명소",,서울 송파구 올림픽로 424,http://place.map.kakao.com/26934379,127.120354818249,37.5227546001024,3,false,DISJOINT,,
서울,오뜨로 성수,0,오뜨로 성수,음식점 > 양식,FD6,서울 성동구 뚝섬로1길 31,http://place.map.kakao.com/75396556,127.046458535535,37.5440911300119,10,true,EXACT,,
서울,자연도소금빵in 성수,0,자연도소금빵 in성수,"음식점 > 간식 > 제과,베이커리",FD6,서울 성동구 연무장길 56-1,http://place.map.kakao.com/134679676,127.055457652937,37.5423023667186,5,true,EXACT,,
서울,우이동 산악문화HUB,0,우이동 산악문화허브,"교육,학문 > 교육단체 > 체험학습장",,서울 강북구 삼양로 689-1,http://place.map.kakao.com/421889599,127.010925830935,37.6643486156392,3,false,DISJOINT,,
서울,둘렛길맛집,0,둘렛길맛집,음식점 > 한식,FD6,서울 은평구 불광로18가길 49,http://place.map.kakao.com/1335341542,126.93353852354977,37.62595749955079,10,true,EXACT,,
서울,스타벅스 더북한산점,0,스타벅스 더북한산점,음식점 > 카페 > 커피전문점 > 스타벅스,CE7,서울 은평구 대서문길 24-11,http://place.map.kakao.com/76206032,126.947556601185,37.6554573891378,10,true,EXACT,,
서울,북한산전망대,0,북한산자락길전망대,"여행 > 관광,명소 > 전망대",AT4,서울 서대문구 홍은동 산 1-85,http://place.map.kakao.com/18608021,126.94408278454564,37.60307695870841,5,false,DISJOINT,,
서울,자연에서왔소 본점,-1,,,,,,,,,,,,
서울,서울월드컵경기장,0,서울월드컵경기장,"스포츠,레저 > 축구 > 축구장",,서울 마포구 월드컵로 240,http://place.map.kakao.com/11512288,126.89724365713197,37.56825003712418,8,true,EXACT,,
서울,서울월드컵경기장,1,서울월드컵경기장 서쪽주차장,"교통,수송 > 교통시설 > 주차장",PK6,서울 마포구 성산동 511-1,http://place.map.kakao.com/18119274,126.89583859916,37.5693047722204,8,true,CANDIDATE_LONGER,,서쪽주차장
서울,서울월드컵경기장,2,서울월드컵경기장 보조경기장,"스포츠,레저 > 축구 > 축구장",,서울 마포구 성산동 497-4,http://place.map.kakao.com/11585925,126.89825239785475,37.5714359283898,8,true,CANDIDATE_LONGER,,보조경기장
서울,서울월드컵경기장,3,서울월드컵경기장 풋살장,"스포츠,레저 > 축구 > 풋살장",,서울 마포구 성산동 산 53-28,http://place.map.kakao.com/17575137,126.898980942503,37.5726051442418,8,true,CANDIDATE_LONGER,,풋살장
서울,서울월드컵경기장,4,서울월드컵경기장 서문,"교통,수송 > 입출구",,서울 마포구 월드컵로 240,http://place.map.kakao.com/18356592,126.895816979352,37.5685731450449,8,true,CANDIDATE_LONGER,,서문
서울,홍대 육지,0,육지,"음식점 > 한식 > 육류,고기",FD6,서울 마포구 독막로3길 34,http://place.map.kakao.com/931881312,126.917495034617,37.5497071933215,10,true,AI_LONGER,,
서울,경의선숲길,0,경의선숲길,여행 > 공원,,서울 마포구 동교동 190-1,http://place.map.kakao.com/1158487374,126.925338455597,37.558803479324,8,true,EXACT,,
서울,경의선숲길,1,경의선숲길,여행 > 공원,,서울 마포구 대흥동 325-82,http://place.map.kakao.com/1524861109,126.943148698793,37.5462426746628,8,true,EXACT,,
서울,경의선숲길,2,경의선숲길,여행 > 공원,,서울 마포구 연남동 375,http://place.map.kakao.com/27388917,126.923099173686,37.5616023398319,8,true,EXACT,,
서울,경의선숲길,3,경의선숲길공원,여행 > 공원 > 도시근린공원,,서울 용산구 용문동 5-133,http://place.map.kakao.com/27455973,126.95930819292113,37.53939454468178,8,true,CANDIDATE_LONGER,,공원
서울,경의선숲길,4,리정원 경의선숲길 대흥점,"음식점 > 한식 > 육류,고기",FD6,서울 마포구 백범로10길 30,http://place.map.kakao.com/1448096292,126.939899505469,37.548133163054,10,true,CANDIDATE_LONGER,리정원,대흥점
서울,카카오프렌즈 홍대플래그십 스토어,-1,,,,,,,,,,,,
서울,베이글랜드 홍대점,0,베이글랜드 홍대점,"음식점 > 간식 > 제과,베이커리",FD6,서울 마포구 와우산로29바길 19,http://place.map.kakao.com/1685707673,126.925993638477,37.5554918261379,10,true,EXACT,,
서울,이츠야,0,이츠야,"음식점 > 일식 > 돈까스,우동",FD6,서울 마포구 양화로6길 99-9,http://place.map.kakao.com/1709251572,126.919934746818,37.5487592205416,10,true,EXACT,,
서울,플레이즈라운지,0,플레이즈라운지,"가정,생활 > 유아 > 놀이시설 > 키즈카페",CE7,서울 성동구 서울숲2길 32-14,http://place.map.kakao.com/836149932,127.04265500995139,37.54546929198692,10,true,EXACT,,
서울,카츠메,0,카츠메,"음식점 > 일식 > 돈까스,우동",FD6,서울 성동구 서울숲2길 46-12,http://place.map.kakao.com/1816285015,127.043487050136,37.5460321129061,10,true,EXACT,,
서울,반스 성수점,0,반스 성수점,"가정,생활 > 패션 > 패션잡화점 > 구두,신발 > 반스",,서울 성동구 연무장5길 14,http://place.map.kakao.com/414022048,127.053040972113,37.5442910816252,8,true,EXACT,,
서울,클라이밍파크 성수점,0,클라이밍파크 성수점,"스포츠,레저 > 클라이밍",,서울 성동구 연무장13길 7,http://place.map.kakao.com/662485726,127.058089608702,37.5423101113247,8,true,EXACT,,
서울,프리미엄 직원식당 성수점,0,프리미엄직원식당 성수점,음식점 > 뷔페 > 한식뷔페,FD6,서울 성동구 아차산로17길 48,http://place.map.kakao.com/1055909315,127.065881553993,37.5463911515234,5,true,EXACT,,
서울,건청궁,0,경복궁 건청궁,"여행 > 관광,명소 > 문화유적",,서울 종로구 사직로 161,http://place.map.kakao.com/17808588,126.97708066252,37.5832670600014,8,true,CANDIDATE_LONGER,경복궁,
서울,낙동강,0,낙동강,"음식점 > 한식 > 육류,고기",FD6,서울 중구 을지로1길 34,http://place.map.kakao.com/11020585,126.9798496013838,37.56761728943217,10,true,EXACT,,
서울,런닝맨 인사동점,0,런닝맨 인사동점,"여행 > 관광,명소 > 테마파크",AT4,서울 종로구 인사동길 12,http://place.map.kakao.com/649534068,126.98723010604596,37.57189624483897,10,true,EXACT,,
서울,익선동 한옥거리,0,익선동한옥거리,"여행 > 관광,명소 > 테마거리",AT4,서울 종로구 익선동,http://place.map.kakao.com/467710256,126.989775723896,37.5734371942191,5,true,EXACT,,
서울,익선잡방,0,익선잡방,음식점 > 양식,FD6,서울 종로구 수표로28길 17-21,http://place.map.kakao.com/2078910428,126.9894497145018,37.57337860086604,10,true,EXACT,,
서울,빙동댕 프리미엄 빙수카페 종로점,-1,,,,,,,,,,,,
강릉,강릉 오금집,0,강릉오금집,"여행 > 관광,명소 > 문화유적",,강원특별자치도 강릉시 강릉대로210번길 23-9,http://place.map.kakao.com/1074295820,128.894007439073,37.7563064842151,3,true,EXACT,,
강릉,배니닭강정,0,배니닭강정,음식점 > 간식 > 닭강정,FD6,강원특별자치도 강릉시 금성로13번길 3-1,http://place.map.kakao.com/19660110,128.8991505538337,37.75421481297129,10,true,EXACT,,
강릉,월화거리,0,강릉월화거리,"여행 > 관광,명소 > 테마거리",AT4,강원특별자치도 강릉시 경강로 2111,http://place.map.kakao.com/2058461010,128.897496501722,37.755909823698,10,true,CANDIDATE_LONGER,강릉,
강릉,월화거리,1,강릉누들축제,이슈 > 이벤트 > 페스티벌,,강원특별자치도 강릉시 경강로 2111,http://place.map.kakao.com/2067927797,128.8974541698232,37.75589609199337,3,false,DISJOINT,,
강릉,월화거리,2,이마트24 R강릉월화거리점,"가정,생활 > 편의점 > 이마트24",CS2,강원특별자치도 강릉시 금성로11번길 13,http://place.map.kakao.com/950073782,128.900081319511,37.7538755026879,8,true,CANDIDATE_LONGER,이마트24r강릉,점
강릉,월화거리,3,강릉네컷 월화거리점,"문화,예술 > 사진 > 사진관,포토스튜디오 > 즉석사진",,강원특별자치도 강릉시 금성로11번길 13-2,http://place.map.kakao.com/1230133623,128.900183355126,37.7537837728723,8,true,CANDIDATE_LONGER,강릉네컷,점
강릉,월화거리,4,매머드커피익스프레스 강릉월화거리점,음식점 > 카페 > 커피전문점 > 매머드익스프레스,CE7,강원특별자치도 강릉시 금성로12번길 6,http://place.map.kakao.com/1920842333,128.898753705622,37.7550238596525,10,true,CANDIDATE_LONGER,매머드커피익스프레스강릉,점
강릉,책뜰,-1,,,,,,,,,,,,
강릉,나이슬리,0,나이슬리,음식점 > 카페,CE7,강원특별자치도 강릉시 용지로110번길 10,http://place.map.kakao.com/441407566,128.905081952536,37.7602195476681,10,true,EXACT,,
강릉,구공커피,0,구공커피,음식점 > 카페 > 커피전문점,CE7,강원특별자치도 강릉시 남구길29번길 19,http://place.map.kakao.com/1218816840,128.903255536331,37.7640434083621,10,true,EXACT,,
강릉,사근진해변,0,사근진해변,"여행 > 관광,명소 > 해수욕장,해변",AT4,강원특별자치도 강릉시 해안로604번길 14,http://place.map.kakao.com/8398420,128.897555797396,37.8136129609739,10,true,EXACT,,
강릉,사근진해변,1,사근진해변 주차장,"교통,수송 > 교통시설 > 주차장",PK6,강원특별자치도 강릉시 안현동 43-2,http://place.map.kakao.com/1945053521,128.900163079915,37.81105038341,8,true,CANDIDATE_LONGER,,주차장
강릉,경포해변,0,경포해수욕장,"여행 > 관광,명소 > 해수욕장,해변",AT4,강원특별자치도 강릉시 창해로 514,http://place.map.kakao.com/8199114,128.910210247605,37.8034055083125,5,false,DISJOINT,,
강릉,경포해변,1,경포해변 중앙광장,"여행 > 관광,명소 > 광장",,강원특별자치도 강릉시 강문동 산 1,http://place.map.kakao.com/910019105,128.907803615147,37.8051380887932,8,true,CANDIDATE_LONGER,,중앙광장
강릉,경포해변,2,경포해변인증센터,"여행 > 관광,명소 > 자전거여행",AT4,강원특별자치도 강릉시 안현동 산 1-10,http://place.map.kakao.com/26935806,128.9072507338109,37.80540468290833,10,true,CANDIDATE_LONGER,,인증센터
강릉,경포해변,3,경포해변정류장,"교통,수송 > 교통시설 > 고속,시외버스정류장",,강원특별자치도 강릉시 안현동 94-161,http://place.map.kakao.com/127696795,128.905247413128,37.8044128621535,8,true,CANDIDATE_LONGER,,정류장
강릉,경포해변,4,경포해변 주차장,"교통,수송 > 교통시설 > 주차장",PK6,강원특별자치도 강릉시 해안로 536,http://place.map.kakao.com/20563797,128.9062647505931,37.80591610622709,8,true,CANDIDATE_LONGER,,주차장
강릉,강릉짬뽕순두부 동화가든 본점,-1,,,,,,,,,,,,
강릉,카페 툇마루,0,카페툇마루,음식점 > 카페,CE7,강원특별자치도 강릉시 난설헌로 232,http://place.map.kakao.com/401540066,128.914530266171,37.7928532498626,5,true,EXACT,,
강릉,카페 툇마루,1,카페툇마루 주차장,"교통,수송 > 교통시설 > 주차장",PK6,강원특별자치도 강릉시 초당동 355,http://place.map.kakao.com/1888393576,128.914604510452,37.7928709604847,3,true,CANDIDATE_LONGER,,주차장
강릉,카페 툇마루,2,툇마루 중앙시장,음식점 > 카페,CE7,강원특별자치도 강릉시 중앙시장2길 6,http://place.map.kakao.com/1043406437,128.89565633811446,37.7517388169801,5,false,DISJOINT,,
강릉,경포호,0,경포호,"여행 > 관광,명소 > 호수",AT4,강원특별자치도 강릉시 운정동 984,http://place.map.kakao.com/8654759,128.90233728167775,37.79555514873209,10,true,EXACT,,
강릉,경포호,1,경포호수변 공영주차장,"교통,수송 > 교통시설 > 주차장 > 공영주차장",PK6,강원특별자치도 강릉시 강문동 263,http://place.map.kakao.com/907370716,128.91117690513698,37.79840280642691,8,true,CANDIDATE_LONGER,,수변공영주차장
강릉,경포호,2,경포호해식당,"음식점 > 한식 > 해물,생선",FD6,강원특별자치도 강릉시 경포로463번길 30-5,http://place.map.kakao.com/173302662,128.90350553786513,37.803917645143386,10,true,CANDIDATE_LONGER,,해식당
강릉,경포호,3,학산 경포호수지점,음식점 > 카페 > 커피전문점,CE7,강원특별자치도 강릉시 난설헌로 145,http://place.map.kakao.com/1643164090,128.907504447911,37.7878595089078,10,true,CANDIDATE_LONGER,학산,수지점
강릉,초당비스트로,0,초당비스트로,음식점 > 양식,FD6,강원특별자치도 강릉시 초당순두부길 19,http://place.map.kakao.com/1572181856,128.910482686845,37.7878923130674,10,true,EXACT,,
강릉,사천진항,0,사천진항,"교통,수송 > 교통시설 > 항구,포구",,강원특별자치도 강릉시 사천면 사천진리 2,http://place.map.kakao.com/26260120,128.876988869022,37.8372562056956,8,true,EXACT,,
강릉,주문진 방파제,0,주문진방파제,"교통,수송 > 교통시설 > 선착장,항만시설 > 방파제",,강원특별자치도 강릉시 주문진읍 주문리,http://place.map.kakao.com/8072237,128.83260998266,37.8905497553604,3,true,EXACT,,
강릉,주문진 방파제,1,주문진방파제,"여행 > 관광,명소",,강원특별자치도 강릉시 주문진읍 교항리,http://place.map.kakao.com/1873746459,128.834204251177,37.8798554564007,3,true,EXACT,,
강릉,주문진 방파제,2,소돌방파제,"교통,수송 > 교통시설 > 선착장,항만시설 > 방파제",,강원특별자치도 강릉시 주문진읍 주문리 791-35,http://place.map.kakao.com/26256552,128.831834385033,37.903832876132,3,false,DISJOINT,,
강릉,주문진 방파제,3,방파제회센타,"음식점 > 한식 > 해물,생선 > 회",FD6,강원특별자치도 강릉시 주문진읍 해안로 1822,http://place.map.kakao.com/23788651,128.833896955255,37.8944068853606,5,false,DISJOINT,,
강릉,주문진 방파제,4,방파제회센타 주차장,"교통,수송 > 교통시설 > 주차장",PK6,강원특별자치도 강릉시 주문진읍 해안로 1822,http://place.map.kakao.com/2012502747,128.833883202185,37.8946314066863,3,false,DISJOINT,,
강릉,주문활게,0,주문활게,"음식점 > 한식 > 해물,생선 > 게,대게",FD6,강원특별자치도 강릉시 주문진읍 해안로 1730,http://place.map.kakao.com/195031889,128.828502395953,37.8895110321042,10,true,EXACT,,
강릉,아들바위공원,0,아들바위공원,여행 > 공원,,강원특별자치도 강릉시 주문진읍 주문리,http://place.map.kakao.com/8416134,128.830277178125,37.9059578450621,8,true,EXACT,,
강릉,아들바위공원,1,소돌 아들바위공원주차장(강릉) 전기차충전소,"교통,수송 > 자동차 > 전기차 충전소",,강원특별자치도 강릉시 주문진읍 해안로 1960,http://place.map.kakao.com/1828683827,128.829671753148,37.9047412309814,8,true,CANDIDATE_LONGER,소돌,주차장강릉전기차충전소
강릉,카페하월지,0,카페하월지,음식점 > 카페,CE7,강원특별자치도 강릉시 주문진읍 주문로 123-4,http://place.map.kakao.com/1930197989,128.828023105841,37.8948117691833,10,true,EXACT,,
강릉,강릉최대게 본점,0,최대게 본점,"음식점 > 한식 > 해물,생선 > 게,대게",FD6,강원특별자치도 강릉시 주문진읍 해안로 1729,http://place.map.kakao.com/1261976338,128.82815388042997,37.889437173523774,10,true,AI_LONGER,,
강릉,사근진해중공원 전망대,0,사근진해중공원 전망대,"여행 > 관광,명소 > 전망대",AT4,강원특별자치도 강릉시 안현동,http://place.map.kakao.com/1508700177,128.898283080847,37.814211103683,10,true,EXACT,,
강릉,경포호수광장,0,경포호수광장,여행 > 공원,,강원특별자치도 강릉시 초당동 459-28,http://place.map.kakao.com/21875910,128.908644003324,37.7979574322498,8,true,EXACT,,
강릉,경포호수광장,1,노스페이스 TNF100,이슈 > 이벤트 > 페스티벌,,강원특별자치도 강릉시 초당동 459-28,http://place.map.kakao.com/1049720174,128.908644026489,37.7979583327036,3,false,DISJOINT,,
강릉,나상명강릉초당순두부,0,나상명초당순두부,음식점 > 한식 > 두부전문점,FD6,강원특별자치도 강릉시 초당순두부길77번길 16,http://place.map.kakao.com/456569079,128.91499021041224,37.79119003765914,5,false,DISJOINT,,
강릉,경포가시연습지,0,경포가시연습지,여행 > 공원,,강원특별자치도 강릉시 운정동 643,http://place.map.kakao.com/611717157,128.8976989345998,37.789085396239344,8,true,EXACT,,
강릉,경포가시연습지,1,경포가시연습지 습지광장,"여행 > 관광,명소 > 광장",,강원특별자치도 강릉시 운정동 14,http://place.map.kakao.com/27588458,128.896522675187,37.7913393205043,8,true,CANDIDATE_LONGER,,습지광장
강릉,경포가시연습지,2,경포가시연습지 방문자센터,"여행 > 관광,명소 > 관광안내소",,강원특별자치도 강릉시 저동 144-4,http://place.map.kakao.com/1527100243,128.89652591272056,37.79199868134902,8,true,CANDIDATE_LONGER,,방문자센터
강릉,경포가시연습지,3,경포가시연습지 창포정원,여행 > 공원시설물,,강원특별자치도 강릉시 운정동 535,http://place.map.kakao.com/27588441,128.904016032505,37.7908580858542,8,true,CANDIDATE_LONGER,,창포정원
강릉,경포가시연습지,4,경포가시연습지 전망데크2,여행 > 공원시설물,,강원특별자치도 강릉시 운정동 678,http://place.map.kakao.com/27588450,128.898188672043,37.7877739924568,8,true,CANDIDATE_LONGER,,전망데크2
강릉,소돌해변,0,소돌해변,"여행 > 관광,명소 > 해수욕장,해변",AT4,강원특별자치도 강릉시 주문진읍 주문리,http://place.map.kakao.com/7959970,128.825167878323,37.9069740745975,10,true,EXACT,,
강릉,소돌해변,1,소돌해변 전망대,"여행 > 관광,명소 > 전망대",AT4,강원특별자치도 강릉시 주문진읍 주문리 800-17,http://place.map.kakao.com/2016918998,128.82857573349,37.9068526996158,10,true,CANDIDATE_LONGER,,전망대
강릉,소돌해변,2,소돌여름해변공중화장실,"가정,생활 > 화장실",,강원특별자치도 강릉시 주문진읍 새쪽3길 17,http://place.map.kakao.com/129773812,128.823597843458,37.9072083120194,3,false,DISJOINT,,
강릉,소돌해변,3,아이리스펜션,여행 > 숙박 > 펜션,AD5,강원특별자치도 강릉시 주문진읍 해안로 2009-1,http://place.map.kakao.com/229911535,128.825294336041,37.9065703424431,3,false,DISJOINT,,
강릉,경민호,0,경민호,"스포츠,레저 > 낚시",,강원특별자치도 강릉시 주문진읍 소돌샛길 1,http://place.map.kakao.com/439144747,128.8273747928488,37.904449924650386,8,true,EXACT,,
강릉,카페제니엘 주문진점,-1,,,,,,,,,,,,
강릉,강릉신대게나라,0,신대게나라,"음식점 > 한식 > 해물,생선 > 게,대게",FD6,강원특별자치도 강릉시 주문진읍 신리천로 19,http://place.map.kakao.com/1766374875,128.82845371020053,37.885383271187585,10,true,AI_LONGER,,
강릉,이디야커피 정동진역점,-1,,,,,,,,,,,,
강릉,정동진,0,정동진 해변,"여행 > 관광,명소 > 해수욕장,해변",AT4,강원특별자치도 강릉시 강동면 정동진리 64-3,http://place.map.kakao.com/11164998,129.036259739972,37.6891659795686,10,true,CANDIDATE_LONGER,,해변
강릉,정동진,1,정동진역,"교통,수송 > 기차,철도 > 기차역 > KTX정차역",,강원특별자치도 강릉시 강동면 정동역길 17,http://place.map.kakao.com/1995540275,129.03268957371495,37.691430132528666,8,true,CANDIDATE_LONGER,,역
강릉,정동진,2,정동진레일바이크,여행 > 체험여행,,강원특별자치도 강릉시 강동면 정동역길 17,http://place.map.kakao.com/26319786,129.0326432874239,37.691478674804905,8,true,CANDIDATE_LONGER,,레일바이크
강릉,정동진,3,정동진주유소,"교통,수송 > 자동차 > 주유,가스 > 주유소 > SK주유소",OL7,강원특별자치도 강릉시 강동면 헌화로 1073,http://place.map.kakao.com/8501567,129.032420316777,37.6887097566705,8,true,CANDIDATE_LONGER,,주유소
강릉,정동진,4,정동진역 주차장,"교통,수송 > 교통시설 > 주차장",PK6,강원특별자치도 강릉시 강동면 정동진리 328-13,http://place.map.kakao.com/20563404,129.03149587105008,37.692219121004364,8,true,CANDIDATE_LONGER,,역주차장
강릉,강릉초당두부 정동진본점,0,강릉초당두부 정동진본점,음식점 > 한식 > 두부전문점,FD6,강원특별자치도 강릉시 강동면 헌화로 1003,http://place.map.kakao.com/619415234,129.03832159606563,37.68555944615808,10,true,EXACT,,
강릉,썬크루즈 호텔&리조트,0,썬크루즈호텔&리조트,"여행 > 숙박 > 콘도,리조트",AD5,강원특별자치도 강릉시 강동면 헌화로 950-39,http://place.map.kakao.com/26310988,129.04392893920098,37.683446294380815,3,true,EXACT,,
강릉,썬크루즈 호텔&리조트,1,썬크루즈호텔&리조트 비치크루즈,"여행 > 숙박 > 콘도,리조트",AD5,강원특별자치도 강릉시 강동면 헌화로 950-39,http://place.map.kakao.com/1015203648,129.04267542791032,37.68411211639189,3,true,CANDIDATE_LONGER,,비치크루즈
강릉,썬크루즈 호텔&리조트,2,썬크루즈호텔&리조트 주차장,"교통,수송 > 교통시설 > 주차장",PK6,강원특별자치도 강릉시 강동면 헌화로 950-39,http://place.map.kakao.com/2106093363,129.0447607606497,37.68195450481282,3,true,CANDIDATE_LONGER,,주차장
강릉,정동심곡 바다부채길,0,정동심곡 바다부채길,"여행 > 관광,명소 > 도보여행",AT4,강원특별자치도 강릉시 강동면 심곡리,http://place.map.kakao.com/2045844394,129.056702150934,37.6731420380735,10,true,EXACT,,
강릉,정동심곡 바다부채길,1,정동심곡바다부채길 심곡매표소,"서비스,산업 > 관리,운영 > 매표소",,강원특별자치도 강릉시 강동면 심곡리 114-3,http://place.map.kakao.com/835117272,129.054345131702,37.6662494276317,3,true,CANDIDATE_LONGER,,심곡매표소
강릉,정동심곡 바다부채길,2,정동심곡바다부채길 정동매표소,"서비스,산업 > 관리,운영 > 매표소",,강원특별자치도 강릉시 강동면 정동진리 50-13,http://place.map.kakao.com/88649275,129.04479257949217,37.68443394276652,3,true,CANDIDATE_LONGER,,정동매표소
강릉,정동심곡 바다부채길,3,정동심곡바다부채길화장실,"가정,생활 > 화장실",,강원특별자치도 강릉시 강동면 헌화로 648-8,http://place.map.kakao.com/359135984,129.053312571524,37.6657079973193,3,true,CANDIDATE_LONGER,,화장실
강릉,헌화로횟집,0,헌화로횟집,"음식점 > 한식 > 해물,생선 > 회",FD6,강원특별자치도 강릉시 강동면 헌화로 645,http://place.map.kakao.com/9647091,129.052736325146,37.6649469183176,10,true,EXACT,,
강릉,헌화로횟집,1,산새도횟집,"음식점 > 한식 > 해물,생선 > 회",FD6,강원특별자치도 강릉시 강동면 헌화로 995,http://place.map.kakao.com/9125511,129.03926810580694,37.686139427122725,5,false,DISJOINT,,
강릉,헌화로횟집,2,전망대횟집,"음식점 > 한식 > 해물,생선 > 회",FD6,강원특별자치도 강릉시 강동면 헌화로 982-2,http://place.map.kakao.com/9391577,129.040430930977,37.6856778977505,5,false,DISJOINT,,
강릉,헌화로횟집,3,동해횟집,"음식점 > 한식 > 해물,생선 > 회",FD6,강원특별자치도 강릉시 옥계면 헌화로 451,http://place.map.kakao.com/10283430,129.051079192352,37.6528289104828,5,false,DISJOINT,,
강릉,헌화로횟집,4,해변횟집,"음식점 > 한식 > 해물,생선 > 회",FD6,강원특별자치도 강릉시 옥계면 헌화로 437-4,http://place.map.kakao.com/10920235,129.04942007414277,37.65281541866364,5,false,DISJOINT,,
강릉,임당생활문화센터,0,임당생활문화센터,"교육,학문 > 문화센터",,강원특별자치도 강릉시 문화의길 6,http://place.map.kakao.com/869965698,128.894996500256,37.7546924851541,8,true,EXACT,,
강릉,강릉 고고횟집,0,고고횟집,"음식점 > 한식 > 해물,생선 > 회",FD6,강원특별자치도 강릉시 금성로 21,http://place.map.kakao.com/361383384,128.89863212642,37.753996156364,10,true,AI_LONGER,,
강릉,중앙시장,0,강릉중앙시장,"가정,생활 > 시장",,강원특별자치도 강릉시 금성로 21,http://place.map.kakao.com/18525909,128.8986237900098,37.754025117657804,8,true,CANDIDATE_LONGER,강릉,
강릉,중앙시장,1,강릉중앙시장 제1공영주차장,"교통,수송 > 교통시설 > 주차장 > 공영주차장",PK6,강원특별자치도 강릉시 성남동 65-4,http://place.map.kakao.com/301224738,128.90004914949444,37.75252926242914,8,true,CANDIDATE_LONGER,강릉,제1공영주차장
강릉,중앙시장,2,강릉중앙시장 제2공영주차장,"교통,수송 > 교통시설 > 주차장 > 공영주차장",PK6,강원특별자치도 강릉시 금성로 9,http://place.map.kakao.com/1718140517,128.8994194636279,37.75452577271704,8,true,CANDIDATE_LONGER,강릉,제2공영주차장
강릉,중앙시장,3,강릉중앙시장 지하어시장,"가정,생활 > 시장",,강원특별자치도 강릉시 성남동 50,http://place.map.kakao.com/2018534118,128.89880288725763,37.75437355983744,8,true,CANDIDATE_LONGER,강릉,지하어시장
강릉,중앙시장,4,강릉커피콩빵 중앙시장점,"음식점 > 간식 > 제과,베이커리",FD6,강원특별자치도 강릉시 금성로13번길 19,http://place.map.kakao.com/2119279976,128.90019221507248,37.75324312470098,10,true,CANDIDATE_LONGER,강릉커피콩빵,점
강릉,강릉샌드 본점,0,강릉샌드 본점,"음식점 > 간식 > 제과,베이커리",FD6,강원특별자치도 강릉시 금성로23번길 17,http://place.map.kakao.com/186682005,128.899227217401,37.7527758329282,10,true,EXACT,,
강릉,강릉샌드 본점,1,강릉샌드 본점,"음식점 > 간식 > 제과,베이커리",FD6,강원특별자치도 강릉시 성곡고양길5번안길 31,http://place.map.kakao.com/368644853,128.890082809845,37.7775248761033,10,true,EXACT,,
강릉,런닝맨 강릉점,0,런닝맨 강릉점,"여행 > 관광,명소 > 테마파크",AT4,강원특별자치도 강릉시 창해로 307,http://place.map.kakao.com/1311115333,128.92107805353038,37.791978217452765,10,true,EXACT,,
강릉,[강릉 바우길 5구간] 바다 호숫길,0,바우길 5구간(강릉바다호숫길),"여행 > 관광,명소 > 도보여행 > 바우길",AT4,강원특별자치도 강릉시 운정동,http://place.map.kakao.com/18973407,128.89835389823511,37.7905044705261,5,false,DISJOINT,,
강릉,경포동해횟집,0,경포동해횟집,"음식점 > 한식 > 해물,생선 > 회",FD6,강원특별자치도 강릉시 창해로 491,http://place.map.kakao.com/21345639,128.908709165753,37.8038406274275,10,true,EXACT,,
강릉,경포동해횟집,1,경포동해횟집 주차장,"교통,수송 > 교통시설 > 주차장",PK6,강원특별자치도 강릉시 창해로 491,http://place.map.kakao.com/1369238871,128.90887501726,37.8037118224426,8,true,CANDIDATE_LONGER,,주차장
강릉,테라로사 경포호수점,0,테라로사 경포호수점,음식점 > 카페 > 커피전문점,CE7,강원특별자치도 강릉시 난설헌로 145,http://place.map.kakao.com/653849031,128.90748944290655,37.78784984270989,10,true,EXACT,,
강릉,테라로사 경포호수점,1,테라로사 경포호수점 주차장,"교통,수송 > 교통시설 > 주차장",PK6,강원특별자치도 강릉시 포남동 933,http://place.map.kakao.com/1299834743,128.90724707113594,37.787694319642995,8,true,CANDIDATE_LONGER,,주차장
강릉,초당훈이순두부짬뽕,0,초당훈이순두부짬뽕,음식점 > 한식 > 두부전문점,FD6,강원특별자치도 강릉시 초당순두부길55번길 38,http://place.map.kakao.com/1312258719,128.91363582774753,37.79193271940368,10,true,EXACT,,
강릉,남항진해변,0,남항진해변,"여행 > 관광,명소 > 해수욕장,해변",AT4,강원특별자치도 강릉시 공항길127번길 67,http://place.map.kakao.com/10185290,128.954844024035,37.7643337061904,10,true,EXACT,,
강릉,남항진해변,1,남항진해변주차장,"교통,수송 > 교통시설 > 주차장",PK6,강원특별자치도 강릉시 공항길127번길 67,http://place.map.kakao.com/20594171,128.954209766446,37.7640343426722,8,true,CANDIDATE_LONGER,,주차장
강릉,남항진해변,2,남항진동1-1해변도로 주차장,"교통,수송 > 교통시설 > 주차장",PK6,강원특별자치도 강릉시 남항진동 1-1,http://place.map.kakao.com/127064473,128.952929126411,37.7658212134975,3,false,DISJOINT,,
강릉,남항진해변,3,해변민박,여행 > 숙박 > 민박,AD5,강원특별자치도 강릉시 공항길147번길 9-10,http://place.map.kakao.com/606390738,128.953438984697,37.7644975431355,3,false,DISJOINT,,
강릉,남항진해변,4,이디야커피 강릉남항진해변점,음식점 > 카페 > 커피전문점 > 이디야커피,CE7,강원특별자치도 강릉시 공항길127번길 40,http://place.map.kakao.com/1040689890,128.952368886482,37.7657476231422,10,true,CANDIDATE_LONGER,이디야커피강릉,점
강릉,보사노바 커피로스터스 강릉점,0,보사노바 커피로스터스 강릉점,음식점 > 카페,CE7,강원특별자치도 강릉시 창해로14번길 28,http://place.map.kakao.com/27320313,128.94782940821094,37.772045728575314,10,true,EXACT,,
강릉,브라보칼국수 강릉본점,0,브라보칼국수 강릉본점,음식점 > 한식 > 국수 > 칼국수,FD6,강원특별자치도 강릉시 창해로 27,http://place.map.kakao.com/771013592,128.944413617708,37.7743037983908,10,true,EXACT,,
강릉,이마트 강릉점,0,이마트 강릉점,"가정,생활 > 대형마트 > 이마트",MT1,강원특별자치도 강릉시 경강로 2398-10,http://place.map.kakao.com/8041146,128.92261908163255,37.77062579375875,8,true,EXACT,,
강릉,이마트 강릉점,1,구름빵 이마트강릉점,"교육,학문 > 유아교육 > 놀이교육 > 플레이타임",,강원특별자치도 강릉시 경강로 2398-10,http://place.map.kakao.com/357276691,128.922734880108,37.770627507078,3,true,CANDIDATE_LONGER,구름빵,
강릉,이마트 강릉점,2,이마트강릉점 주차장,"교통,수송 > 교통시설 > 주차장",PK6,강원특별자치도 강릉시 경강로 2398-10,http://place.map.kakao.com/20562937,128.92262039409496,37.77058883802768,3,true,CANDIDATE_LONGER,,주차장
강릉,이마트 강릉점,3,삼성전자 이마트강릉점,"가정,생활 > 전자제품 > 전자제품판매",,강원특별자치도 강릉시 경강로 2398-10,http://place.map.kakao.com/73861556,128.922607998786,37.7704169804957,3,true,CANDIDATE_LONGER,삼성전자,
강릉,이마트 강릉점,4,프레시가든 이마트 강릉점,"가정,생활 > 꽃집,꽃배달",,강원특별자치도 강릉시 경강로 2398-10,http://place.map.kakao.com/1689556255,128.922641069208,37.770598409788,8,true,CANDIDATE_LONGER,프레시가든,
강릉,55베이킹스튜디오,0,55베이킹스튜디오,"음식점 > 간식 > 제과,베이커리",FD6,강원특별자치도 강릉시 산양길26번길 27-2,http://place.map.kakao.com/717799879,128.91587172236012,37.78005038084362,10,true,EXACT,,
강릉,초당할머니순두부,0,초당할머니순두부,음식점 > 한식 > 두부전문점,FD6,강원특별자치도 강릉시 초당순두부길 77,http://place.map.kakao.com/8535139,128.915396082152,37.7905546548915,10,true,EXACT,,
강릉,초당할머니순두부,1,초당토박이 할머니순두부,음식점 > 한식 > 두부전문점,FD6,강원특별자치도 강릉시 초당순두부길 47,http://place.map.kakao.com/9521756,128.91353733150137,37.78811477766893,5,false,DISJOINT,,
강릉,초당할머니순두부,2,초당할머니순두부 주차장,"교통,수송 > 교통시설 > 주차장",PK6,강원특별자치도 강릉시 초당순두부길 77,http://place.map.kakao.com/652006786,128.915396082152,37.7905546548915,8,true,CANDIDATE_LONGER,,주차장
강릉,초당할머니순두부,3,토박이할머니순두부 주차장,"교통,수송 > 교통시설 > 주차장",PK6,강원특별자치도 강릉시 초당동 273-2,http://place.map.kakao.com/483815907,128.913586764199,37.788050916051,3,false,DISJOINT,,
순천,이마트 순천점,0,이마트 순천점,"가정,생활 > 대형마트 > 이마트",MT1,전남광주통합특별시 순천시 팔마로 191,http://place.map.kakao.com/8532477,127.508383268869,34.9425555125067,8,true,EXACT,,
순천,이마트 순천점,1,이마트 순천점 주차장,"교통,수송 > 교통시설 > 주차장",PK6,전남광주통합특별시 순천시 덕암동 146-3,http://place.map.kakao.com/20562942,127.50967839093086,34.94222558902688,8,true,CANDIDATE_LONGER,,주차장
순천,이마트 순천점,2,아모레퍼시픽 이마트순천점,"가정,생활 > 미용 > 화장품",,전남광주통합특별시 순천시 팔마로 191,http://place.map.kakao.com/27210253,127.508741481779,34.9424206087149,3,true,CANDIDATE_LONGER,아모레퍼시픽,
순천,이마트 순천점,3,삼성전자 이마트순천점,"가정,생활 > 전자제품 > 전자제품판매",,전남광주통합특별시 순천시 팔마로 191,http://place.map.kakao.com/1448753495,127.508450146675,34.9425723588288,3,true,CANDIDATE_LONGER,삼성전자,
순천,이마트 순천점,4,원스탑주얼리 이마트 순천점,"가정,생활 > 패션 > 보석,귀금속",,전남광주통합특별시 순천시 팔마로 191,http://place.map.kakao.com/1021052615,127.508450146675,34.9425723588288,8,true,CANDIDATE_LONGER,원스탑주얼리,
순천,덕수파스타 순천 직영점,0,덕수파스타 순천직영점,음식점 > 양식,FD6,전남광주통합특별시 순천시 왕지2길 13-12,http://place.map.kakao.com/1569546889,127.5237956071,34.9683108834321,5,true,EXACT,,
순천,순천시립 그림책 도서관,0,순천시립그림책도서관,"교육,학문 > 학습시설 > 도서관 > 국공립도서관",,전남광주통합특별시 순천시 도서관길 33,http://place.map.kakao.com/8446142,127.48632846227456,34.95780160345651,3,true,EXACT,,
순천,순천 문화의거리,0,순천문화의거리,"여행 > 관광,명소 > 테마거리",AT4,전남광주통합특별시 순천시 행동 65-58,http://place.map.kakao.com/18905860,127.482416140561,34.9549309904526,5,true,EXACT,,
순천,순천 문화의거리,1,파스쿠찌 순천문화의거리점,음식점 > 카페 > 커피전문점 > 파스쿠찌,CE7,전남광주통합특별시 순천시 중앙로 94-2,http://place.map.kakao.com/837124564,127.484144992651,34.9540227325554,5,true,CANDIDATE_LONGER,파스쿠찌,점
순천,순천 문화의거리,2,주복,음식점 > 한식,FD6,전남광주통합특별시 순천시 금곡길 106,http://place.map.kakao.com/859191620,127.47967455683298,34.95490399036628,5,false,DISJOINT,,
순천,라망드마망,-1,,,,,,,,,,,,
순천,도원경,0,도원경,음식점 > 한식 > 한정식,FD6,전남광주통합특별시 순천시 순천만길 309,http://place.map.kakao.com/12078470,127.50429196610077,34.902567391557355,10,true,EXACT,,
순천,도원경,1,도원경식품,"서비스,산업 > 식품 > 식품가공,제조",,전남광주통합특별시 순천시 풍덕새길 8-31,http://place.map.kakao.com/898352026,127.49616398042883,34.936611852036705,8,true,CANDIDATE_LONGER,,식품
순천,순천만습지,0,순천만습지,"여행 > 관광,명소 > 생태보존,서식지",,전남광주통합특별시 순천시 순천만길 513-25,http://place.map.kakao.com/1191246407,127.509555018979,34.8856119885429,8,true,EXACT,,
순천,순천만습지,1,순천만습지 순천만갈대군락지,"여행 > 관광,명소 > 생태보존,서식지",,전남광주통합특별시 순천시 해룡면 선학리 755-21,http://place.map.kakao.com/1771211020,127.51434378699,34.8831039914111,8,true,CANDIDATE_LONGER,,순천만갈대군락지
순천,순천만습지,2,순천만습지 주차장매표소,"서비스,산업 > 관리,운영 > 매표소",,전남광주통합특별시 순천시 순천만길 513-25,http://place.map.kakao.com/2031418287,127.507893447523,34.8857992192269,8,true,CANDIDATE_LONGER,,주차장매표소
순천,순천만습지,3,순천만습지 버스주차장,"교통,수송 > 교통시설 > 주차장",PK6,전남광주통합특별시 순천시 순천만길 513-25,http://place.map.kakao.com/1272710323,127.50822290637113,34.88636391405292,8,true,CANDIDATE_LONGER,,버스주차장
순천,순천만습지,4,순천만국제습지센터,"문화,예술 > 문화시설 > 전시관",CT1,전남광주통합특별시 순천시 국가정원1호길 47,http://place.map.kakao.com/19273359,127.499428647615,34.9287726805087,3,false,DISJOINT,,
순천,순천의 계절,0,순천의계절,음식점 > 카페,CE7,전남광주통합특별시 순천시 순천만길 28,http://place.map.kakao.com/2141166738,127.493465490281,34.9246705150283,5,true,EXACT,,
순천,순천의 계절,1,카페순천의계절,음식점 > 카페,CE7,전남광주통합특별시 순천시 순천만길 30,http://place.map.kakao.com/938631352,127.493621793639,34.9246374303229,5,true,CANDIDATE_LONGER,카페,
순천,순천의 계절,2,순천의계절 무인매점,"가정,생활 > 슈퍼마켓",,전남광주통합특별시 순천시 순천만길 30,http://place.map.kakao.com/1554015606,127.493621793639,34.9246374303229,3,true,CANDIDATE_LONGER,,무인매점
순천,순천의 계절,3,다온계절식탁,음식점 > 한식,FD6,전남광주통합특별시 순천시 오천3길 25,http://place.map.kakao.com/175426987,127.49472149798,34.9326291212546,5,false,DISJOINT,,
순천,순천의 계절,4,참숯계절맛집,"음식점 > 한식 > 해물,생선",FD6,전남광주통합특별시 순천시 연향번영8길 20,http://place.map.kakao.com/27140791,127.516364817183,34.9501330909112,5,false,DISJOINT,,
순천,강동일식,0,강동일식,음식점 > 일식 > 일식집,FD6,전남광주통합특별시 순천시 순천만길 31,http://place.map.kakao.com/1157777467,127.49412558214,34.9252447176255,10,true,EXACT,,
순천,순천만국가정원,0,순천만국가정원,"여행 > 관광,명소 > 국가정원",AT4,전남광주통합특별시 순천시 국가정원1호길 47,http://place.map.kakao.com/25052480,127.498901621838,34.9292183256846,10,true,EXACT,,
순천,순천만국가정원,1,순천만국가정원 서문주차장,"교통,수송 > 교통시설 > 주차장",PK6,전남광주통합특별시 순천시 국가정원1호길 47,http://place.map.kakao.com/244885362,127.49527458474617,34.92886359779077,8,true,CANDIDATE_LONGER,,서문주차장
순천,순천만국가정원,2,순천만국가정원 제3주차장(동문),"교통,수송 > 교통시설 > 주차장",PK6,전남광주통합특별시 순천시 국가정원1호길 162-11,http://place.map.kakao.com/244747118,127.51045495587296,34.930639588970294,8,true,CANDIDATE_LONGER,,제3주차장동문
순천,순천만국가정원,3,순천만국가정원 정원워케이션,"여행 > 숙박 > 야영,캠핑장",AD5,전남광주통합특별시 순천시 국가정원1호길 152-55,http://place.map.kakao.com/1987690721,127.51250966500783,34.925238874074076,8,true,CANDIDATE_LONGER,,정원워케이션
순천,순천만국가정원,4,순천만국가정원 정원역,여행 > 관광지부속시설,,전남광주통합특별시 순천시 강변로 435,http://place.map.kakao.com/27134423,127.50185045938582,34.92675442212032,8,true,CANDIDATE_LONGER,,정원역
순천,조례호수공원,0,순천조례호수공원,여행 > 공원 > 도시근린공원,,전남광주통합특별시 순천시 조례동 1867,http://place.map.kakao.com/14502646,127.523793769565,34.9676781259712,8,true,CANDIDATE_LONGER,순천,
순천,조례호수공원,1,순천조례호수공원 공중화장실,"가정,생활 > 화장실",,전남광주통합특별시 순천시 조례동 1867,http://place.map.kakao.com/845936100,127.523422745805,34.9678780282159,8,true,CANDIDATE_LONGER,순천,공중화장실
순천,조례호수공원,2,순천로컬푸드 조례호수공원점,"가정,생활 > 슈퍼마켓",,전남광주통합특별시 순천시 지봉로 611,http://place.map.kakao.com/2078636678,127.527099672961,34.9668453736999,8,true,CANDIDATE_LONGER,순천로컬푸드,점
순천,조례호수공원,3,순천조례호수공원 주차장2,"교통,수송 > 교통시설 > 주차장",PK6,전남광주통합특별시 순천시 조례동 1866,http://place.map.kakao.com/275125731,127.52384588177158,34.96795191921546,8,true,CANDIDATE_LONGER,순천,주차장2
순천,조례호수공원,4,조례호수공원 주차장,"교통,수송 > 교통시설 > 주차장",PK6,전남광주통합특별시 순천시 조례동 1866,http://place.map.kakao.com/848805113,127.524756410957,34.9678731741146,8,true,CANDIDATE_LONGER,,주차장
순천,밥팜 순천만정원점,0,밥팜 순천만정원점,음식점 > 한식,FD6,전남광주통합특별시 순천시 오천3길 30,http://place.map.kakao.com/689403695,127.494494771709,34.9324200223212,10,true,EXACT,,
순천,구봉산 전망대,-1,,,,,,,,,,,,
순천,순천만습지순천만갈대군락지,0,순천만습지 순천만갈대군락지,"여행 > 관광,명소 > 생태보존,서식지",,전남광주통합특별시 순천시 해룡면 선학리 755-21,http://place.map.kakao.com/1771211020,127.51434378699,34.8831039914111,3,true,EXACT,,
순천,순천만명품식당,0,명품식당,음식점 > 한식 > 한정식,FD6,전남광주통합특별시 순천시 순천만길 518,http://place.map.kakao.com/928989253,127.508156725551,34.8873412952198,10,true,AI_LONGER,,
순천,만대재,0,만대재,음식점 > 카페,CE7,전남광주통합특별시 순천시 순천만길 530,http://place.map.kakao.com/542026001,127.508727429187,34.8883538709179,10,true,EXACT,,
순천,율봉서원,0,율봉서원,"여행 > 관광,명소 > 문화유적 > 서원",,전남광주통합특별시 순천시 별량면 우산리 725-1,http://place.map.kakao.com/10665495,127.472252954707,34.8832928073748,8,true,EXACT,,
순천,밥꽃이야기 들마루,0,밥꽃이야기 들마루,음식점 > 한식 > 한정식,FD6,전남광주통합특별시 순천시 순천만길 496,http://place.map.kakao.com/671502675,127.507353726478,34.8876871765371,10,true,EXACT,,
순천,용산전망대,0,순천만 용산전망대,"여행 > 관광,명소 > 전망대",AT4,전남광주통합특별시 순천시 해룡면 순천만길 513-51,http://place.map.kakao.com/1133962119,127.51931847716531,34.8729854870858,10,true,CANDIDATE_LONGER,순천만,
순천,남파랑길61-1코스(우회),0,남파랑길 61-1코스(우회노선),"여행 > 관광,명소 > 도보여행 > 남파랑길",AT4,전남광주통합특별시 순천시 대대동 192-6,http://place.map.kakao.com/1149485040,127.50444091631005,34.88648512837502,5,true,CANDIDATE_LONGER,,노선
순천,오공치 전망대,0,오공치전망대,"여행 > 관광,명소 > 전망대",AT4,전남광주통합특별시 순천시 낙안면 상송리 산 53-3,http://place.map.kakao.com/1483968996,127.329248266809,34.9275430227256,5,true,EXACT,,
순천,선암사계곡,0,선암사계곡,"여행 > 관광,명소 > 계곡",AT4,전남광주통합특별시 순천시 승주읍 죽학리,http://place.map.kakao.com/12639186,127.341023416607,34.9922551481081,10,true,EXACT,,
순천,다반사,0,다반사,음식점 > 카페,CE7,전남광주통합특별시 순천시 승주읍 승암교길 14,http://place.map.kakao.com/1764159275,127.343183607481,34.9923067493394,10,true,EXACT,,
순천,길상식당,0,길상식당,음식점 > 한식 > 한정식,FD6,전남광주통합특별시 순천시 승주읍 승암교길 8,http://place.map.kakao.com/11891805,127.3438324801159,34.991888476308596,10,true,EXACT,,
순천,길상식당,1,길상식당,음식점 > 한식,FD6,전남광주통합특별시 순천시 송광면 송광사안길 123,http://place.map.kakao.com/21272882,127.265879687557,35.0044024806382,10,true,EXACT,,
순천,선암사,0,선암사,"문화,예술 > 종교 > 불교 > 절,사찰",,전남광주통합특별시 순천시 승주읍 선암사길 450,http://place.map.kakao.com/7947688,127.33111270213585,34.99654790789232,8,true,EXACT,,
순천,선암사,1,선암사 제2주차장,"교통,수송 > 교통시설 > 주차장",PK6,전남광주통합특별시 순천시 승주읍 죽학리 755-3,http://place.map.kakao.com/26311124,127.342246817512,34.9925004861239,8,true,CANDIDATE_LONGER,,제2주차장
순천,선암사,2,선암사 승선교,"교통,수송 > 도로시설 > 교량,다리",,전남광주통합특별시 순천시 승주읍 죽학리 산 48-1,http://place.map.kakao.com/12706064,127.33344585750342,34.99384639902851,8,true,CANDIDATE_LONGER,,승선교
순천,선암사,3,선암사공원관리사무소 주차장,"교통,수송 > 교통시설 > 주차장",PK6,전남광주통합특별시 순천시 승주읍 선암사길 450,http://place.map.kakao.com/26438809,127.331259368298,34.9970630964695,8,true,CANDIDATE_LONGER,,공원관리사무소주차장
순천,선암사,4,조계산 송광사선암사 일원,"여행 > 관광,명소 > 문화유적 > 유적지",,전남광주통합특별시 순천시 승주읍 선암사길 450,http://place.map.kakao.com/12760595,127.32945938286629,34.99672366793397,8,true,CANDIDATE_LONGER,조계산송광사,일원
순천,송광사길상식당,0,길상식당,음식점 > 한식,FD6,전남광주통합특별시 순천시 송광면 송광사안길 123,http://place.map.kakao.com/21272882,127.265879687557,35.0044024806382,10,true,AI_LONGER,,
순천,낙안전통가옥체험장,0,낙안전통가옥체험장,"교육,학문 > 교육단체 > 체험학습장",,전남광주통합특별시 순천시 낙안면 충민길 90,http://place.map.kakao.com/16428950,127.338946828134,34.9082410273901,8,true,EXACT,,
순천,순천 낙안읍성,0,순천 낙안읍성,"여행 > 관광,명소 > 민속촌",AT4,전남광주통합특별시 순천시 낙안면 충민길 30,http://place.map.kakao.com/8234854,127.34177719691982,34.90631043247128,10,true,EXACT,,
순천,순천 낙안읍성,1,낙안읍성 민속문화축제,이슈 > 이벤트 > 페스티벌,,전남광주통합특별시 순천시 낙안면 충민길 30,http://place.map.kakao.com/8205006,127.34180685895643,34.90633919359403,3,false,DISJOINT,,
순천,순천 낙안읍성,2,낙안읍성 주차장,"교통,수송 > 교통시설 > 주차장",PK6,전남광주통합특별시 순천시 낙안면 평촌리 6-4,http://place.map.kakao.com/595255911,127.34357434937037,34.903805805654216,3,false,DISJOINT,,
순천,순천 낙안읍성,3,낙안읍성민속마을 관광안내소,"여행 > 관광,명소 > 관광안내소",,전남광주통합특별시 순천시 낙안면 충민길 13,http://place.map.kakao.com/25972435,127.341984313393,34.90559504616874,3,false,DISJOINT,,
순천,순천 낙안읍성,4,낙안읍성선비촌,음식점 > 한식 > 한정식,FD6,전남광주통합특별시 순천시 낙안면 삼일로 51,http://place.map.kakao.com/23926432,127.34322662562,34.905961114925,5,false,DISJOINT,,
순천,최대감벌교꼬막,0,최대감벌교꼬막,"음식점 > 한식 > 해물,생선 > 조개",FD6,전남광주통합특별시 순천시 낙안면 삼일로 63,http://place.map.kakao.com/1286663140,127.34372574833763,34.904953751048645,10,true,EXACT,,
순천,순천농협파머스마켓 낙안점,0,순천농협 파머스마켓 낙안점,"가정,생활 > 슈퍼마켓 > 대형슈퍼",,전남광주통합특별시 순천시 낙안면 삼일로 43,http://place.map.kakao.com/91940496,127.343667420279,34.9056606072421,3,true,EXACT,,
순천,양지쌈밥,0,양지쌈밥,음식점 > 한식 > 쌈밥,FD6,전남광주통합특별시 순천시 금곡길 8,http://place.map.kakao.com/21295112,127.48337567684165,34.955011905291,10,true,EXACT,,
순천,아트박스 순천중앙점,0,아트박스 순천중앙점,"가정,생활 > 문구,사무용품 > 디자인문구 > 아트박스",,전남광주통합특별시 순천시 황금2길 14,http://place.map.kakao.com/26968997,127.48549237558383,34.9541534627889,8,true,EXACT,,
순천,해강 순천시청점,-1,,,,,,,,,,,,
순천,봉화산무장애나눔길,0,봉화산 무장애나눔길,"여행 > 관광,명소 > 도보여행 > 무장애나눔길",AT4,전남광주통합특별시 순천시 조곡동 284-14,http://place.map.kakao.com/1760186498,127.498248881796,34.9550257180202,5,true,EXACT,,
순천,옥천서원(순천),0,옥천서원,"여행 > 관광,명소 > 문화유적 > 서원",,전남광주통합특별시 순천시 임청대길 18,http://place.map.kakao.com/10615117,127.478804484206,34.9521329772639,8,true,AI_LONGER,,
순천,순천호탄집 오천지구점,-1,,,,,,,,,,,,
순천,스카이큐브,0,순천만국가정원 정원역,여행 > 관광지부속시설,,전남광주통합특별시 순천시 강변로 435,http://place.map.kakao.com/27134423,127.50185045938582,34.92675442212032,3,false,DISJOINT,,
순천,스카이큐브,1,스카이큐브 사무실,"서비스,산업 > 관리,운영",,전남광주통합특별시 순천시 강변로 435,http://place.map.kakao.com/389181911,127.501770196301,34.9265140845075,8,true,CANDIDATE_LONGER,,사무실
순천,순천만국가정원 테라피가든,-1,,,,,,,,,,,,
순천,나눌터,0,나눌터,음식점 > 한식,FD6,전남광주통합특별시 순천시 팔마1길 4,http://place.map.kakao.com/14504521,127.514056981487,34.9325767938184,10,true,EXACT,,
영주,소백산 자락길,0,소백산자락길 1자락,"여행 > 관광,명소 > 도보여행 > 소백산자락길",AT4,경북 영주시 순흥면 배점리,http://place.map.kakao.com/18973425,128.5362917609206,36.93724312417928,5,true,CANDIDATE_LONGER,,1자락
영주,소백산 자락길,1,소백산자락길 2자락,"여행 > 관광,명소 > 도보여행 > 소백산자락길",AT4,경북 영주시 풍기읍 금계리,http://place.map.kakao.com/18973426,128.51758453160096,36.88407198077996,5,true,CANDIDATE_LONGER,,2자락
영주,소백산 자락길,2,소백산자락길 12자락,"여행 > 관광,명소 > 도보여행 > 소백산자락길",AT4,경북 영주시 단산면 단곡리,http://place.map.kakao.com/18973424,128.55945393067782,36.9647747802103,5,true,CANDIDATE_LONGER,,12자락
영주,소백산 자락길,3,소백산자락길 9자락,"여행 > 관광,명소 > 도보여행 > 소백산자락길",AT4,경북 영주시 부석면 남대리,http://place.map.kakao.com/18973433,128.69694553180204,37.02571563622527,5,true,CANDIDATE_LONGER,,9자락
영주,소백산 자락길,4,소백산자락길 8자락,"여행 > 관광,명소 > 도보여행 > 소백산자락길",AT4,경북 영주시 부석면 남대리,http://place.map.kakao.com/18973432,128.63861875616303,37.05236833748804,5,true,CANDIDATE_LONGER,,8자락
영주,영주포교당,0,영주포교당,"문화,예술 > 종교 > 불교 > 절,사찰",,경북 영주시 중앙로63번길 41-10,http://place.map.kakao.com/12675360,128.621257271739,36.823275958304,8,true,EXACT,,
영주,라라코스트 영주역점,0,라라코스트 영주점,음식점 > 패밀리레스토랑 > 라라코스트,FD6,경북 영주시 대학로12번길 4,http://place.map.kakao.com/26778230,128.622918119407,36.8104301580385,5,false,DISJOINT,,
영주,더달달 영주역점,0,더달달 영주역점,"가정,생활 > 식품판매",,경북 영주시 선비로 65,http://place.map.kakao.com/412885716,128.623823634069,36.810753870132,8,true,EXACT,,
영주,태극당 영주역점,0,태극당 영주역점,"음식점 > 간식 > 제과,베이커리",FD6,경북 영주시 선비로 64,http://place.map.kakao.com/1781301485,128.6250853221735,36.810910525956274,10,true,EXACT,,
영주,장수식당,0,장수식당,음식점 > 한식,FD6,경북 영주시 선비로 43,http://place.map.kakao.com/1876567170,128.624869957754,36.809044778585,10,true,EXACT,,
영주,장수식당,1,장수표고식당,음식점 > 한식 > 국수 > 칼국수,FD6,경북 영주시 장수면 장수로 252-2,http://place.map.kakao.com/894673407,128.5909443376105,36.788437874376264,5,false,DISJOINT,,
영주,장수식당,2,장수 식육식당,"음식점 > 한식 > 육류,고기",FD6,경북 영주시 장수면 옥계로 3,http://place.map.kakao.com/16874292,128.5797899007292,36.775055092693606,5,false,DISJOINT,,
영주,장수식당,3,장수반점,음식점 > 중식 > 중국요리,FD6,경북 영주시 장수면 장수로 42,http://place.map.kakao.com/9989036,128.577811778076,36.7749389897389,5,false,DISJOINT,,
영주,장수식당,4,장수돼지국밥,음식점 > 한식 > 국밥,FD6,경북 영주시 구성로 180,http://place.map.kakao.com/1883779984,128.629009114229,36.809359354002,5,false,DISJOINT,,
영주,소수서원,0,소수서원,"여행 > 관광,명소 > 문화유적 > 서원",,경북 영주시 순흥면 소백로 2740,http://place.map.kakao.com/9479775,128.580202883743,36.9256206705394,8,true,EXACT,,
영주,소수서원,1,소수서원 주차장,"교통,수송 > 교통시설 > 주차장",PK6,경북 영주시 순흥면 소백로 2740,http://place.map.kakao.com/17583504,128.578612181843,36.9242362695409,8,true,CANDIDATE_LONGER,,주차장
영주,소수서원,2,소수서원시립박물관,"문화,예술 > 문화시설 > 박물관",CT1,경북 영주시 순흥면 소백로 2740,http://place.map.kakao.com/19408863,128.580188974349,36.9255992316798,8,true,CANDIDATE_LONGER,,시립박물관
영주,소수서원,3,소수서원 매표소,"서비스,산업 > 관리,운영 > 매표소",,경북 영주시 순흥면 소백로 2740,http://place.map.kakao.com/18119070,128.579212604727,36.9244012784042,8,true,CANDIDATE_LONGER,,매표소
영주,소수서원,4,소수박물관,"문화,예술 > 문화시설 > 박물관",CT1,경북 영주시 순흥면 소백로 2780,http://place.map.kakao.com/11407632,128.582427259849,36.9259514505642,3,false,DISJOINT,,
영주,연화 카페,0,연화떡카페,음식점 > 카페 > 테마카페 > 떡카페,CE7,경북 영주시 순흥면 죽계로 26,http://place.map.kakao.com/2128987472,128.574345728595,36.9204267199375,5,false,DISJOINT,,
영주,순흥전통묵집,0,순흥전통묵집,음식점 > 한식,FD6,경북 영주시 순흥면 순흥로39번길 21,http://place.map.kakao.com/21515429,128.5750727439757,36.91343703829087,10,true,EXACT,,
영주,순흥전통묵집,1,순흥전통묵집 주차장,"교통,수송 > 교통시설 > 주차장",PK6,경북 영주시 순흥면 순흥로39번길 21,http://place.map.kakao.com/627299062,128.575108528888,36.9134311577293,8,true,CANDIDATE_LONGER,,주차장
영주,소백산자락길1코스,0,소백산자락길 1자락,"여행 > 관광,명소 > 도보여행 > 소백산자락길",AT4,경북 영주시 순흥면 배점리,http://place.map.kakao.com/18973425,128.5362917609206,36.93724312417928,5,false,DISJOINT,,
영주,성혈사(영주),0,성혈사,"문화,예술 > 종교 > 불교 > 절,사찰",,경북 영주시 순흥면 죽계로 459-99,http://place.map.kakao.com/10470794,128.543276024837,36.9505161806548,8,true,AI_LONGER,,
영주,희방계곡,0,희방폭포,"여행 > 관광,명소 > 폭포",,경북 영주시 풍기읍 수철리,http://place.map.kakao.com/8176818,128.45809367955,36.9178445952149,3,false,DISJOINT,,
영주,희방계곡,1,희방계곡,"여행 > 관광,명소 > 계곡",AT4,경북 영주시 풍기읍 수철리,http://place.map.kakao.com/8176791,128.456940549798,36.9140925105143,10,true,EXACT,,
영주,묘솔캠핑장,0,묘솔캠핑장,"여행 > 숙박 > 야영,캠핑장 > 오토캠핑장",AD5,경북 영주시 풍기읍 삼가로 423,http://place.map.kakao.com/20842180,128.507622195582,36.9211329921626,8,true,EXACT,,
영주,뜬돌반점 영주택지본점,-1,,,,,,,,,,,,
영주,스타벅스 영주가흥점,0,스타벅스 영주가흥점,음식점 > 카페 > 커피전문점 > 스타벅스,CE7,경북 영주시 영주로 90,http://place.map.kakao.com/2116412701,128.610235066977,36.8229112928205,10,true,EXACT,,
영주,스타벅스 영주가흥점,1,스타벅스 영주가흥점 제1주차장,"교통,수송 > 교통시설 > 주차장",PK6,경북 영주시 가흥동 396-2,http://place.map.kakao.com/650050196,128.610657682299,36.8226487803226,8,true,CANDIDATE_LONGER,,제1주차장
영주,스타벅스 영주가흥점,2,스타벅스 영주가흥점 제2주차장,"교통,수송 > 교통시설 > 주차장",PK6,경북 영주시 가흥동 397-2,http://place.map.kakao.com/914495432,128.610019616818,36.8226844538461,8,true,CANDIDATE_LONGER,,제2주차장
영주,스타벅스 영주가흥점,3,스타벅스 영주가흥점 전기차충전소,"교통,수송 > 자동차 > 전기차 충전소",,경북 영주시 영주로 90,http://place.map.kakao.com/2064307085,128.610247851198,36.8228795843678,8,true,CANDIDATE_LONGER,,전기차충전소
영주,풍기향교,0,풍기향교,"여행 > 관광,명소 > 문화유적 > 향교,서당",,경북 영주시 풍기읍 금계로 104,http://place.map.kakao.com/8640652,128.5255769853,36.8816882638774,8,true,EXACT,,
영주,풍기향교,1,풍기 향교서무,"여행 > 관광,명소 > 문화유적 > 향교,서당",,경북 영주시 풍기읍 금계로 104,http://place.map.kakao.com/12692372,128.525581112093,36.8816701906829,3,true,CANDIDATE_LONGER,,서무
영주,풍기향교,2,풍기향교 대성전동,"여행 > 관광,명소 > 문화유적 > 향교,서당",,경북 영주시 풍기읍 금계로 104,http://place.map.kakao.com/12692376,128.525882452348,36.8814825148898,8,true,CANDIDATE_LONGER,,대성전동
영주,풍기향교,3,향교마을노인회관,"사회,공공기관 > 단체,협회 > 사회복지시설 > 노인복지시설",,경북 영주시 풍기읍 금계로64번길 45,http://place.map.kakao.com/23861683,128.52777177761655,36.88128524152526,3,false,DISJOINT,,
영주,까몬 영주점,-1,,,,,,,,,,,,
영주,선비촌,0,선비촌,"교육,학문 > 교육단체 > 체험학습장",,경북 영주시 순흥면 소백로 2796,http://place.map.kakao.com/15456128,128.58267875884908,36.927531150886296,8,true,EXACT,,
영주,선비촌,1,선비촌종가집,음식점 > 한식,FD6,경북 영주시 순흥면 소백로 2796,http://place.map.kakao.com/10490979,128.58162463644874,36.92724426181399,10,true,CANDIDATE_LONGER,,종가집
영주,선비촌,2,선비촌,"부동산 > 주거시설 > 빌라,주택",,경북 영주시 영주로86번길 26-4,http://place.map.kakao.com/334390486,128.61105825662182,36.82197660631717,8,true,EXACT,,
영주,선비촌,3,선비촌요양원,"의료,건강 > 요양,간병 > 요양원",,경북 영주시 순흥면 회헌로884번길 27-40,http://place.map.kakao.com/1689806383,128.583598637576,36.9025531181788,8,true,CANDIDATE_LONGER,,요양원
영주,선비촌,4,선비촌순흥청국장,음식점 > 한식,FD6,경북 영주시 순흥면 소백로 2661,http://place.map.kakao.com/1567444207,128.57482454789246,36.91779125635626,10,true,CANDIDATE_LONGER,,순흥청국장
영주,선비촌종가집,0,선비촌종가집,음식점 > 한식,FD6,경북 영주시 순흥면 소백로 2796,http://place.map.kakao.com/10490979,128.58162463644874,36.92724426181399,10,true,EXACT,,
영주,나드리,0,나드리,음식점 > 분식,FD6,경북 영주시 중앙로 89,http://place.map.kakao.com/8241870,128.62484665091358,36.823366607937686,10,true,EXACT,,
영주,나드리,1,나드리2,음식점 > 분식,FD6,경북 영주시 풍기읍 풍기로 73-1,http://place.map.kakao.com/9533843,128.52606966761516,36.8712770625118,10,true,CANDIDATE_LONGER,,2
영주,나드리,2,나드리푸드,"서비스,산업 > 식품 > 식품가공,제조",,경북 영주시 대동로 89-3,http://place.map.kakao.com/2011289739,128.61218437975174,36.81496951323388,8,true,CANDIDATE_LONGER,,푸드
영주,나드리,3,나드리김밥 풍기점,음식점 > 분식 > 나드리김밥,FD6,경북 영주시 풍기읍 동성로 92,http://place.map.kakao.com/15398082,128.526463201988,36.871441397817,10,true,CANDIDATE_LONGER,,김밥풍기점
영주,나드리,4,다앤카페나드리,음식점 > 카페,CE7,경북 영주시 풍기읍 남원로70번길 7,http://place.map.kakao.com/1458480253,128.526727304313,36.8671311680431,10,true,CANDIDATE_LONGER,다앤카페,
영주,선달산(봉화),-1,,,,,,,,,,,,
영주,소백산자락길10코스,-1,,,,,,,,,,,,
영주,부석사,0,부석사,"문화,예술 > 종교 > 불교 > 절,사찰",,경북 영주시 부석면 부석사로 345,http://place.map.kakao.com/7909668,128.68710185255878,36.99847278888451,8,true,EXACT,,
영주,부석사,1,부석사 무량수전,"여행 > 관광,명소 > 문화유적 > 유적지",,경북 영주시 부석면 부석사로 345,http://place.map.kakao.com/7913481,128.687503564885,36.9989617116515,8,true,CANDIDATE_LONGER,,무량수전
영주,부석사,2,부석사 소형주차장,"교통,수송 > 교통시설 > 주차장",PK6,경북 영주시 부석면 북지리 384-2,http://place.map.kakao.com/24637080,128.6769079951215,36.995046712916135,8,true,CANDIDATE_LONGER,,소형주차장
영주,부석사,3,부석사 후문 주차장,"교통,수송 > 교통시설 > 주차장",PK6,경북 영주시 부석면 북지리 162,http://place.map.kakao.com/93523386,128.688107332732,36.9974629134213,8,true,CANDIDATE_LONGER,,후문주차장
영주,부석사,4,부석사 대형주차장,"교통,수송 > 교통시설 > 주차장",PK6,경북 영주시 부석면 북지리 387-1,http://place.map.kakao.com/837975663,128.676709344273,36.9941845830586,8,true,CANDIDATE_LONGER,,대형주차장
영주,부석사식당,0,부석사식당,음식점 > 한식,FD6,경북 영주시 부석면 부석사로 317,http://place.map.kakao.com/16430745,128.681696430694,36.9952023939712,10,true,EXACT,,
영주,부석사식당,1,종점식당,음식점 > 한식,FD6,경북 영주시 부석면 부석사로 319,http://place.map.kakao.com/15283616,128.681981383719,36.9952884530259,5,false,DISJOINT,,
영주,부석사식당,2,부석사가는길에카페,음식점 > 카페,CE7,경북 영주시 부석면 봉황산로 103,http://place.map.kakao.com/106854695,128.67865909073976,36.99218388225455,5,false,DISJOINT,,
영주,카페 무량수,0,카페무량수,음식점 > 카페,CE7,경북 영주시 부석면 부석사로 338-11,http://place.map.kakao.com/1556092349,128.682830878545,36.9944367009393,5,true,EXACT,,
영주,영주 무섬외나무다리축제,0,무섬외나무다리축제,이슈 > 이벤트 > 페스티벌,,경북 영주시 문수면 수도리 290-1,http://place.map.kakao.com/715523955,128.6199538522354,36.7304172653679,8,true,AI_LONGER,,
영주,초가카페,0,초가카페,음식점 > 카페,CE7,경북 영주시 문수면 무섬로234번길 11-8,http://place.map.kakao.com/204174307,128.621409590173,36.7314011736522,10,true,EXACT,,
영주,무섬식당,0,무섬식당,음식점 > 한식,FD6,경북 영주시 문수면 무섬로 238-3,http://place.map.kakao.com/471703179,128.6212638792123,36.73298895340081,10,true,EXACT,,
영주,영주호용마루공원,-1,,,,,,,,,,,,
영주,영주댐전망대,0,영주댐전망대,"여행 > 관광,명소 > 전망대",AT4,경북 영주시 평은면 수변로 50-61,http://place.map.kakao.com/144142487,128.674508587834,36.7320542257715,10,true,EXACT,,
영주,구 영주역 7호 관사,-1,,,,,,,,,,,,
영주,구성공원,0,구성공원,여행 > 공원 > 도시근린공원,,경북 영주시 영주동 439-2,http://place.map.kakao.com/25037679,128.620578792361,36.8227770416228,8,true,EXACT,,
영주,구성공원,1,구성공원 출입구,"교통,수송 > 입출구",,경북 영주시 영주동 453-7,http://place.map.kakao.com/18071341,128.621031213411,36.8231853363768,8,true,CANDIDATE_LONGER,,출입구
영주,구성공원,2,구성공원 운동장,"스포츠,레저 > 스포츠시설 > 운동장",,경북 영주시 영주동 409-4,http://place.map.kakao.com/17557036,128.620771124108,36.822969037034,8,true,CANDIDATE_LONGER,,운동장
영주,올리브영 경북영주역점,0,올리브영 경북영주역점,"가정,생활 > 드럭스토어 > 올리브영",,경북 영주시 대학로 35,http://place.map.kakao.com/1569166108,128.62052714408182,36.809007642278004,8,true,EXACT,,
영주,영주부석태 소백왕감자탕,0,영주부석태소백왕감자탕,음식점 > 한식 > 감자탕,FD6,경북 영주시 대학로240번길 16-2,http://place.map.kakao.com/11314660,128.60628292080577,36.816563089970856,5,true,EXACT,,
영주,한밤실 마을 펜션,0,한밤실마을펜션,여행 > 숙박 > 펜션,AD5,경북 영주시 부석면 영부로120번길 3,http://place.map.kakao.com/1948162628,128.660970929439,37.0018389691456,3,true,EXACT,,
영주,마구령·고치령,-1,,,,,,,,,,,,
영주,카페휴,0,카페 휴,음식점 > 카페,CE7,경북 영주시 순흥면 소백로 2796,http://place.map.kakao.com/1152082995,128.581378267064,36.9273241275621,5,true,EXACT,,
영주,시골짬뽕,-1,,,,,,,,,,,,
공주,제민천,0,제민천,"여행 > 관광,명소 > 하천",,충남 공주시 반죽동,http://place.map.kakao.com/25729707,127.123280795273,36.4525489829247,8,true,EXACT,,
공주,제민천,1,제민천,"여행 > 관광,명소 > 하천",,충남 공주시 교동,http://place.map.kakao.com/25729704,127.121851332215,36.4600697656088,8,true,EXACT,,
공주,제민천,2,제민천,"여행 > 관광,명소 > 하천",,충남 공주시 금성동,http://place.map.kakao.com/25729705,127.120688465841,36.464129787215,8,true,EXACT,,
공주,제민천,3,제민천,"여행 > 관광,명소 > 하천",,충남 공주시 중학동,http://place.map.kakao.com/25729708,127.120591645372,36.4448305442375,8,true,EXACT,,
공주,제민천,4,제민천,"여행 > 관광,명소 > 하천",,충남 공주시 금학동,http://place.map.kakao.com/25729706,127.123472946234,36.4358339551882,8,true,EXACT,,
공주,개성집 공주점,-1,,,,,,,,,,,,
공주,쌍수정사적비,0,쌍수정사적비,"여행 > 관광,명소 > 문화유적 > 탑,비석",,충남 공주시 금성동 14-4,http://place.map.kakao.com/12643995,127.126000465264,36.46225168037918,8,true,EXACT,,
공주,공산성연지,0,공주 공산성 연지,"여행 > 관광,명소 > 연못",,충남 공주시 금성동 58,http://place.map.kakao.com/12651430,127.128511195005,36.4639305740231,3,true,CANDIDATE_LONGER,공주,
공주,고마커피,0,고마커피,음식점 > 카페,CE7,충남 공주시 백미고을길 10-7,http://place.map.kakao.com/80547821,127.1222433202095,36.46601614125882,10,true,EXACT,,
공주,시장정육점식당,0,시장정육점식당,"음식점 > 한식 > 육류,고기",FD6,충남 공주시 백미고을길 10-5,http://place.map.kakao.com/7970877,127.122253119496,36.4658620323761,10,true,EXACT,,
공주,시장정육점식당,1,공주알밤한우,"음식점 > 한식 > 육류,고기",FD6,충남 공주시 유구읍 시장길 5,http://place.map.kakao.com/1573299575,126.95153726456985,36.550657802627846,5,false,DISJOINT,,
공주,공주 중학동 구 선교사 가옥,0,공주중학동구선교사가옥,"여행 > 관광,명소 > 문화유적 > 생가,고택",,충남 공주시 쪽지골길 18-13,http://place.map.kakao.com/308310065,127.12644044739588,36.44945287939913,3,true,EXACT,,
공주,"카페, 소솜",0,"카페, 소솜",음식점 > 카페,CE7,충남 공주시 제민2길 1-2,http://place.map.kakao.com/1107149318,127.121198884361,36.4515841649177,10,true,EXACT,,
공주,"책방, 잇다",0,책방잇다,"문화,예술 > 도서 > 서점 > 독립서점",,충남 공주시 웅진로 145-1,http://place.map.kakao.com/2064819919,127.12405063000297,36.45333670453686,3,true,EXACT,,
공주,곰선생동태씨,0,곰선생 동태씨,음식점 > 한식,FD6,충남 공주시 무령로 466-3,http://place.map.kakao.com/1327398348,127.143246443366,36.4673283038586,5,true,EXACT,,
공주,공주한옥마을,0,공주한옥마을,"여행 > 관광,명소",,충남 공주시 관광단지길 12,http://place.map.kakao.com/21490830,127.1087614836584,36.464571106566154,8,true,EXACT,,
공주,공주한옥마을,1,공주한옥마을 주차장,"교통,수송 > 교통시설 > 주차장",PK6,충남 공주시 관광단지길 12,http://place.map.kakao.com/25118909,127.10786059343506,36.46498555799977,8,true,CANDIDATE_LONGER,,주차장
공주,공주한옥마을,2,공주한옥마을 오토캠핑장,"여행 > 숙박 > 야영,캠핑장 > 오토캠핑장",AD5,충남 공주시 관광단지길 12,http://place.map.kakao.com/24373384,127.1080647700472,36.464990780285596,8,true,CANDIDATE_LONGER,,오토캠핑장
공주,공주한옥마을,3,공주한옥마을 단체숙박동,여행 > 숙박 > 한옥숙소,AD5,충남 공주시 관광단지길 12,http://place.map.kakao.com/139337689,127.10892583419876,36.46402124712628,8,true,CANDIDATE_LONGER,,단체숙박동
공주,공주한옥마을,4,공주한옥마을 개별숙박동,여행 > 관광지부속시설,,충남 공주시 관광단지길 12,http://place.map.kakao.com/901179232,127.109343851896,36.4645615628231,8,true,CANDIDATE_LONGER,,개별숙박동
공주,공주 고마나루,0,공주 고마나루,"여행 > 관광,명소 > 문화유적 > 유적지",,충남 공주시 웅진동 산 21-3,http://place.map.kakao.com/12777448,127.1070237989073,36.47064200838497,8,true,EXACT,,
공주,공주 고마나루,1,고마나루1999,음식점 > 한식,FD6,충남 공주시 백미고을길 5-8,http://place.map.kakao.com/8684887,127.12270793712241,36.46490993756712,5,false,DISJOINT,,
공주,공주 고마나루,2,고마나루1999 주차장,"교통,수송 > 교통시설 > 주차장",PK6,충남 공주시 금성동 183-4,http://place.map.kakao.com/781491850,127.122789372983,36.4649044468582,3,false,DISJOINT,,
공주,공주 고마나루,3,금강6경 고마나루솔밭 공주보좌안,부동산 > 지명,,충남 공주시 웅진동 725,http://place.map.kakao.com/14557459,127.101285661037,36.461375851038,3,false,DISJOINT,,
공주,공주 고마나루,4,금강6경(고마나루솔밭),부동산 > 지명,,충남 공주시 웅진동,http://place.map.kakao.com/14562437,127.106642603949,36.4693014200035,3,false,DISJOINT,,
공주,공주무령왕릉과왕릉원,0,공주 무령왕릉과 왕릉원,"여행 > 관광,명소 > 문화유적 > 릉,묘,총",,충남 공주시 금성동 산 5-19,http://place.map.kakao.com/2056894818,127.11438780551102,36.46303837520446,3,true,EXACT,,
공주,공주무령왕릉과왕릉원,1,국립부여문화유산연구소 공주 무령왕릉과 왕릉원 발굴조사단,"교육,학문 > 연구소",,충남 공주시 송산리길 45-2,http://place.map.kakao.com/1129298768,127.11563627638796,36.46232525304976,3,true,CANDIDATE_LONGER,국립부여문화유산연구소,발굴조사단
공주,로컬커피,0,로컬커피,음식점 > 카페 > 테마카페 > 디저트카페,CE7,충남 공주시 용당길 55-7,http://place.map.kakao.com/1890024756,127.118279231914,36.4586531246083,10,true,EXACT,,
공주,곰골식당,0,곰골식당,"음식점 > 한식 > 해물,생선",FD6,충남 공주시 봉황산1길 1-2,http://place.map.kakao.com/21254899,127.12055107022026,36.451767757403154,10,true,EXACT,,
공주,공주왕도심1코스,-1,,,,,,,,,,,,
공주,베이커리 밤마을,0,베이커리 밤마을,"음식점 > 간식 > 제과,베이커리",FD6,충남 공주시 백미고을길 5-9,http://place.map.kakao.com/904041132,127.12300557505748,36.46475282882715,10,true,EXACT,,
공주,금강신관공원,0,금강신관공원,여행 > 공원,,충남 공주시 신관동 439-2,http://place.map.kakao.com/27190216,127.131346266195,36.4673374877505,8,true,EXACT,,
공주,금강신관공원,1,금강신관공원 주차장,"교통,수송 > 교통시설 > 주차장",PK6,충남 공주시 신관동 553,http://place.map.kakao.com/18984049,127.13242295168149,36.46669467022549,8,true,CANDIDATE_LONGER,,주차장
공주,금강신관공원,2,백제문화제,이슈 > 이벤트 > 페스티벌,,충남 공주시 금벽로 368,http://place.map.kakao.com/1214740789,127.127439285638,36.4702146290981,3,false,DISJOINT,,
공주,금강신관공원,3,금강신관공원 잔디광장,여행 > 공원,,충남 공주시 신관동,http://place.map.kakao.com/18983246,127.138310580539,36.4635879924611,8,true,CANDIDATE_LONGER,,잔디광장
공주,금강신관공원,4,금강신관공원 인라인스케이팅장,"스포츠,레저 > 스케이트 > 인라인스케이트장",,충남 공주시 신관동 553,http://place.map.kakao.com/18983486,127.129959825907,36.4682401679882,8,true,CANDIDATE_LONGER,,인라인스케이팅장
공주,공산성 임류각지,0,공산성 임류각지,"여행 > 관광,명소 > 문화유적 > 유적지",,충남 공주시 금성동,http://place.map.kakao.com/8663236,127.126287708356,36.463262482021,8,true,EXACT,,
공주,동학사계곡,0,동학사계곡,"여행 > 관광,명소 > 계곡",AT4,충남 공주시 반포면 학봉리,http://place.map.kakao.com/12643710,127.231943969611,36.3565424036771,10,true,EXACT,,
공주,동학사계곡,1,동학사계곡 현호색,"여행 > 관광,명소",,충남 공주시 반포면 동학사1로 462,http://place.map.kakao.com/26092731,127.219651851604,36.3529933612261,8,true,CANDIDATE_LONGER,,현호색
공주,계룡산국립공원 동학사야영장,0,계룡산동학사 자동차야영장,"여행 > 숙박 > 야영,캠핑장 > 오토캠핑장",AD5,충남 공주시 반포면 동학사2로 115-16,http://place.map.kakao.com/438318648,127.24164152882835,36.357685705005906,3,false,DISJOINT,,
공주,라루체,0,라루체,음식점 > 카페,CE7,충남 공주시 반포면 계룡대로 1392,http://place.map.kakao.com/1306216300,127.252565594826,36.3597195998667,10,true,EXACT,,
공주,계룡닭갈비막국수,0,계룡닭갈비막국수,"음식점 > 한식 > 육류,고기 > 닭요리",FD6,충남 공주시 반포면 계룡대로 1372,http://place.map.kakao.com/1175402160,127.253176057006,36.3579673209778,10,true,EXACT,,
공주,조목조목공소 나무공방,0,조목조목공소,"문화,예술 > 미술,공예 > 목공예",,충남 공주시 반포면 동학사2로 28,http://place.map.kakao.com/44821274,127.249771383016,36.3583664985204,8,true,AI_LONGER,,
공주,조목조목공소 나무공방,1,조목조목공소,"문화,예술 > 미술,공예 > 목공예",,대전 유성구 덕명동로16번길 11-8,http://place.map.kakao.com/855604849,127.30877781162613,36.358596263901305,5,true,AI_LONGER,,
공주,기산저수지(공주),0,기산저수지,"여행 > 관광,명소 > 저수지",AT4,충남 공주시 계룡면 기산리 935,http://place.map.kakao.com/8202882,127.13336329132173,36.383117414389154,10,true,AI_LONGER,,
공주,공주산림휴양마을,0,공주산림휴양마을 산림문화휴양관,여행 > 관광지부속시설,,충남 공주시 수원지공원길 222,http://place.map.kakao.com/280691918,127.119427077416,36.4243824196512,8,true,CANDIDATE_LONGER,,산림문화휴양관
공주,공주산림휴양마을,1,공주산림휴양마을 목재문화체험관,"교육,학문 > 교육단체 > 체험학습장",,충남 공주시 수원지공원길 222,http://place.map.kakao.com/388885867,127.120565987405,36.4217525641194,8,true,CANDIDATE_LONGER,,목재문화체험관
공주,공주산림휴양마을,2,공주산림휴양마을 관리사무소,"서비스,산업 > 관리,운영",,충남 공주시 수원지공원길 222,http://place.map.kakao.com/1287913260,127.11932009295,36.4244248815358,8,true,CANDIDATE_LONGER,,관리사무소
공주,공주산림휴양마을,3,공주산림휴양마을유아숲체험원,"교육,학문 > 교육단체 > 체험학습장",,충남 공주시 금학동 산 54-2,http://place.map.kakao.com/1558722432,127.123004844267,36.4218915602919,8,true,CANDIDATE_LONGER,,유아숲체험원
공주,공주산림휴양마을,4,공주 산림휴양마을 전기차충전소,"교통,수송 > 자동차 > 전기차 충전소",,충남 공주시 수원지공원길 222,http://place.map.kakao.com/607965791,127.11835854309828,36.42346969799175,3,true,CANDIDATE_LONGER,,전기차충전소
공주,초록의계절,0,초록의계절,음식점 > 양식,FD6,충남 공주시 수원지공원길 131-21,http://place.map.kakao.com/1019085034,127.126390901388,36.4305960183142,10,true,EXACT,,
공주,느루 카페,-1,,,,,,,,,,,,
공주,고마공방,0,고마뜰공방,"문화,예술 > 미술,공예",,충남 공주시 먹자1길 16,http://place.map.kakao.com/1867158731,127.123446673866,36.4558596902202,3,false,DISJOINT,,
공주,고마공방,1,고마아토,"문화,예술 > 미술,공예",,충남 공주시 관광단지길 12,http://place.map.kakao.com/1970142628,127.107583389788,36.4646127266483,3,false,DISJOINT,,
공주,공산성 진남루,0,공산성 진남루,"여행 > 관광,명소 > 문화유적",,충남 공주시 산성동 195,http://place.map.kakao.com/8074949,127.12692743373043,36.46148831398175,8,true,EXACT,,
공주,웅비탑,0,웅비탑,"여행 > 관광,명소 > 문화유적 > 탑,비석",,충남 공주시 웅진동,http://place.map.kakao.com/8033462,127.110580803368,36.4706135330506,8,true,EXACT,,
공주,웅비탑,1,웅비탑삼거리,"교통,수송 > 도로시설 > 교차로",,충남 공주시 웅진동,http://place.map.kakao.com/15139039,127.109733477058,36.4710757102004,8,true,CANDIDATE_LONGER,,삼거리
공주,연미산 자연미술공원,0,연미산자연미술공원,"문화,예술 > 문화시설 > 미술관",CT1,충남 공주시 우성면 연미산고개길 98,http://place.map.kakao.com/18061911,127.10260476268768,36.47355484061,3,true,EXACT,,
공주,선화당(공주),0,선화당,"여행 > 관광,명소 > 문화유적",,충남 공주시 관광단지길 30-8,http://place.map.kakao.com/7945459,127.109717362942,36.4659751448894,8,true,AI_LONGER,,
공주,새이학가든,0,새이학가든,음식점 > 한식 > 국밥,FD6,충남 공주시 금강공원길 15-2,http://place.map.kakao.com/7931728,127.12194623056884,36.46652740446001,10,true,EXACT,,
공주,로컬공방,0,로컬공방,"가정,생활 > 식품판매 > 주류판매",,충남 공주시 향교1길 20,http://place.map.kakao.com/1234514011,127.117877113203,36.4583182893972,8,true,EXACT,,
공주,체스넛프렌즈 공주,0,체스넛프렌즈,음식점 > 카페,CE7,충남 공주시 봉황로 64,http://place.map.kakao.com/543125923,127.1211312782987,36.45186629820894,10,true,AI_LONGER,,
공주,체스넛프렌즈 공주,1,체스넛프렌즈테라스,음식점 > 카페,CE7,충남 공주시 당간지주길 4,http://place.map.kakao.com/42796631,127.121238659825,36.4520554338131,5,false,DISJOINT,,
통영,통영활어시장,0,통영활어시장,"가정,생활 > 시장",,경남 통영시 중앙시장4길 2,http://place.map.kakao.com/27561279,128.42569005447,34.8449317759754,8,true,EXACT,,
통영,통영활어시장,1,중앙활어시장,"가정,생활 > 시장",,경남 통영시 중앙로 158-8,http://place.map.kakao.com/8591410,128.42406679836378,34.84564300050904,3,false,DISJOINT,,
통영,통영활어시장,2,다림횟집,"음식점 > 한식 > 해물,생선 > 회",FD6,경남 통영시 중앙시장4길 9,http://place.map.kakao.com/11008563,128.425943805579,34.8451919830542,5,false,DISJOINT,,
통영,통영활어시장,3,삼양건어물,"가정,생활 > 식품판매",,경남 통영시 중앙시장4길 5-4,http://place.map.kakao.com/16754145,128.42575535798758,34.845295139135835,3,false,DISJOINT,,
통영,통영활어시장,4,유정수산,"가정,생활 > 식품판매 > 수산물판매",,경남 통영시 중앙동 233,http://place.map.kakao.com/1177890020,128.4256414480639,34.8449026025563,3,false,DISJOINT,,
통영,강구안,0,강구안,"교통,수송 > 교통시설 > 항구,포구",,경남 통영시 명정동,http://place.map.kakao.com/12657613,128.424496417531,34.843420748574,8,true,EXACT,,
통영,강구안,1,강구안 문화마당,"여행 > 관광,명소",,경남 통영시 중앙동 236,http://place.map.kakao.com/19322674,128.42414960875794,34.84385022832251,8,true,CANDIDATE_LONGER,,문화마당
통영,강구안,2,강구안게스트하우스,여행 > 숙박 > 게스트하우스,AD5,경남 통영시 동충4길 56,http://place.map.kakao.com/27272949,128.42413750034612,34.841878305288795,8,true,CANDIDATE_LONGER,,게스트하우스
통영,강구안,3,강구안에깡다방9,음식점 > 카페,CE7,경남 통영시 통영해안로 323-1,http://place.map.kakao.com/2001885490,128.423490351288,34.8436578560874,10,true,CANDIDATE_LONGER,,에깡다방9
통영,강구안,4,강구안타운,음식점 > 카페,CE7,경남 통영시 통영해안로 301,http://place.map.kakao.com/236169242,128.424324116742,34.8419229878814,10,true,CANDIDATE_LONGER,,타운
통영,통영게장맛집 강구식당,0,통영강구식당,"음식점 > 한식 > 해물,생선 > 게,대게",FD6,경남 통영시 항남1길 15-12,http://place.map.kakao.com/260910273,128.42363091825698,34.84242502208988,5,false,DISJOINT,,
통영,강구안에깡다방9,0,강구안에깡다방9,음식점 > 카페,CE7,경남 통영시 통영해안로 323-1,http://place.map.kakao.com/2001885490,128.423490351288,34.8436578560874,10,true,EXACT,,
통영,서피랑공원,0,서피랑마을,부동산 > 지명,,경남 통영시 서호동,http://place.map.kakao.com/11440661,128.420244642399,34.8443645759501,3,false,DISJOINT,,
통영,서피랑공원,1,서피랑공원,여행 > 공원,,경남 통영시 중앙동 192,http://place.map.kakao.com/1649343384,128.420561312772,34.8446610133979,8,true,EXACT,,
통영,서피랑공원,2,서피랑공원 주차장,"교통,수송 > 교통시설 > 주차장",PK6,경남 통영시 명정동 305-13,http://place.map.kakao.com/1608173967,128.419933215521,34.8460915164709,8,true,CANDIDATE_LONGER,,주차장
통영,서피랑공원,3,서피랑공원 화장실,"가정,생활 > 화장실",,경남 통영시 명정동 305-13,http://place.map.kakao.com/2072098650,128.420063452826,34.8460359171577,8,true,CANDIDATE_LONGER,,화장실
통영,항남우짜,0,항남우짜,음식점 > 중식 > 중국요리,FD6,경남 통영시 동충4길 15,http://place.map.kakao.com/11892464,128.422248959985,34.8411469107395,10,true,EXACT,,
통영,통영항 여객선터미널,0,통영항여객선터미널,"교통,수송 > 교통시설 > 여객선터미널",,경남 통영시 통영해안로 234,http://place.map.kakao.com/18641322,128.420236998749,34.8398472996179,3,true,EXACT,,
통영,통영항 여객선터미널,1,통영항여객선터미널 1주차장,"교통,수송 > 교통시설 > 주차장",PK6,경남 통영시 통영해안로 234,http://place.map.kakao.com/17933098,128.420054232946,34.8404082461474,3,true,CANDIDATE_LONGER,,1주차장
통영,통영항 여객선터미널,2,통영항여객선터미널 2주차장,"교통,수송 > 교통시설 > 주차장",PK6,경남 통영시 통영해안로 200,http://place.map.kakao.com/17933096,128.419063190668,34.8399907901075,3,true,CANDIDATE_LONGER,,2주차장
통영,통영항 여객선터미널,3,통영항여객선터미널 관광안내소,"여행 > 관광,명소 > 관광안내소",,경남 통영시 통영해안로 234,http://place.map.kakao.com/19324024,128.4201797309,34.8398227316763,3,true,CANDIDATE_LONGER,,관광안내소
통영,통영항 여객선터미널,4,새터꿀떡,"음식점 > 간식 > 떡,한과",FD6,경남 통영시 서호시장길 42,http://place.map.kakao.com/2036203632,128.4200693568682,34.84097048711669,5,false,DISJOINT,,
통영,토영이야길2코스,-1,,,,,,,,,,,,
통영,돌샘길,0,돌샘길,음식점 > 카페 > 전통찻집,CE7,경남 통영시 봉수돌샘길 101,http://place.map.kakao.com/1945817766,128.415814844056,34.8226603650907,10,true,EXACT,,
통영,해미락,0,해미락,"음식점 > 한식 > 해물,생선 > 회",FD6,경남 통영시 남포2길 41,http://place.map.kakao.com/70254270,128.4323444922025,34.82624154578296,10,true,EXACT,,
통영,해미락,1,해미락,"음식점 > 한식 > 해물,생선 > 매운탕,해물탕",FD6,경남 거제시 거제중앙로15길 6,http://place.map.kakao.com/10925588,128.624655635186,34.8841006678762,7,true,EXACT,,
통영,브니엘공방,-1,,,,,,,,,,,,
통영,수륙해수욕장,0,수륙해수욕장,"여행 > 관광,명소 > 해수욕장,해변",AT4,경남 통영시 산양읍 영운리,http://place.map.kakao.com/808611960,128.4398148582951,34.81988023329679,10,true,EXACT,,
통영,수륙해수욕장,1,통영블루마린펜션,여행 > 숙박 > 펜션,AD5,경남 통영시 산양읍 삼칭이해안길 228,http://place.map.kakao.com/12749326,128.439232724032,34.8197771620866,3,false,DISJOINT,,
통영,통영불곰횟집 통영점,-1,,,,,,,,,,,,
통영,카페배양장,0,배양장,음식점 > 카페 > 테마카페 > 디저트카페,CE7,경남 통영시 산양읍 함박길 51,http://place.map.kakao.com/2012245745,128.341850200316,34.8360541525872,10,true,AI_LONGER,,
통영,뚱보할매김밥집,0,뚱보할매김밥집,음식점 > 분식,FD6,경남 통영시 통영해안로 325,http://place.map.kakao.com/24199598,128.42367762562958,34.84386747160767,10,true,EXACT,,
통영,당포항,0,당포항,"교통,수송 > 교통시설 > 항구,포구",,경남 통영시 산양읍 당포리 372-11,http://place.map.kakao.com/7910852,128.38342622765498,34.795741964291345,8,true,EXACT,,
통영,당포항,1,무인민원발급창구 당포항,"사회,공공기관 > 지방행정기관 > 무인민원발급창구",,경남 통영시 산양읍 원항1길 3,http://place.map.kakao.com/1280431290,128.383806512936,34.7956799558464,8,true,CANDIDATE_LONGER,무인민원발급창구,
통영,달아전망대,0,통영달아공원 달아전망대,"여행 > 관광,명소 > 전망대",AT4,경남 통영시 산양읍 미남리 산 246,http://place.map.kakao.com/17558254,128.400049665235,34.7686176666487,10,true,CANDIDATE_LONGER,통영달아공원,
통영,척포항,0,척포항,"교통,수송 > 교통시설 > 항구,포구",,경남 통영시 산양읍 미남리,http://place.map.kakao.com/13010688,128.421663329281,34.7650647277342,8,true,EXACT,,
통영,대풍관,0,대풍관,"음식점 > 한식 > 해물,생선 > 굴,전복",FD6,경남 통영시 해송정2길 29,http://place.map.kakao.com/115499738,128.42738407387415,34.843255299105984,10,true,EXACT,,
통영,대풍관,1,대풍관 주차장,"교통,수송 > 교통시설 > 주차장",PK6,경남 통영시 동호동 174-1,http://place.map.kakao.com/2033168873,128.427241398983,34.8433498084184,8,true,CANDIDATE_LONGER,,주차장
통영,대풍관,2,동피랑전복마을,"음식점 > 한식 > 해물,생선 > 굴,전복",FD6,경남 통영시 해송정2길 29,http://place.map.kakao.com/915869564,128.4274015464899,34.84325419271865,5,false,DISJOINT,,
통영,동피랑마을,0,동피랑벽화마을,"여행 > 관광,명소 > 문화유적 > 그림,벽화",,경남 통영시 동피랑1길 6-18,http://place.map.kakao.com/10290301,128.427625013602,34.845305652074,3,false,DISJOINT,,
통영,동피랑마을,1,동피랑전복마을,"음식점 > 한식 > 해물,생선 > 굴,전복",FD6,경남 통영시 해송정2길 29,http://place.map.kakao.com/915869564,128.4274015464899,34.84325419271865,5,false,DISJOINT,,
통영,동피랑마을,2,동피랑벽화마을 입구,"교통,수송 > 입출구",,경남 통영시 동호동 334-1,http://place.map.kakao.com/1841806984,128.426658445861,34.8445382643944,3,false,DISJOINT,,
통영,동피랑마을,3,CU 동피랑벽화마을점,"가정,생활 > 편의점 > CU",CS2,경남 통영시 통영해안로 359-1,http://place.map.kakao.com/710389216,128.42685306296084,34.844602677926,3,false,DISJOINT,,
통영,동피랑마을,4,CU 동피랑벽화마을점 ATM,"금융,보험 > 금융서비스 > 은행 > ATM",BK9,경남 통영시 통영해안로 359-1,http://place.map.kakao.com/986842720,128.42685114134534,34.84461802272039,3,false,DISJOINT,,
통영,통영만나꿀빵,0,만나꿀빵,"음식점 > 간식 > 제과,베이커리",FD6,경남 통영시 통영해안로 349-2,http://place.map.kakao.com/1286763227,128.4258465342235,34.84487676418243,10,true,AI_LONGER,,
통영,회운정,0,회운정,"음식점 > 한식 > 해물,생선",FD6,경남 통영시 동충2길 39,http://place.map.kakao.com/898099645,128.42379534954384,34.84080073993023,10,true,EXACT,,
통영,카페쿠쿠오나통영,0,카페쿠쿠오나 통영,음식점 > 카페,CE7,경남 통영시 산양읍 산양중앙로 118,http://place.map.kakao.com/1940324470,128.399720557548,34.8039640325495,5,true,EXACT,,
통영,나폴리농원,0,나폴리농원,"여행 > 관광,명소 > 관광농원",AT4,경남 통영시 산양읍 미륵산길 152,http://place.map.kakao.com/8251322,128.42381001871175,34.802026110057426,10,true,EXACT,,
통영,삼칭이길,0,삼칭이해안길,"여행 > 관광,명소 > 도보여행",AT4,경남 통영시 도남동 105,http://place.map.kakao.com/27040659,128.43982478012367,34.82440649498576,5,false,DISJOINT,,
통영,삼칭이길,1,자전거 자유여행 60선 통영 삼칭이길,"교통,수송 > 도로시설 > 자전거도로",,경남 통영시 도남동 647-1,http://place.map.kakao.com/2101387356,128.440045482545,34.8271015018475,8,true,CANDIDATE_LONGER,자전거자유여행60선통영,
통영,통영요트학교,0,통영요트학교,"스포츠,레저 > 스포츠시설",,경남 통영시 도남로 269-28,http://place.map.kakao.com/8108619,128.43490683579682,34.828214057319116,8,true,EXACT,,
통영,통영요트학교,1,윤태근 요트학교,"스포츠,레저 > 수영,수상",,경남 통영시 광도면 죽림해안로 56,http://place.map.kakao.com/913179030,128.421665650203,34.8857738254602,3,false,DISJOINT,,
통영,코카모메 통영점,0,코카모메 통영점,음식점 > 일식,FD6,경남 통영시 데메4길 63,http://place.map.kakao.com/322286207,128.423148499951,34.8267830146351,10,true,EXACT,,
통영,미스티크,0,미스티크 라운지,음식점 > 양식,FD6,경남 통영시 산양읍 산양일주로 1215-52,http://place.map.kakao.com/511149366,128.39590835998587,34.7759118630508,10,true,CANDIDATE_LONGER,,라운지
통영,미스티크,1,미스티크 스윗,여행 > 숙박 > 민박,AD5,경남 통영시 산양읍 산양일주로 1215-52,http://place.map.kakao.com/1031420528,128.39595081429027,34.775708578602156,8,true,CANDIDATE_LONGER,,스윗
통영,해마루 팬션 식당,0,해마루펜션식당,음식점 > 한식,FD6,경남 통영시 산양읍 산양일주로 1222,http://place.map.kakao.com/536596859,128.397381016724,34.7769585256475,5,false,DISJOINT,,
통영,산양관광도로,0,산양관광일주도로,"여행 > 관광,명소 > 드라이브코스",AT4,경남 통영시 산양읍 연화리 116-9,http://place.map.kakao.com/287434163,128.400758952446,34.7705167058696,5,false,DISJOINT,,
통영,산양관광도로,1,산양일주도로,"여행 > 관광,명소 > 드라이브코스",AT4,경남 통영시 산양읍 영운리,http://place.map.kakao.com/7912555,128.431578915979,34.8031571361723,5,false,DISJOINT,,
통영,해안누리길24코스,0,삼칭이해안길,"여행 > 관광,명소 > 도보여행",AT4,경남 통영시 도남동 105,http://place.map.kakao.com/27040659,128.43982478012367,34.82440649498576,5,false,DISJOINT,,
통영,주차장실내포차,-1,,,,,,,,,,,,
통영,동피랑 벽화마을,0,동피랑벽화마을,"여행 > 관광,명소 > 문화유적 > 그림,벽화",,경남 통영시 동피랑1길 6-18,http://place.map.kakao.com/10290301,128.427625013602,34.845305652074,3,true,EXACT,,
통영,동피랑 벽화마을,1,동피랑벽화마을 입구,"교통,수송 > 입출구",,경남 통영시 동호동 334-1,http://place.map.kakao.com/1841806984,128.426658445861,34.8445382643944,3,true,CANDIDATE_LONGER,,입구
통영,동피랑 벽화마을,2,CU 동피랑벽화마을점,"가정,생활 > 편의점 > CU",CS2,경남 통영시 통영해안로 359-1,http://place.map.kakao.com/710389216,128.42685306296084,34.844602677926,3,true,CANDIDATE_LONGER,cu,점
통영,동피랑 벽화마을,3,CU 동피랑벽화마을점 ATM,"금융,보험 > 금융서비스 > 은행 > ATM",BK9,경남 통영시 통영해안로 359-1,http://place.map.kakao.com/986842720,128.42685114134534,34.84461802272039,3,true,CANDIDATE_LONGER,cu,점atm
통영,동피랑쭈굴,0,동피랑쭈굴,"음식점 > 한식 > 해물,생선",FD6,경남 통영시 통영해안로 363-1,http://place.map.kakao.com/27357697,128.42727990825,34.8445670245979,10,true,EXACT,,
통영,도남항 동방파제 등대,-1,,,,,,,,,,,,
통영,멘멘 통영점,0,멘멘 통영점,음식점 > 일식 > 일본식라면,FD6,경남 통영시 데메4길 68,http://place.map.kakao.com/845236266,128.42297324266403,34.827078892545636,10,true,EXACT,,
통영,통영어드벤처타워,0,통영어드벤처타워,"스포츠,레저 > 스포츠시설",,경남 통영시 발개로 172-12,http://place.map.kakao.com/1457257319,128.42236788264108,34.82473715388683,8,true,EXACT,,
통영,드스텔라 로스터리,0,드스텔라커피,음식점 > 카페,CE7,경남 통영시 운하1길 65,http://place.map.kakao.com/1037240482,128.411232543853,34.8331309890581,5,false,DISJOINT,,
통영,민수사횟집 앤 민다찌,-1,,,,,,,,,,,,
통영,욕지도,0,욕지도,"여행 > 관광,명소 > 섬",AT4,경남 통영시 욕지면 동항리,http://place.map.kakao.com/8014966,128.252369035815,34.6363687135464,10,true,EXACT,,
통영,욕지도,1,욕지도 제1출렁다리,"여행 > 관광,명소",,경남 통영시 욕지면 동항리 369-9,http://place.map.kakao.com/1968529485,128.27696317568984,34.621024910238596,8,true,CANDIDATE_LONGER,,제1출렁다리
통영,욕지도,2,욕지도펜션리조트,여행 > 숙박 > 펜션,AD5,경남 통영시 욕지면 욕지일주로 975-82,http://place.map.kakao.com/12637989,128.24220300682012,34.63402549596078,8,true,CANDIDATE_LONGER,,펜션리조트
통영,욕지도,3,욕지도 제2출렁다리,"여행 > 관광,명소",,경남 통영시 욕지면 동항리 산 69-3,http://place.map.kakao.com/1452657556,128.272199835224,34.6246891409123,8,true,CANDIDATE_LONGER,,제2출렁다리
통영,욕지도,4,욕지도하늘섬펜션,여행 > 숙박 > 펜션,AD5,경남 통영시 욕지면 욕지일주로 632-99,http://place.map.kakao.com/27482883,128.2385285416156,34.64990420735971,8,true,CANDIDATE_LONGER,,하늘섬펜션
통영,욕지로컬푸드아카데미,0,욕지로컬푸드아카데미,"교육,학문 > 교육단체 > 체험학습장",,경남 통영시 욕지면 제암길 35,http://place.map.kakao.com/587732485,128.261707046871,34.6386565508488,8,true,EXACT,,
통영,욕지도해안일주도로,-1,,,,,,,,,,,,
통영,한양식당,0,한양식당,음식점 > 중식 > 중국요리,FD6,경남 통영시 욕지면 서촌윗길 183-3,http://place.map.kakao.com/10938579,128.263634975846,34.6354088207437,10,true,EXACT,,
통영,한양식당,1,한양삼계탕,"음식점 > 한식 > 육류,고기 > 닭요리 > 삼계탕",FD6,경남 통영시 동호로 15,http://place.map.kakao.com/9579221,128.433188697473,34.8456259704241,5,false,DISJOINT,,
통영,한양식당,2,한양족발,"음식점 > 한식 > 육류,고기 > 족발,보쌈",FD6,경남 통영시 중앙로 259-8,http://place.map.kakao.com/10934997,128.428520755924,34.8536124018858,5,false,DISJOINT,,
통영,연화도(통영),0,연화도,"여행 > 관광,명소 > 섬",AT4,경남 통영시 욕지면 연화리,http://place.map.kakao.com/18376827,128.354324208877,34.6459942292734,10,true,AI_LONGER,,
통영,연화도(통영),1,연화도 출렁다리,"여행 > 관광,명소",,경남 통영시 욕지면 연화리 산 2-52,http://place.map.kakao.com/168721949,128.37154998276,34.6391803979755,3,false,DISJOINT,,
통영,연화도(통영),2,연화도리조트,"여행 > 숙박 > 콘도,리조트",AD5,경남 통영시 욕지면 십리골길 1,http://place.map.kakao.com/8013129,128.352053620283,34.6504360254974,3,false,DISJOINT,,
통영,연화도(통영),3,연화도 그림펜션,여행 > 숙박 > 펜션,AD5,경남 통영시 욕지면 동두길 23-3,http://place.map.kakao.com/1293037112,128.374105934807,34.6398889216199,3,false,DISJOINT,,
통영,연화도(통영),4,연화도 등산코스,"여행 > 관광,명소 > 등산로",,경남 통영시 욕지면 연화리 54-4,http://place.map.kakao.com/475126373,128.353742364881,34.6418689180696,3,false,DISJOINT,,
삼척,추암 촛대바위,0,추암촛대바위,"여행 > 관광,명소 > 바위",,강원특별자치도 동해시 추암동 산 69,http://place.map.kakao.com/10838734,129.15986747491294,37.47922417209929,0,true,EXACT,,
삼척,추암 촛대바위,1,추암 촛대바위 출렁다리,"여행 > 관광,명소",,강원특별자치도 동해시 추암동 산 70,http://place.map.kakao.com/1571515576,129.15823691059504,37.47991159611514,5,true,CANDIDATE_LONGER,,출렁다리
삼척,추암 촛대바위,2,추암촛대바위 인증센터,"여행 > 관광,명소 > 자전거여행",AT4,강원특별자치도 동해시 추암동 1,http://place.map.kakao.com/27138645,129.15999242438352,37.47610497416255,2,true,CANDIDATE_LONGER,,인증센터
삼척,추암 촛대바위,3,할리스 동해촛대바위점,음식점 > 카페 > 커피전문점 > 할리스,CE7,강원특별자치도 동해시 촛대바위길 16,http://place.map.kakao.com/2052948110,129.1589335907941,37.47819627129244,2,false,DISJOINT,,
삼척,강릉불고기 삼척점,0,강릉불고기 삼척분점,"음식점 > 한식 > 육류,고기 > 불고기,두루치기",FD6,강원특별자치도 삼척시 새천년도로 607,http://place.map.kakao.com/1833427648,129.16326902749,37.4659447597948,5,false,DISJOINT,,
삼척,삼척해수욕장,0,삼척해변,"여행 > 관광,명소 > 해수욕장,해변",AT4,강원특별자치도 삼척시 갈천동 14-22,http://place.map.kakao.com/7935331,129.169840592389,37.4679249803602,5,false,DISJOINT,,
삼척,삼척해수욕장,1,맹방해수욕장,"여행 > 관광,명소 > 해수욕장,해변",AT4,강원특별자치도 삼척시 근덕면 하맹방리 12-1,http://place.map.kakao.com/27086958,129.232335070677,37.3901820035112,5,false,DISJOINT,,
삼척,삼척해수욕장,2,신남해수욕장,"여행 > 관광,명소 > 해수욕장,해변",AT4,강원특별자치도 삼척시 원덕읍 갈남리,http://place.map.kakao.com/8408982,129.327072402921,37.2647170012813,5,false,DISJOINT,,
삼척,삼척해수욕장,3,오분해수욕장,"여행 > 관광,명소 > 해수욕장,해변",AT4,강원특별자치도 삼척시 오분동 24,http://place.map.kakao.com/11192731,129.19209605184233,37.424715070236616,5,false,DISJOINT,,
삼척,삼척해수욕장,4,맹방해수욕장주차장,"교통,수송 > 교통시설 > 주차장",PK6,강원특별자치도 삼척시 근덕면 교가리 1145-30,http://place.map.kakao.com/20515979,129.236592366207,37.3867936293966,3,false,DISJOINT,,
삼척,보사노바 커피로스터스 삼척점,0,보사노바 커피로스터스 삼척점,음식점 > 카페,CE7,강원특별자치도 삼척시 새천년도로 517,http://place.map.kakao.com/1905915864,129.17142779869184,37.46575180810283,10,true,EXACT,,
삼척,삼척보스대게 본점,0,삼척보스대게 본점,"음식점 > 한식 > 해물,생선 > 게,대게",FD6,강원특별자치도 삼척시 테마타운길 39,http://place.map.kakao.com/1823522302,129.169668408192,37.4669732513067,10,true,EXACT,,
삼척,삼척해상스카이워크,0,삼척해상스카이워크,"여행 > 관광,명소 > 전망대",AT4,강원특별자치도 삼척시 정하동 5-9,http://place.map.kakao.com/622072230,129.189571322666,37.4499791660952,10,true,EXACT,,
삼척,해파랑길32코스,0,해파랑길 32코스,"여행 > 관광,명소 > 도보여행 > 해파랑길",AT4,강원특별자치도 삼척시 정상동,http://place.map.kakao.com/26564211,129.18531810321846,37.43649934585979,5,true,EXACT,,
삼척,삼척 죽서루,0,죽서루,"여행 > 관광,명소 > 문화유적",,강원특별자치도 삼척시 죽서루길 37,http://place.map.kakao.com/10793255,129.1605384437938,37.440889993161896,8,true,AI_LONGER,,
삼척,삼척 죽서루,1,죽서루 주차장,"교통,수송 > 교통시설 > 주차장",PK6,강원특별자치도 삼척시 죽서루길 37,http://place.map.kakao.com/17582495,129.161455168693,37.440945292458,3,false,DISJOINT,,
삼척,삼척 죽서루,2,죽서루 작은도서관,"교육,학문 > 학습시설 > 도서관 > 작은도서관",,강원특별자치도 삼척시 엑스포로 12,http://place.map.kakao.com/7187802,129.162540524009,37.4406182417186,3,false,DISJOINT,,
삼척,삼척 죽서루,3,경희죽서루한의원,"의료,건강 > 병원 > 한의원",,강원특별자치도 삼척시 진주로 25,http://place.map.kakao.com/1264111836,129.16377928531,37.4430674813088,3,false,DISJOINT,,
삼척,삼척 죽서루,4,죽서루 전망대,"여행 > 관광,명소 > 전망대",AT4,강원특별자치도 삼척시 성남동 198,http://place.map.kakao.com/629537240,129.159532223169,37.4400796113658,5,false,DISJOINT,,
삼척,삼척대왕횟집,0,삼척대왕횟집 본점,"음식점 > 한식 > 해물,생선 > 회",FD6,강원특별자치도 삼척시 진주로 12-21,http://place.map.kakao.com/359758186,129.16529737649634,37.44136859811226,10,true,CANDIDATE_LONGER,,본점
삼척,하나로마트 삼척농협본점,0,근덕농협하나로마트 본점,"가정,생활 > 슈퍼마켓 > 대형슈퍼 > 하나로마트",MT1,강원특별자치도 삼척시 근덕면 삼척로 3672,http://place.map.kakao.com/12263809,129.225657133375,37.3822868327965,3,false,DISJOINT,,
삼척,하나로마트 삼척농협본점,1,도계농협하나로마트 본점,"가정,생활 > 슈퍼마켓 > 대형슈퍼 > 하나로마트",MT1,강원특별자치도 삼척시 도계읍 도계로 295,http://place.map.kakao.com/12263837,129.044161706631,37.2353157914555,3,false,DISJOINT,,
삼척,하나로마트 삼척농협본점,2,동해삼척태백축협하나로마트 본점,"가정,생활 > 슈퍼마켓 > 대형슈퍼 > 하나로마트",MT1,강원특별자치도 삼척시 중앙시장길 48-55,http://place.map.kakao.com/1028077490,129.167203008846,37.4426488902345,3,false,DISJOINT,,
삼척,하나로마트 삼척농협본점,3,원덕농협하나로마트 본점,"가정,생활 > 슈퍼마켓 > 대형슈퍼 > 하나로마트",MT1,강원특별자치도 삼척시 원덕읍 삼척로 436,http://place.map.kakao.com/12263911,129.336127262825,37.1758484719505,3,false,DISJOINT,,
삼척,하나로마트 삼척농협본점,4,근덕농협하나로마트 본점 주차장,"교통,수송 > 교통시설 > 주차장",PK6,강원특별자치도 삼척시 근덕면 삼척로 3672,http://place.map.kakao.com/1184881478,129.225472074148,37.3821750091484,3,false,DISJOINT,,
삼척,아가파오,0,아가파오,"음식점 > 간식 > 제과,베이커리",FD6,강원특별자치도 삼척시 중앙시장길 77,http://place.map.kakao.com/1764087881,129.165543740746,37.4436044854038,10,true,EXACT,,
삼척,삼척 호반닭갈비,0,춘천호반닭갈비,"음식점 > 한식 > 육류,고기 > 닭요리",FD6,강원특별자치도 삼척시 대학로 42-13,http://place.map.kakao.com/10980610,129.163564478778,37.44494517445979,5,false,DISJOINT,,
삼척,초곡용굴촛대바위길,0,초곡용굴촛대바위길,"여행 > 관광,명소 > 도보여행",AT4,강원특별자치도 삼척시 근덕면 초곡리 산 1,http://place.map.kakao.com/1778342372,129.2950833356323,37.31127223555891,10,true,EXACT,,
삼척,초곡용굴촛대바위길,1,초곡용굴촛대바위길 관람객 지정주차장,"교통,수송 > 교통시설 > 주차장",PK6,강원특별자치도 삼척시 근덕면 초곡리 20-47,http://place.map.kakao.com/941700417,129.293859916108,37.3096113943293,8,true,CANDIDATE_LONGER,,관람객지정주차장
삼척,마카올래,0,마카올래,"음식점 > 한식 > 해물,생선 > 회",FD6,강원특별자치도 삼척시 근덕면 장호항길 120,http://place.map.kakao.com/1916221079,129.31804605095,37.2885142503703,10,true,EXACT,,
삼척,장호항영기횟집,0,장호항영기횟집,"음식점 > 한식 > 해물,생선 > 회",FD6,강원특별자치도 삼척시 근덕면 장호길 99,http://place.map.kakao.com/11166720,129.31623001582454,37.28692578416917,10,true,EXACT,,
삼척,장호 어촌체험마을,0,삼척장호어촌체험마을,"여행 > 체험여행 > 정보화,체험마을",,강원특별자치도 삼척시 근덕면 장호항길 111,http://place.map.kakao.com/12380982,129.31761472559484,37.28812633119041,3,true,CANDIDATE_LONGER,삼척,
삼척,장호 어촌체험마을,1,갈남어촌체험마을,"여행 > 체험여행 > 정보화,체험마을",,강원특별자치도 삼척시 원덕읍 갈남길 49-26,http://place.map.kakao.com/316258096,129.324629142431,37.2808504508093,3,false,DISJOINT,,
삼척,장호 어촌체험마을,2,삼척장호어촌체험마을 장호1리체험장,"스포츠,레저 > 수영,수상 > 수상스포츠",,강원특별자치도 삼척시 근덕면 장호리 3-42,http://place.map.kakao.com/251066321,129.317398369354,37.2866603972857,3,true,CANDIDATE_LONGER,삼척,장호1리체험장
삼척,장호 어촌체험마을,3,어떤하루펜션,여행 > 숙박 > 펜션,AD5,강원특별자치도 삼척시 근덕면 장호안1길 16-33,http://place.map.kakao.com/26801890,129.31284024116366,37.28184180880246,3,false,DISJOINT,,
삼척,홍문어,0,홍문어,"음식점 > 한식 > 해물,생선",FD6,강원특별자치도 삼척시 근덕면 장호항길 111,http://place.map.kakao.com/1624484765,129.31759655281908,37.28808524851191,10,true,EXACT,,
삼척,갈남항,0,갈남항,"교통,수송 > 교통시설 > 항구,포구",,강원특별자치도 삼척시 원덕읍 갈남리 99-20,http://place.map.kakao.com/11393994,129.32521366602413,37.28072185508072,8,true,EXACT,,
삼척,갈남항,1,에코하우스펜션,여행 > 숙박 > 펜션,AD5,강원특별자치도 삼척시 근덕면 삼척로 2110-21,http://place.map.kakao.com/25647802,129.312971208608,37.2846462724978,3,false,DISJOINT,,
삼척,포카츠,0,포카츠,"음식점 > 일식 > 돈까스,우동",FD6,강원특별자치도 삼척시 새천년도로 601-59,http://place.map.kakao.com/1272795447,129.16514306394723,37.4654428843008,10,true,EXACT,,
삼척,작은후진해수욕장,0,작은후진해변,"여행 > 관광,명소 > 해수욕장,해변",AT4,강원특별자치도 삼척시 새천년도로 467,http://place.map.kakao.com/10740722,129.175574355011,37.4642305547271,5,false,DISJOINT,,
삼척,작은후진해수욕장,1,작은후진해수욕장 야영장,"여행 > 숙박 > 야영,캠핑장",AD5,강원특별자치도 삼척시 새천년도로 467,http://place.map.kakao.com/21055099,129.175569523639,37.4642198336229,8,true,CANDIDATE_LONGER,,야영장
삼척,아리랑횟집,0,삼척항아리랑횟집,"음식점 > 한식 > 해물,생선 > 회",FD6,강원특별자치도 삼척시 새천년도로 527-18,http://place.map.kakao.com/1838816494,129.17029081435604,37.465398855923354,10,true,CANDIDATE_LONGER,삼척항,
삼척,삼척미로정원,0,삼척미로정원,여행 > 숙박 > 펜션,AD5,강원특별자치도 삼척시 미로면 동안로 540,http://place.map.kakao.com/717134130,129.07128488646237,37.444200142099675,8,true,EXACT,,
삼척,삼척미로정원,1,미로나라정원,"여행 > 숙박 > 야영,캠핑장 > 글램핑장",AD5,강원특별자치도 삼척시 미로면 고천리 19-1,http://place.map.kakao.com/1731910281,129.067529133362,37.4284332904778,3,false,DISJOINT,,
삼척,귀네미마을,0,귀네미 마을,부동산 > 지명,,강원특별자치도 태백시 하사미동 524-190,http://place.map.kakao.com/11970594,129.0081129904523,37.33787752424759,0,true,EXACT,,
삼척,귀네미마을,1,귀네미마을회관,"가정,생활 > 친목 > 마을회관",,강원특별자치도 태백시 귀네미1길 43,http://place.map.kakao.com/23789607,129.005486697419,37.3356842942321,5,true,CANDIDATE_LONGER,,회관
삼척,귀네미마을,2,귀네미풍차와허스키 민박,여행 > 숙박 > 펜션,AD5,강원특별자치도 태백시 귀네미1길 10,http://place.map.kakao.com/25882572,129.004095217702,37.3342700707207,0,false,DISJOINT,,
삼척,굴피집,0,굴피집,음식점 > 한식,FD6,강원특별자치도 삼척시 신기면 환선로 864-2,http://place.map.kakao.com/16780835,129.0146050188599,37.323769186434006,10,true,EXACT,,
삼척,굴피집,1,삼척대이리굴피집,"여행 > 관광,명소 > 문화유적",,강원특별자치도 삼척시 신기면 환선로 864-2,http://place.map.kakao.com/12765214,129.014542116493,37.3237792666577,8,true,CANDIDATE_LONGER,삼척대이리,
삼척,환선굴,0,환선굴,"여행 > 관광,명소 > 동굴",,강원특별자치도 삼척시 신기면 대이리 산 117,http://place.map.kakao.com/10976699,129.00825185709374,37.323688041427,8,true,EXACT,,
삼척,환선굴,1,환선굴 매표소,"서비스,산업 > 관리,운영 > 매표소",,강원특별자치도 삼척시 신기면 대이리 185-3,http://place.map.kakao.com/21125581,129.019684443441,37.3254032481685,8,true,CANDIDATE_LONGER,,매표소
삼척,환선굴,2,환선굴 모노레일 승강장,여행 > 관광지부속시설,,강원특별자치도 삼척시 신기면 환선로 889,http://place.map.kakao.com/16797734,129.01225654964722,37.32250648469935,8,true,CANDIDATE_LONGER,,모노레일승강장
삼척,환선굴,3,환선굴김치공장,"서비스,산업 > 식품 > 식품가공,제조",,강원특별자치도 삼척시 근덕면 본동길 43,http://place.map.kakao.com/10974925,129.2373313237845,37.341449157778904,8,true,CANDIDATE_LONGER,,김치공장
삼척,환선굴,4,환선굴휴게실가든,음식점 > 한식,FD6,강원특별자치도 삼척시 미로면 강원남부로 3969,http://place.map.kakao.com/21343974,129.11169233588,37.4132196487347,10,true,CANDIDATE_LONGER,,휴게실가든
삼척,카페 통방아,-1,,,,,,,,,,,,
삼척,이주일식당,0,이주일식당,음식점 > 한식,FD6,강원특별자치도 삼척시 신기면 환선로 810,http://place.map.kakao.com/16420248,129.0201731448697,37.32579129070381,10,true,EXACT,,
삼척,삼척바다배낚시체험,0,삼척스타호바다배낚시체험,"스포츠,레저 > 낚시",,강원특별자치도 삼척시 근덕면 삼척로 2048-49,http://place.map.kakao.com/119233451,129.31741544708,37.2858574134467,3,false,DISJOINT,,
삼척,성덕호횟집,0,성덕호횟집,"음식점 > 한식 > 해물,생선 > 회",FD6,강원특별자치도 삼척시 근덕면 장호길 99,http://place.map.kakao.com/21448645,129.316165878106,37.286911545412,10,true,EXACT,,
삼척,본가대성집 삼척본점,0,본가대성집 삼척본점,"음식점 > 한식 > 육류,고기",FD6,강원특별자치도 삼척시 중앙로 207,http://place.map.kakao.com/1517220779,129.167466198391,37.4417855562705,10,true,EXACT,,
삼척,노브랜드 삼척중앙시장점,0,노브랜드 삼척중앙시장점,"가정,생활 > 슈퍼마켓 > 대형슈퍼 > 노브랜드",MT1,강원특별자치도 삼척시 진주로 12-21,http://place.map.kakao.com/380624475,129.16532132378126,37.44121951966254,8,true,EXACT,,
삼척,감성공작소,0,감성공작소협동조합,"문화,예술 > 미술,공예",,강원특별자치도 삼척시 대학로 13,http://place.map.kakao.com/1947985346,129.16326635170006,37.44228322964253,8,true,CANDIDATE_LONGER,,협동조합
삼척,파리바게뜨 삼척사랑점,0,파리바게뜨 삼척사랑점,"음식점 > 간식 > 제과,베이커리 > 파리바게뜨",FD6,강원특별자치도 삼척시 진주로 15,http://place.map.kakao.com/12354752,129.16386341452068,37.44206600154896,10,true,EXACT,,
삼척,후진 어촌체험마을,0,후진어촌체험마을,"여행 > 체험여행 > 정보화,체험마을",,강원특별자치도 삼척시 새천년도로 460,http://place.map.kakao.com/2074093074,129.177273036581,37.4638046858812,3,true,EXACT,,
삼척,일미어담,0,일미어담,"음식점 > 한식 > 해물,생선",FD6,강원특별자치도 삼척시 테마타운길 19,http://place.map.kakao.com/121611051,129.170532218632,37.4666727143588,10,true,EXACT,,
삼척,일미어담,1,일미어담 주차장,"교통,수송 > 교통시설 > 주차장",PK6,강원특별자치도 삼척시 갈천동 17-3,http://place.map.kakao.com/937770023,129.170460172907,37.4665263002804,8,true,CANDIDATE_LONGER,,주차장
삼척,수로부인 헌화공원 (남화산 해맞이공원),-1,,,,,,,,,,,,
삼척,장호해수욕장,0,장호해변,"여행 > 관광,명소 > 해수욕장,해변",AT4,강원특별자치도 삼척시 근덕면 장호리,http://place.map.kakao.com/8540118,129.314177242896,37.2858874693311,5,false,DISJOINT,,
삼척,장호해수욕장,1,장호비치캠핑장,"여행 > 숙박 > 야영,캠핑장",AD5,강원특별자치도 삼척시 근덕면 삼척로 2116,http://place.map.kakao.com/385621254,129.312412991456,37.2845310667787,3,false,DISJOINT,,
삼척,장호해수욕장,2,어떤하루펜션,여행 > 숙박 > 펜션,AD5,강원특별자치도 삼척시 근덕면 장호안1길 16-33,http://place.map.kakao.com/26801890,129.31284024116366,37.28184180880246,3,false,DISJOINT,,
삼척,장호해수욕장,3,인드라망펜션텔,여행 > 숙박 > 펜션,AD5,강원특별자치도 삼척시 근덕면 장호길 126,http://place.map.kakao.com/394563512,129.3175129810774,37.286206830853935,3,false,DISJOINT,,
삼척,장호해수욕장,4,아쿠아민박,여행 > 숙박 > 민박,AD5,강원특별자치도 삼척시 근덕면 삼척로 2110-18,http://place.map.kakao.com/829722257,129.313080084082,37.2842991213821,3,false,DISJOINT,,
