kind,location,area,geocode,rung,slot,query,place,address,distance_km
NORMAL,강릉,"경포호·경포해변 일대",HIT,AREA,MEAL,"경포호","강릉짬뽕순두부 동화가든 본점","강원특별자치도 강릉시 초당순두부길77번길 15 동화가든",1.188
NORMAL,강릉,"경포호·경포해변 일대",HIT,AREA,MEAL,"경포호","나상명강릉초당순두부","강원특별자치도 강릉시 초당순두부길77번길 16 1층 나상명강릉초당순두부",1.213
NORMAL,강릉,"경포호·경포해변 일대",HIT,AREA,MEAL,"경포호","경포동해횟집","강원특별자치도 강릉시 창해로 491 경포동해횟집",1.082
NORMAL,강릉,"경포호·경포해변 일대",HIT,AREA,MEAL,"경포호","초당훈이순두부짬뽕","강원특별자치도 강릉시 초당순두부길55번길 38 1층 102호",1.069
NORMAL,강릉,"경포호·경포해변 일대",HIT,ANCHOR,MEAL,"경포호","강릉짬뽕순두부 동화가든 본점","강원특별자치도 강릉시 초당순두부길77번길 15 동화가든",1.188
NORMAL,강릉,"경포호·경포해변 일대",HIT,ANCHOR,MEAL,"경포호","나상명강릉초당순두부","강원특별자치도 강릉시 초당순두부길77번길 16 1층 나상명강릉초당순두부",1.213
NORMAL,강릉,"경포호·경포해변 일대",HIT,ANCHOR,MEAL,"경포호","경포동해횟집","강원특별자치도 강릉시 창해로 491 경포동해횟집",1.082
NORMAL,강릉,"경포호·경포해변 일대",HIT,ANCHOR,MEAL,"경포호","초당훈이순두부짬뽕","강원특별자치도 강릉시 초당순두부길55번길 38 1층 102호",1.069
NORMAL,강릉,"경포호·경포해변 일대",HIT,LOCATION,MEAL,"강릉","강릉짬뽕순두부 동화가든 본점","강원특별자치도 강릉시 초당순두부길77번길 15 동화가든",1.188
NORMAL,강릉,"경포호·경포해변 일대",HIT,LOCATION,MEAL,"강릉","강릉 수제 어묵고로케","강원특별자치도 강릉시 금성로13번길 8 1층",4.633
NORMAL,강릉,"경포호·경포해변 일대",HIT,LOCATION,MEAL,"강릉","배니닭강정","강원특별자치도 강릉시 금성로13번길 3-1 (성남동)",4.603
NORMAL,강릉,"경포호·경포해변 일대",HIT,AREA,CAFE,"경포호","카페 툇마루","강원특별자치도 강릉시 난설헌로 232 카페 툇마루",1.107
NORMAL,강릉,"경포호·경포해변 일대",HIT,AREA,CAFE,"경포호","갤러리밥스","강원특별자치도 강릉시 난설헌로 144 82-7 갤러리밥스",1.051
NORMAL,강릉,"경포호·경포해변 일대",HIT,AREA,CAFE,"경포호","테라로사 경포호수점","강원특별자치도 강릉시 난설헌로 145",0.970
NORMAL,강릉,"경포호·경포해변 일대",HIT,AREA,CAFE,"경포호","강원옥 찹쌀떡","강원특별자치도 강릉시 초당순두부길 89-8 1층",1.197
NORMAL,강릉,"경포호·경포해변 일대",HIT,ANCHOR,CAFE,"경포호","카페 툇마루","강원특별자치도 강릉시 난설헌로 232 카페 툇마루",1.107
NORMAL,강릉,"경포호·경포해변 일대",HIT,ANCHOR,CAFE,"경포호","갤러리밥스","강원특별자치도 강릉시 난설헌로 144 82-7 갤러리밥스",1.051
NORMAL,강릉,"경포호·경포해변 일대",HIT,ANCHOR,CAFE,"경포호","테라로사 경포호수점","강원특별자치도 강릉시 난설헌로 145",0.970
NORMAL,강릉,"경포호·경포해변 일대",HIT,ANCHOR,CAFE,"경포호","강원옥 찹쌀떡","강원특별자치도 강릉시 초당순두부길 89-8 1층",1.197
NORMAL,강릉,"경포호·경포해변 일대",HIT,LOCATION,CAFE,"강릉","카페 이진리","강원특별자치도 강릉시 임영로 234 이진리",3.826
NORMAL,강릉,"경포호·경포해변 일대",HIT,LOCATION,CAFE,"강릉","테라로사 커피공장 강릉본점","강원특별자치도 강릉시 구정면 현천길 7",11.050
NORMAL,강릉,"경포호·경포해변 일대",HIT,LOCATION,CAFE,"강릉","강릉카페 체크이스트","강원특별자치도 강릉시 강변북길 153 체크이스트",3.398
NORMAL,강릉,"경포호·경포해변 일대",HIT,LOCATION,CAFE,"강릉","곳","강원특별자치도 강릉시 사천면 진리해변길 143",5.923
NORMAL,강릉,"경포호·경포해변 일대",HIT,LOCATION,CAFE,"강릉","346커피스토리","강원특별자치도 강릉시 창해로 348 나동1-3층 346커피스토리",1.476
NORMAL,강릉,"경포호·경포해변 일대",HIT,AREA,SHOPPING,"경포호","하나로마트 강릉원예농협 초당지점","강원특별자치도 강릉시 산양큰길 29",2.127
NORMAL,강릉,"경포호·경포해변 일대",HIT,AREA,SHOPPING,"경포호","31건어물","강원특별자치도 강릉시 난설헌로 259 1층",1.188
NORMAL,강릉,"경포호·경포해변 일대",HIT,AREA,SHOPPING,"경포호","원흥건어물","강원특별자치도 강릉시 창해로 376 원흥건어물",1.249
NORMAL,강릉,"경포호·경포해변 일대",HIT,AREA,SHOPPING,"경포호","월드마트","강원특별자치도 강릉시 연당길 74",1.696
NORMAL,강릉,"경포호·경포해변 일대",HIT,AREA,SHOPPING,"경포호","메종고니","강원특별자치도 강릉시 초당원길 19 상가동 104호(초당동)",1.831
NORMAL,강릉,"경포호·경포해변 일대",HIT,ANCHOR,SHOPPING,"경포호","하나로마트 강릉원예농협 초당지점","강원특별자치도 강릉시 산양큰길 29",2.127
NORMAL,강릉,"경포호·경포해변 일대",HIT,ANCHOR,SHOPPING,"경포호","31건어물","강원특별자치도 강릉시 난설헌로 259 1층",1.188
NORMAL,강릉,"경포호·경포해변 일대",HIT,ANCHOR,SHOPPING,"경포호","원흥건어물","강원특별자치도 강릉시 창해로 376 원흥건어물",1.249
NORMAL,강릉,"경포호·경포해변 일대",HIT,ANCHOR,SHOPPING,"경포호","월드마트","강원특별자치도 강릉시 연당길 74",1.696
NORMAL,강릉,"경포호·경포해변 일대",HIT,ANCHOR,SHOPPING,"경포호","메종고니","강원특별자치도 강릉시 초당원길 19 상가동 104호(초당동)",1.831
NORMAL,강릉,"경포호·경포해변 일대",HIT,LOCATION,SHOPPING,"강릉","이마트 강릉점","강원특별자치도 강릉시 경강로 2398-10",3.304
NORMAL,강릉,"경포호·경포해변 일대",HIT,LOCATION,SHOPPING,"강릉","홈플러스 강릉점","강원특별자치도 강릉시 경강로 2120 씨네몰",4.442
NORMAL,강릉,"경포호·경포해변 일대",HIT,LOCATION,SHOPPING,"강릉","강릉식자재마트","강원특별자치도 강릉시 정원로 68",4.390
NORMAL,강릉,"경포호·경포해변 일대",HIT,LOCATION,SHOPPING,"강릉","강릉축산농협 하나로마트 내곡점","강원특별자치도 강릉시 범일로 604",6.317
NORMAL,강릉,"경포호·경포해변 일대",HIT,LOCATION,SHOPPING,"강릉","하나로마트 강원양돈농협 본점","강원특별자치도 강릉시 솔올로 9",4.231
NORMAL,강릉,"경포호·경포해변 일대",HIT,AREA,ATTRACTION,"경포호","경포해변","강원특별자치도 강릉시 강문동 산1 -1,",1.220
NORMAL,강릉,"경포호·경포해변 일대",HIT,AREA,ATTRACTION,"경포호","경포호","강원특별자치도 강릉시 저동",0.345
NORMAL,강릉,"경포호·경포해변 일대",HIT,AREA,ATTRACTION,"경포호","강릉선교장","강원특별자치도 강릉시 운정길 63 선교장",1.806
NORMAL,강릉,"경포호·경포해변 일대",HIT,ANCHOR,ATTRACTION,"경포호","경포해변","강원특별자치도 강릉시 강문동 산1 -1,",1.220
NORMAL,강릉,"경포호·경포해변 일대",HIT,ANCHOR,ATTRACTION,"경포호","경포호","강원특별자치도 강릉시 저동",0.345
NORMAL,강릉,"경포호·경포해변 일대",HIT,ANCHOR,ATTRACTION,"경포호","강릉선교장","강원특별자치도 강릉시 운정길 63 선교장",1.806
NORMAL,강릉,"경포호·경포해변 일대",HIT,LOCATION,ATTRACTION,"강릉","하슬라아트월드","강원특별자치도 강릉시 강동면 율곡로 1441",13.654
NORMAL,강릉,"경포호·경포해변 일대",HIT,LOCATION,ATTRACTION,"강릉","경포해변","강원특별자치도 강릉시 강문동 산1 -1,",1.220
NORMAL,강릉,"경포호·경포해변 일대",HIT,LOCATION,ATTRACTION,"강릉","안목해변","강원특별자치도 강릉시 창해로14번길 20-1",4.742
NORMAL,강릉,"경포호·경포해변 일대",HIT,LOCATION,ATTRACTION,"강릉","오죽헌","강원특별자치도 강릉시 율곡로3139번길 24 오죽헌",2.838
NORMAL,강릉,"경포호·초당동 일대",HIT,AREA,MEAL,"경포호","강릉짬뽕순두부 동화가든 본점","강원특별자치도 강릉시 초당순두부길77번길 15 동화가든",1.188
NORMAL,강릉,"경포호·초당동 일대",HIT,AREA,MEAL,"경포호","나상명강릉초당순두부","강원특별자치도 강릉시 초당순두부길77번길 16 1층 나상명강릉초당순두부",1.213
NORMAL,강릉,"경포호·초당동 일대",HIT,AREA,MEAL,"경포호","경포동해횟집","강원특별자치도 강릉시 창해로 491 경포동해횟집",1.082
NORMAL,강릉,"경포호·초당동 일대",HIT,AREA,MEAL,"경포호","초당훈이순두부짬뽕","강원특별자치도 강릉시 초당순두부길55번길 38 1층 102호",1.069
NORMAL,강릉,"경포호·초당동 일대",HIT,ANCHOR,MEAL,"경포호","강릉짬뽕순두부 동화가든 본점","강원특별자치도 강릉시 초당순두부길77번길 15 동화가든",1.188
NORMAL,강릉,"경포호·초당동 일대",HIT,ANCHOR,MEAL,"경포호","나상명강릉초당순두부","강원특별자치도 강릉시 초당순두부길77번길 16 1층 나상명강릉초당순두부",1.213
NORMAL,강릉,"경포호·초당동 일대",HIT,ANCHOR,MEAL,"경포호","경포동해횟집","강원특별자치도 강릉시 창해로 491 경포동해횟집",1.082
NORMAL,강릉,"경포호·초당동 일대",HIT,ANCHOR,MEAL,"경포호","초당훈이순두부짬뽕","강원특별자치도 강릉시 초당순두부길55번길 38 1층 102호",1.069
NORMAL,강릉,"경포호·초당동 일대",HIT,LOCATION,MEAL,"강릉","강릉짬뽕순두부 동화가든 본점","강원특별자치도 강릉시 초당순두부길77번길 15 동화가든",1.188
NORMAL,강릉,"경포호·초당동 일대",HIT,LOCATION,MEAL,"강릉","강릉 수제 어묵고로케","강원특별자치도 강릉시 금성로13번길 8 1층",4.633
NORMAL,강릉,"경포호·초당동 일대",HIT,LOCATION,MEAL,"강릉","배니닭강정","강원특별자치도 강릉시 금성로13번길 3-1 (성남동)",4.603
NORMAL,강릉,"경포호·초당동 일대",HIT,AREA,CAFE,"경포호","카페 툇마루","강원특별자치도 강릉시 난설헌로 232 카페 툇마루",1.107
NORMAL,강릉,"경포호·초당동 일대",HIT,AREA,CAFE,"경포호","갤러리밥스","강원특별자치도 강릉시 난설헌로 144 82-7 갤러리밥스",1.051
NORMAL,강릉,"경포호·초당동 일대",HIT,AREA,CAFE,"경포호","테라로사 경포호수점","강원특별자치도 강릉시 난설헌로 145",0.970
NORMAL,강릉,"경포호·초당동 일대",HIT,AREA,CAFE,"경포호","강원옥 찹쌀떡","강원특별자치도 강릉시 초당순두부길 89-8 1층",1.197
NORMAL,강릉,"경포호·초당동 일대",HIT,ANCHOR,CAFE,"경포호","카페 툇마루","강원특별자치도 강릉시 난설헌로 232 카페 툇마루",1.107
NORMAL,강릉,"경포호·초당동 일대",HIT,ANCHOR,CAFE,"경포호","갤러리밥스","강원특별자치도 강릉시 난설헌로 144 82-7 갤러리밥스",1.051
NORMAL,강릉,"경포호·초당동 일대",HIT,ANCHOR,CAFE,"경포호","테라로사 경포호수점","강원특별자치도 강릉시 난설헌로 145",0.970
NORMAL,강릉,"경포호·초당동 일대",HIT,ANCHOR,CAFE,"경포호","강원옥 찹쌀떡","강원특별자치도 강릉시 초당순두부길 89-8 1층",1.197
NORMAL,강릉,"경포호·초당동 일대",HIT,LOCATION,CAFE,"강릉","카페 이진리","강원특별자치도 강릉시 임영로 234 이진리",3.826
NORMAL,강릉,"경포호·초당동 일대",HIT,LOCATION,CAFE,"강릉","테라로사 커피공장 강릉본점","강원특별자치도 강릉시 구정면 현천길 7",11.050
NORMAL,강릉,"경포호·초당동 일대",HIT,LOCATION,CAFE,"강릉","강릉카페 체크이스트","강원특별자치도 강릉시 강변북길 153 체크이스트",3.398
NORMAL,강릉,"경포호·초당동 일대",HIT,LOCATION,CAFE,"강릉","곳","강원특별자치도 강릉시 사천면 진리해변길 143",5.923
NORMAL,강릉,"경포호·초당동 일대",HIT,LOCATION,CAFE,"강릉","346커피스토리","강원특별자치도 강릉시 창해로 348 나동1-3층 346커피스토리",1.476
NORMAL,강릉,"경포호·초당동 일대",HIT,AREA,SHOPPING,"경포호","하나로마트 강릉원예농협 초당지점","강원특별자치도 강릉시 산양큰길 29",2.127
NORMAL,강릉,"경포호·초당동 일대",HIT,AREA,SHOPPING,"경포호","31건어물","강원특별자치도 강릉시 난설헌로 259 1층",1.188
NORMAL,강릉,"경포호·초당동 일대",HIT,AREA,SHOPPING,"경포호","원흥건어물","강원특별자치도 강릉시 창해로 376 원흥건어물",1.249
NORMAL,강릉,"경포호·초당동 일대",HIT,AREA,SHOPPING,"경포호","월드마트","강원특별자치도 강릉시 연당길 74",1.696
NORMAL,강릉,"경포호·초당동 일대",HIT,AREA,SHOPPING,"경포호","메종고니","강원특별자치도 강릉시 초당원길 19 상가동 104호(초당동)",1.831
NORMAL,강릉,"경포호·초당동 일대",HIT,ANCHOR,SHOPPING,"경포호","하나로마트 강릉원예농협 초당지점","강원특별자치도 강릉시 산양큰길 29",2.127
NORMAL,강릉,"경포호·초당동 일대",HIT,ANCHOR,SHOPPING,"경포호","31건어물","강원특별자치도 강릉시 난설헌로 259 1층",1.188
NORMAL,강릉,"경포호·초당동 일대",HIT,ANCHOR,SHOPPING,"경포호","원흥건어물","강원특별자치도 강릉시 창해로 376 원흥건어물",1.249
NORMAL,강릉,"경포호·초당동 일대",HIT,ANCHOR,SHOPPING,"경포호","월드마트","강원특별자치도 강릉시 연당길 74",1.696
NORMAL,강릉,"경포호·초당동 일대",HIT,ANCHOR,SHOPPING,"경포호","메종고니","강원특별자치도 강릉시 초당원길 19 상가동 104호(초당동)",1.831
NORMAL,강릉,"경포호·초당동 일대",HIT,LOCATION,SHOPPING,"강릉","이마트 강릉점","강원특별자치도 강릉시 경강로 2398-10",3.304
NORMAL,강릉,"경포호·초당동 일대",HIT,LOCATION,SHOPPING,"강릉","홈플러스 강릉점","강원특별자치도 강릉시 경강로 2120 씨네몰",4.442
NORMAL,강릉,"경포호·초당동 일대",HIT,LOCATION,SHOPPING,"강릉","강릉식자재마트","강원특별자치도 강릉시 정원로 68",4.390
NORMAL,강릉,"경포호·초당동 일대",HIT,LOCATION,SHOPPING,"강릉","강릉축산농협 하나로마트 내곡점","강원특별자치도 강릉시 범일로 604",6.317
NORMAL,강릉,"경포호·초당동 일대",HIT,LOCATION,SHOPPING,"강릉","하나로마트 강원양돈농협 본점","강원특별자치도 강릉시 솔올로 9",4.231
NORMAL,강릉,"경포호·초당동 일대",HIT,AREA,ATTRACTION,"경포호","경포해변","강원특별자치도 강릉시 강문동 산1 -1,",1.220
NORMAL,강릉,"경포호·초당동 일대",HIT,AREA,ATTRACTION,"경포호","경포호","강원특별자치도 강릉시 저동",0.345
NORMAL,강릉,"경포호·초당동 일대",HIT,AREA,ATTRACTION,"경포호","강릉선교장","강원특별자치도 강릉시 운정길 63 선교장",1.806
NORMAL,강릉,"경포호·초당동 일대",HIT,ANCHOR,ATTRACTION,"경포호","경포해변","강원특별자치도 강릉시 강문동 산1 -1,",1.220
NORMAL,강릉,"경포호·초당동 일대",HIT,ANCHOR,ATTRACTION,"경포호","경포호","강원특별자치도 강릉시 저동",0.345
NORMAL,강릉,"경포호·초당동 일대",HIT,ANCHOR,ATTRACTION,"경포호","강릉선교장","강원특별자치도 강릉시 운정길 63 선교장",1.806
NORMAL,강릉,"경포호·초당동 일대",HIT,LOCATION,ATTRACTION,"강릉","하슬라아트월드","강원특별자치도 강릉시 강동면 율곡로 1441",13.654
NORMAL,강릉,"경포호·초당동 일대",HIT,LOCATION,ATTRACTION,"강릉","경포해변","강원특별자치도 강릉시 강문동 산1 -1,",1.220
NORMAL,강릉,"경포호·초당동 일대",HIT,LOCATION,ATTRACTION,"강릉","안목해변","강원특별자치도 강릉시 창해로14번길 20-1",4.742
NORMAL,강릉,"경포호·초당동 일대",HIT,LOCATION,ATTRACTION,"강릉","오죽헌","강원특별자치도 강릉시 율곡로3139번길 24 오죽헌",2.838
NORMAL,강릉,"안목해변·송정동 일대",HIT,AREA,MEAL,"안목해변","삼교리동치미막국수 남항진점","강원특별자치도 강릉시 공항길127번길 42 1층 삼교리동치미막국수 남항진점",0.835
NORMAL,강릉,"안목해변·송정동 일대",HIT,AREA,MEAL,"안목해변","브라보칼국수 강릉본점","강원특별자치도 강릉시 창해로 27 2층",0.417
NORMAL,강릉,"안목해변·송정동 일대",HIT,ANCHOR,MEAL,"안목해변","삼교리동치미막국수 남항진점","강원특별자치도 강릉시 공항길127번길 42 1층 삼교리동치미막국수 남항진점",0.835
NORMAL,강릉,"안목해변·송정동 일대",HIT,ANCHOR,MEAL,"안목해변","브라보칼국수 강릉본점","강원특별자치도 강릉시 창해로 27 2층",0.417
NORMAL,강릉,"안목해변·송정동 일대",HIT,LOCATION,MEAL,"강릉","강릉짬뽕순두부 동화가든 본점","강원특별자치도 강릉시 초당순두부길77번길 15 동화가든",3.625
NORMAL,강릉,"안목해변·송정동 일대",HIT,LOCATION,MEAL,"강릉","강릉 수제 어묵고로케","강원특별자치도 강릉시 금성로13번길 8 1층",4.769
NORMAL,강릉,"안목해변·송정동 일대",HIT,LOCATION,MEAL,"강릉","배니닭강정","강원특별자치도 강릉시 금성로13번길 3-1 (성남동)",4.762
NORMAL,강릉,"안목해변·송정동 일대",HIT,AREA,CAFE,"안목해변","강릉카페 체크이스트","강원특별자치도 강릉시 강변북길 153 체크이스트",3.179
NORMAL,강릉,"안목해변·송정동 일대",HIT,AREA,CAFE,"안목해변","보사노바 커피로스터스 강릉점","강원특별자치도 강릉시 창해로14번길 28",0.043
NORMAL,강릉,"안목해변·송정동 일대",HIT,AREA,CAFE,"안목해변","순두부젤라또 2호점","강원특별자치도 강릉시 경강로 2642 1~4층",0.143
NORMAL,강릉,"안목해변·송정동 일대",HIT,AREA,CAFE,"안목해변","에이엠브레드앤커피","강원특별자치도 강릉시 창해로14번길 24",0.068
NORMAL,강릉,"안목해변·송정동 일대",HIT,ANCHOR,CAFE,"안목해변","강릉카페 체크이스트","강원특별자치도 강릉시 강변북길 153 체크이스트",3.179
NORMAL,강릉,"안목해변·송정동 일대",HIT,ANCHOR,CAFE,"안목해변","보사노바 커피로스터스 강릉점","강원특별자치도 강릉시 창해로14번길 28",0.043
NORMAL,강릉,"안목해변·송정동 일대",HIT,ANCHOR,CAFE,"안목해변","순두부젤라또 2호점","강원특별자치도 강릉시 경강로 2642 1~4층",0.143
NORMAL,강릉,"안목해변·송정동 일대",HIT,ANCHOR,CAFE,"안목해변","에이엠브레드앤커피","강원특별자치도 강릉시 창해로14번길 24",0.068
NORMAL,강릉,"안목해변·송정동 일대",HIT,LOCATION,CAFE,"강릉","카페 이진리","강원특별자치도 강릉시 임영로 234 이진리",5.027
NORMAL,강릉,"안목해변·송정동 일대",HIT,LOCATION,CAFE,"강릉","테라로사 커피공장 강릉본점","강원특별자치도 강릉시 구정면 현천길 7",9.747
NORMAL,강릉,"안목해변·송정동 일대",HIT,LOCATION,CAFE,"강릉","강릉카페 체크이스트","강원특별자치도 강릉시 강변북길 153 체크이스트",3.179
NORMAL,강릉,"안목해변·송정동 일대",HIT,LOCATION,CAFE,"강릉","곳","강원특별자치도 강릉시 사천면 진리해변길 143",10.329
NORMAL,강릉,"안목해변·송정동 일대",HIT,LOCATION,CAFE,"강릉","346커피스토리","강원특별자치도 강릉시 창해로 348 나동1-3층 346커피스토리",3.553
NORMAL,강릉,"안목해변·송정동 일대",HIT,AREA,SHOPPING,"안목해변","이마트 강릉점","강원특별자치도 강릉시 경강로 2398-10",2.260
NORMAL,강릉,"안목해변·송정동 일대",HIT,AREA,SHOPPING,"안목해변","강원양돈농협하나로마트 송정점","강원특별자치도 강릉시 하평길 29",3.217
NORMAL,강릉,"안목해변·송정동 일대",HIT,AREA,SHOPPING,"안목해변","GS더프레시 강릉포남점","강원특별자치도 강릉시 하평길 31",3.178
NORMAL,강릉,"안목해변·송정동 일대",HIT,AREA,SHOPPING,"안목해변","하나로마트 강릉원예농협 초당지점","강원특별자치도 강릉시 산양큰길 29",2.941
NORMAL,강릉,"안목해변·송정동 일대",HIT,ANCHOR,SHOPPING,"안목해변","이마트 강릉점","강원특별자치도 강릉시 경강로 2398-10",2.260
NORMAL,강릉,"안목해변·송정동 일대",HIT,ANCHOR,SHOPPING,"안목해변","강원양돈농협하나로마트 송정점","강원특별자치도 강릉시 하평길 29",3.217
NORMAL,강릉,"안목해변·송정동 일대",HIT,ANCHOR,SHOPPING,"안목해변","GS더프레시 강릉포남점","강원특별자치도 강릉시 하평길 31",3.178
NORMAL,강릉,"안목해변·송정동 일대",HIT,ANCHOR,SHOPPING,"안목해변","하나로마트 강릉원예농협 초당지점","강원특별자치도 강릉시 산양큰길 29",2.941
NORMAL,강릉,"안목해변·송정동 일대",HIT,LOCATION,SHOPPING,"강릉","이마트 강릉점","강원특별자치도 강릉시 경강로 2398-10",2.260
NORMAL,강릉,"안목해변·송정동 일대",HIT,LOCATION,SHOPPING,"강릉","홈플러스 강릉점","강원특별자치도 강릉시 경강로 2120 씨네몰",4.727
NORMAL,강릉,"안목해변·송정동 일대",HIT,LOCATION,SHOPPING,"강릉","강릉식자재마트","강원특별자치도 강릉시 정원로 68",6.567
NORMAL,강릉,"안목해변·송정동 일대",HIT,LOCATION,SHOPPING,"강릉","강릉축산농협 하나로마트 내곡점","강원특별자치도 강릉시 범일로 604",6.853
NORMAL,강릉,"안목해변·송정동 일대",HIT,LOCATION,SHOPPING,"강릉","하나로마트 강원양돈농협 본점","강원특별자치도 강릉시 솔올로 9",6.325
NORMAL,강릉,"안목해변·송정동 일대",HIT,AREA,ATTRACTION,"안목해변","안목해변","강원특별자치도 강릉시 창해로14번길 20-1",0.055
NORMAL,강릉,"안목해변·송정동 일대",HIT,AREA,ATTRACTION,"안목해변","강릉커피거리","강원특별자치도 강릉시 창해로14번길 20-1",0.031
NORMAL,강릉,"안목해변·송정동 일대",HIT,AREA,ATTRACTION,"안목해변","아라나비 바다하늘자전거","강원특별자치도 강릉시 공항길127번길 35-7",0.691
NORMAL,강릉,"안목해변·송정동 일대",HIT,AREA,ATTRACTION,"안목해변","남항진해변","강원특별자치도 강릉시 남항진동",1.040
NORMAL,강릉,"안목해변·송정동 일대",HIT,AREA,ATTRACTION,"안목해변","환희컵박물관","강원특별자치도 강릉시 해안로 10 Fantapia M",0.508
NORMAL,강릉,"안목해변·송정동 일대",HIT,ANCHOR,ATTRACTION,"안목해변","안목해변","강원특별자치도 강릉시 창해로14번길 20-1",0.055
NORMAL,강릉,"안목해변·송정동 일대",HIT,ANCHOR,ATTRACTION,"안목해변","강릉커피거리","강원특별자치도 강릉시 창해로14번길 20-1",0.031
NORMAL,강릉,"안목해변·송정동 일대",HIT,ANCHOR,ATTRACTION,"안목해변","아라나비 바다하늘자전거","강원특별자치도 강릉시 공항길127번길 35-7",0.691
NORMAL,강릉,"안목해변·송정동 일대",HIT,ANCHOR,ATTRACTION,"안목해변","남항진해변","강원특별자치도 강릉시 남항진동",1.040
NORMAL,강릉,"안목해변·송정동 일대",HIT,ANCHOR,ATTRACTION,"안목해변","환희컵박물관","강원특별자치도 강릉시 해안로 10 Fantapia M",0.508
NORMAL,강릉,"안목해변·송정동 일대",HIT,LOCATION,ATTRACTION,"강릉","하슬라아트월드","강원특별자치도 강릉시 강동면 율곡로 1441",9.090
NORMAL,강릉,"안목해변·송정동 일대",HIT,LOCATION,ATTRACTION,"강릉","경포해변","강원특별자치도 강릉시 강문동 산1 -1,",5.104
NORMAL,강릉,"안목해변·송정동 일대",HIT,LOCATION,ATTRACTION,"강릉","안목해변","강원특별자치도 강릉시 창해로14번길 20-1",0.055
NORMAL,강릉,"안목해변·송정동 일대",HIT,LOCATION,ATTRACTION,"강릉","오죽헌","강원특별자치도 강릉시 율곡로3139번길 24 오죽헌",6.266
NORMAL,강릉,"안목해변·커피거리 일대",HIT,AREA,MEAL,"안목해변","삼교리동치미막국수 남항진점","강원특별자치도 강릉시 공항길127번길 42 1층 삼교리동치미막국수 남항진점",0.835
NORMAL,강릉,"안목해변·커피거리 일대",HIT,AREA,MEAL,"안목해변","브라보칼국수 강릉본점","강원특별자치도 강릉시 창해로 27 2층",0.417
NORMAL,강릉,"안목해변·커피거리 일대",HIT,ANCHOR,MEAL,"안목해변","삼교리동치미막국수 남항진점","강원특별자치도 강릉시 공항길127번길 42 1층 삼교리동치미막국수 남항진점",0.835
NORMAL,강릉,"안목해변·커피거리 일대",HIT,ANCHOR,MEAL,"안목해변","브라보칼국수 강릉본점","강원특별자치도 강릉시 창해로 27 2층",0.417
NORMAL,강릉,"안목해변·커피거리 일대",HIT,LOCATION,MEAL,"강릉","강릉짬뽕순두부 동화가든 본점","강원특별자치도 강릉시 초당순두부길77번길 15 동화가든",3.625
NORMAL,강릉,"안목해변·커피거리 일대",HIT,LOCATION,MEAL,"강릉","강릉 수제 어묵고로케","강원특별자치도 강릉시 금성로13번길 8 1층",4.769
NORMAL,강릉,"안목해변·커피거리 일대",HIT,LOCATION,MEAL,"강릉","배니닭강정","강원특별자치도 강릉시 금성로13번길 3-1 (성남동)",4.762
NORMAL,강릉,"안목해변·커피거리 일대",HIT,AREA,CAFE,"안목해변","강릉카페 체크이스트","강원특별자치도 강릉시 강변북길 153 체크이스트",3.179
NORMAL,강릉,"안목해변·커피거리 일대",HIT,AREA,CAFE,"안목해변","보사노바 커피로스터스 강릉점","강원특별자치도 강릉시 창해로14번길 28",0.043
NORMAL,강릉,"안목해변·커피거리 일대",HIT,AREA,CAFE,"안목해변","순두부젤라또 2호점","강원특별자치도 강릉시 경강로 2642 1~4층",0.143
NORMAL,강릉,"안목해변·커피거리 일대",HIT,AREA,CAFE,"안목해변","에이엠브레드앤커피","강원특별자치도 강릉시 창해로14번길 24",0.068
NORMAL,강릉,"안목해변·커피거리 일대",HIT,ANCHOR,CAFE,"안목해변","강릉카페 체크이스트","강원특별자치도 강릉시 강변북길 153 체크이스트",3.179
NORMAL,강릉,"안목해변·커피거리 일대",HIT,ANCHOR,CAFE,"안목해변","보사노바 커피로스터스 강릉점","강원특별자치도 강릉시 창해로14번길 28",0.043
NORMAL,강릉,"안목해변·커피거리 일대",HIT,ANCHOR,CAFE,"안목해변","순두부젤라또 2호점","강원특별자치도 강릉시 경강로 2642 1~4층",0.143
NORMAL,강릉,"안목해변·커피거리 일대",HIT,ANCHOR,CAFE,"안목해변","에이엠브레드앤커피","강원특별자치도 강릉시 창해로14번길 24",0.068
NORMAL,강릉,"안목해변·커피거리 일대",HIT,LOCATION,CAFE,"강릉","카페 이진리","강원특별자치도 강릉시 임영로 234 이진리",5.027
NORMAL,강릉,"안목해변·커피거리 일대",HIT,LOCATION,CAFE,"강릉","테라로사 커피공장 강릉본점","강원특별자치도 강릉시 구정면 현천길 7",9.747
NORMAL,강릉,"안목해변·커피거리 일대",HIT,LOCATION,CAFE,"강릉","강릉카페 체크이스트","강원특별자치도 강릉시 강변북길 153 체크이스트",3.179
NORMAL,강릉,"안목해변·커피거리 일대",HIT,LOCATION,CAFE,"강릉","곳","강원특별자치도 강릉시 사천면 진리해변길 143",10.329
NORMAL,강릉,"안목해변·커피거리 일대",HIT,LOCATION,CAFE,"강릉","346커피스토리","강원특별자치도 강릉시 창해로 348 나동1-3층 346커피스토리",3.553
NORMAL,강릉,"안목해변·커피거리 일대",HIT,AREA,SHOPPING,"안목해변","이마트 강릉점","강원특별자치도 강릉시 경강로 2398-10",2.260
NORMAL,강릉,"안목해변·커피거리 일대",HIT,AREA,SHOPPING,"안목해변","강원양돈농협하나로마트 송정점","강원특별자치도 강릉시 하평길 29",3.217
NORMAL,강릉,"안목해변·커피거리 일대",HIT,AREA,SHOPPING,"안목해변","GS더프레시 강릉포남점","강원특별자치도 강릉시 하평길 31",3.178
NORMAL,강릉,"안목해변·커피거리 일대",HIT,AREA,SHOPPING,"안목해변","하나로마트 강릉원예농협 초당지점","강원특별자치도 강릉시 산양큰길 29",2.941
NORMAL,강릉,"안목해변·커피거리 일대",HIT,ANCHOR,SHOPPING,"안목해변","이마트 강릉점","강원특별자치도 강릉시 경강로 2398-10",2.260
NORMAL,강릉,"안목해변·커피거리 일대",HIT,ANCHOR,SHOPPING,"안목해변","강원양돈농협하나로마트 송정점","강원특별자치도 강릉시 하평길 29",3.217
NORMAL,강릉,"안목해변·커피거리 일대",HIT,ANCHOR,SHOPPING,"안목해변","GS더프레시 강릉포남점","강원특별자치도 강릉시 하평길 31",3.178
NORMAL,강릉,"안목해변·커피거리 일대",HIT,ANCHOR,SHOPPING,"안목해변","하나로마트 강릉원예농협 초당지점","강원특별자치도 강릉시 산양큰길 29",2.941
NORMAL,강릉,"안목해변·커피거리 일대",HIT,LOCATION,SHOPPING,"강릉","이마트 강릉점","강원특별자치도 강릉시 경강로 2398-10",2.260
NORMAL,강릉,"안목해변·커피거리 일대",HIT,LOCATION,SHOPPING,"강릉","홈플러스 강릉점","강원특별자치도 강릉시 경강로 2120 씨네몰",4.727
NORMAL,강릉,"안목해변·커피거리 일대",HIT,LOCATION,SHOPPING,"강릉","강릉식자재마트","강원특별자치도 강릉시 정원로 68",6.567
NORMAL,강릉,"안목해변·커피거리 일대",HIT,LOCATION,SHOPPING,"강릉","강릉축산농협 하나로마트 내곡점","강원특별자치도 강릉시 범일로 604",6.853
NORMAL,강릉,"안목해변·커피거리 일대",HIT,LOCATION,SHOPPING,"강릉","하나로마트 강원양돈농협 본점","강원특별자치도 강릉시 솔올로 9",6.325
NORMAL,강릉,"안목해변·커피거리 일대",HIT,AREA,ATTRACTION,"안목해변","안목해변","강원특별자치도 강릉시 창해로14번길 20-1",0.055
NORMAL,강릉,"안목해변·커피거리 일대",HIT,AREA,ATTRACTION,"안목해변","강릉커피거리","강원특별자치도 강릉시 창해로14번길 20-1",0.031
NORMAL,강릉,"안목해변·커피거리 일대",HIT,AREA,ATTRACTION,"안목해변","아라나비 바다하늘자전거","강원특별자치도 강릉시 공항길127번길 35-7",0.691
NORMAL,강릉,"안목해변·커피거리 일대",HIT,AREA,ATTRACTION,"안목해변","남항진해변","강원특별자치도 강릉시 남항진동",1.040
NORMAL,강릉,"안목해변·커피거리 일대",HIT,AREA,ATTRACTION,"안목해변","환희컵박물관","강원특별자치도 강릉시 해안로 10 Fantapia M",0.508
NORMAL,강릉,"안목해변·커피거리 일대",HIT,ANCHOR,ATTRACTION,"안목해변","안목해변","강원특별자치도 강릉시 창해로14번길 20-1",0.055
NORMAL,강릉,"안목해변·커피거리 일대",HIT,ANCHOR,ATTRACTION,"안목해변","강릉커피거리","강원특별자치도 강릉시 창해로14번길 20-1",0.031
NORMAL,강릉,"안목해변·커피거리 일대",HIT,ANCHOR,ATTRACTION,"안목해변","아라나비 바다하늘자전거","강원특별자치도 강릉시 공항길127번길 35-7",0.691
NORMAL,강릉,"안목해변·커피거리 일대",HIT,ANCHOR,ATTRACTION,"안목해변","남항진해변","강원특별자치도 강릉시 남항진동",1.040
NORMAL,강릉,"안목해변·커피거리 일대",HIT,ANCHOR,ATTRACTION,"안목해변","환희컵박물관","강원특별자치도 강릉시 해안로 10 Fantapia M",0.508
NORMAL,강릉,"안목해변·커피거리 일대",HIT,LOCATION,ATTRACTION,"강릉","하슬라아트월드","강원특별자치도 강릉시 강동면 율곡로 1441",9.090
NORMAL,강릉,"안목해변·커피거리 일대",HIT,LOCATION,ATTRACTION,"강릉","경포해변","강원특별자치도 강릉시 강문동 산1 -1,",5.104
NORMAL,강릉,"안목해변·커피거리 일대",HIT,LOCATION,ATTRACTION,"강릉","안목해변","강원특별자치도 강릉시 창해로14번길 20-1",0.055
NORMAL,강릉,"안목해변·커피거리 일대",HIT,LOCATION,ATTRACTION,"강릉","오죽헌","강원특별자치도 강릉시 율곡로3139번길 24 오죽헌",6.266
NORMAL,강릉,"안목해변·해안 산책로 일대",HIT,AREA,MEAL,"안목해변","삼교리동치미막국수 남항진점","강원특별자치도 강릉시 공항길127번길 42 1층 삼교리동치미막국수 남항진점",0.835
NORMAL,강릉,"안목해변·해안 산책로 일대",HIT,AREA,MEAL,"안목해변","브라보칼국수 강릉본점","강원특별자치도 강릉시 창해로 27 2층",0.417
NORMAL,강릉,"안목해변·해안 산책로 일대",HIT,ANCHOR,MEAL,"안목해변","삼교리동치미막국수 남항진점","강원특별자치도 강릉시 공항길127번길 42 1층 삼교리동치미막국수 남항진점",0.835
NORMAL,강릉,"안목해변·해안 산책로 일대",HIT,ANCHOR,MEAL,"안목해변","브라보칼국수 강릉본점","강원특별자치도 강릉시 창해로 27 2층",0.417
NORMAL,강릉,"안목해변·해안 산책로 일대",HIT,LOCATION,MEAL,"강릉","강릉짬뽕순두부 동화가든 본점","강원특별자치도 강릉시 초당순두부길77번길 15 동화가든",3.625
NORMAL,강릉,"안목해변·해안 산책로 일대",HIT,LOCATION,MEAL,"강릉","강릉 수제 어묵고로케","강원특별자치도 강릉시 금성로13번길 8 1층",4.769
NORMAL,강릉,"안목해변·해안 산책로 일대",HIT,LOCATION,MEAL,"강릉","배니닭강정","강원특별자치도 강릉시 금성로13번길 3-1 (성남동)",4.762
NORMAL,강릉,"안목해변·해안 산책로 일대",HIT,AREA,CAFE,"안목해변","강릉카페 체크이스트","강원특별자치도 강릉시 강변북길 153 체크이스트",3.179
NORMAL,강릉,"안목해변·해안 산책로 일대",HIT,AREA,CAFE,"안목해변","보사노바 커피로스터스 강릉점","강원특별자치도 강릉시 창해로14번길 28",0.043
NORMAL,강릉,"안목해변·해안 산책로 일대",HIT,AREA,CAFE,"안목해변","순두부젤라또 2호점","강원특별자치도 강릉시 경강로 2642 1~4층",0.143
NORMAL,강릉,"안목해변·해안 산책로 일대",HIT,AREA,CAFE,"안목해변","에이엠브레드앤커피","강원특별자치도 강릉시 창해로14번길 24",0.068
NORMAL,강릉,"안목해변·해안 산책로 일대",HIT,ANCHOR,CAFE,"안목해변","강릉카페 체크이스트","강원특별자치도 강릉시 강변북길 153 체크이스트",3.179
NORMAL,강릉,"안목해변·해안 산책로 일대",HIT,ANCHOR,CAFE,"안목해변","보사노바 커피로스터스 강릉점","강원특별자치도 강릉시 창해로14번길 28",0.043
NORMAL,강릉,"안목해변·해안 산책로 일대",HIT,ANCHOR,CAFE,"안목해변","순두부젤라또 2호점","강원특별자치도 강릉시 경강로 2642 1~4층",0.143
NORMAL,강릉,"안목해변·해안 산책로 일대",HIT,ANCHOR,CAFE,"안목해변","에이엠브레드앤커피","강원특별자치도 강릉시 창해로14번길 24",0.068
NORMAL,강릉,"안목해변·해안 산책로 일대",HIT,LOCATION,CAFE,"강릉","카페 이진리","강원특별자치도 강릉시 임영로 234 이진리",5.027
NORMAL,강릉,"안목해변·해안 산책로 일대",HIT,LOCATION,CAFE,"강릉","테라로사 커피공장 강릉본점","강원특별자치도 강릉시 구정면 현천길 7",9.747
NORMAL,강릉,"안목해변·해안 산책로 일대",HIT,LOCATION,CAFE,"강릉","강릉카페 체크이스트","강원특별자치도 강릉시 강변북길 153 체크이스트",3.179
NORMAL,강릉,"안목해변·해안 산책로 일대",HIT,LOCATION,CAFE,"강릉","곳","강원특별자치도 강릉시 사천면 진리해변길 143",10.329
NORMAL,강릉,"안목해변·해안 산책로 일대",HIT,LOCATION,CAFE,"강릉","346커피스토리","강원특별자치도 강릉시 창해로 348 나동1-3층 346커피스토리",3.553
NORMAL,강릉,"안목해변·해안 산책로 일대",HIT,AREA,SHOPPING,"안목해변","이마트 강릉점","강원특별자치도 강릉시 경강로 2398-10",2.260
NORMAL,강릉,"안목해변·해안 산책로 일대",HIT,AREA,SHOPPING,"안목해변","강원양돈농협하나로마트 송정점","강원특별자치도 강릉시 하평길 29",3.217
NORMAL,강릉,"안목해변·해안 산책로 일대",HIT,AREA,SHOPPING,"안목해변","GS더프레시 강릉포남점","강원특별자치도 강릉시 하평길 31",3.178
NORMAL,강릉,"안목해변·해안 산책로 일대",HIT,AREA,SHOPPING,"안목해변","하나로마트 강릉원예농협 초당지점","강원특별자치도 강릉시 산양큰길 29",2.941
NORMAL,강릉,"안목해변·해안 산책로 일대",HIT,ANCHOR,SHOPPING,"안목해변","이마트 강릉점","강원특별자치도 강릉시 경강로 2398-10",2.260
NORMAL,강릉,"안목해변·해안 산책로 일대",HIT,ANCHOR,SHOPPING,"안목해변","강원양돈농협하나로마트 송정점","강원특별자치도 강릉시 하평길 29",3.217
NORMAL,강릉,"안목해변·해안 산책로 일대",HIT,ANCHOR,SHOPPING,"안목해변","GS더프레시 강릉포남점","강원특별자치도 강릉시 하평길 31",3.178
NORMAL,강릉,"안목해변·해안 산책로 일대",HIT,ANCHOR,SHOPPING,"안목해변","하나로마트 강릉원예농협 초당지점","강원특별자치도 강릉시 산양큰길 29",2.941
NORMAL,강릉,"안목해변·해안 산책로 일대",HIT,LOCATION,SHOPPING,"강릉","이마트 강릉점","강원특별자치도 강릉시 경강로 2398-10",2.260
NORMAL,강릉,"안목해변·해안 산책로 일대",HIT,LOCATION,SHOPPING,"강릉","홈플러스 강릉점","강원특별자치도 강릉시 경강로 2120 씨네몰",4.727
NORMAL,강릉,"안목해변·해안 산책로 일대",HIT,LOCATION,SHOPPING,"강릉","강릉식자재마트","강원특별자치도 강릉시 정원로 68",6.567
NORMAL,강릉,"안목해변·해안 산책로 일대",HIT,LOCATION,SHOPPING,"강릉","강릉축산농협 하나로마트 내곡점","강원특별자치도 강릉시 범일로 604",6.853
NORMAL,강릉,"안목해변·해안 산책로 일대",HIT,LOCATION,SHOPPING,"강릉","하나로마트 강원양돈농협 본점","강원특별자치도 강릉시 솔올로 9",6.325
NORMAL,강릉,"안목해변·해안 산책로 일대",HIT,AREA,ATTRACTION,"안목해변","안목해변","강원특별자치도 강릉시 창해로14번길 20-1",0.055
NORMAL,강릉,"안목해변·해안 산책로 일대",HIT,AREA,ATTRACTION,"안목해변","강릉커피거리","강원특별자치도 강릉시 창해로14번길 20-1",0.031
NORMAL,강릉,"안목해변·해안 산책로 일대",HIT,AREA,ATTRACTION,"안목해변","아라나비 바다하늘자전거","강원특별자치도 강릉시 공항길127번길 35-7",0.691
NORMAL,강릉,"안목해변·해안 산책로 일대",HIT,AREA,ATTRACTION,"안목해변","남항진해변","강원특별자치도 강릉시 남항진동",1.040
NORMAL,강릉,"안목해변·해안 산책로 일대",HIT,AREA,ATTRACTION,"안목해변","환희컵박물관","강원특별자치도 강릉시 해안로 10 Fantapia M",0.508
NORMAL,강릉,"안목해변·해안 산책로 일대",HIT,ANCHOR,ATTRACTION,"안목해변","안목해변","강원특별자치도 강릉시 창해로14번길 20-1",0.055
NORMAL,강릉,"안목해변·해안 산책로 일대",HIT,ANCHOR,ATTRACTION,"안목해변","강릉커피거리","강원특별자치도 강릉시 창해로14번길 20-1",0.031
NORMAL,강릉,"안목해변·해안 산책로 일대",HIT,ANCHOR,ATTRACTION,"안목해변","아라나비 바다하늘자전거","강원특별자치도 강릉시 공항길127번길 35-7",0.691
NORMAL,강릉,"안목해변·해안 산책로 일대",HIT,ANCHOR,ATTRACTION,"안목해변","남항진해변","강원특별자치도 강릉시 남항진동",1.040
NORMAL,강릉,"안목해변·해안 산책로 일대",HIT,ANCHOR,ATTRACTION,"안목해변","환희컵박물관","강원특별자치도 강릉시 해안로 10 Fantapia M",0.508
NORMAL,강릉,"안목해변·해안 산책로 일대",HIT,LOCATION,ATTRACTION,"강릉","하슬라아트월드","강원특별자치도 강릉시 강동면 율곡로 1441",9.090
NORMAL,강릉,"안목해변·해안 산책로 일대",HIT,LOCATION,ATTRACTION,"강릉","경포해변","강원특별자치도 강릉시 강문동 산1 -1,",5.104
NORMAL,강릉,"안목해변·해안 산책로 일대",HIT,LOCATION,ATTRACTION,"강릉","안목해변","강원특별자치도 강릉시 창해로14번길 20-1",0.055
NORMAL,강릉,"안목해변·해안 산책로 일대",HIT,LOCATION,ATTRACTION,"강릉","오죽헌","강원특별자치도 강릉시 율곡로3139번길 24 오죽헌",6.266
NORMAL,경주,"교촌·월정교 일대",HIT,AREA,MEAL,"교촌","교촌치킨 종로1호점","서울특별시 종로구 종로12길 15 코아빌딩 1층",299.546
NORMAL,경주,"교촌·월정교 일대",HIT,AREA,MEAL,"교촌","교촌치킨 서울시청점","서울특별시 중구 세종대로18길 6 1층",299.719
NORMAL,경주,"교촌·월정교 일대",HIT,AREA,MEAL,"교촌","교촌치킨 당산점","서울특별시 영등포구 영중로 119 리마크빌 B동 108호",301.983
NORMAL,경주,"교촌·월정교 일대",HIT,AREA,MEAL,"교촌","교촌치킨 정자점","경기도 성남시 분당구 성남대로 349 시그마타워 1층",276.870
NORMAL,경주,"교촌·월정교 일대",HIT,AREA,MEAL,"교촌","교촌치킨 삼산점","인천광역시 부평구 충선로311번길 25-23 1층 교촌치킨 삼산점",313.054
NORMAL,경주,"교촌·월정교 일대",HIT,ANCHOR,MEAL,"월정교","백조식당","경상북도 경주시 첨성로81번길 31 2층 백조식당",26.370
NORMAL,경주,"교촌·월정교 일대",HIT,ANCHOR,MEAL,"월정교","교촌삼백년집 경주본점","경상북도 경주시 교촌길 39-19 교촌삼백년집 경주본점",25.789
NORMAL,경주,"교촌·월정교 일대",HIT,ANCHOR,MEAL,"월정교","월정면공방","경상북도 경주시 천원1길 2 1층",25.993
NORMAL,경주,"교촌·월정교 일대",HIT,LOCATION,MEAL,"경주","포석로 소갈비찜","경상북도 경주시 포석로1068번길 22",26.278
NORMAL,경주,"교촌·월정교 일대",HIT,LOCATION,MEAL,"경주","큰기와 황리단길 본점","경상북도 경주시 첨성로49번길 22 1층",26.597
NORMAL,경주,"교촌·월정교 일대",HIT,LOCATION,MEAL,"경주","우마왕 경주본점","경상북도 경주시 숲머리길 168",22.827
NORMAL,경주,"교촌·월정교 일대",HIT,LOCATION,MEAL,"경주","청온채","경상북도 경주시 포석로1079번길 8-5 청온채",26.591
NORMAL,경주,"교촌·월정교 일대",HIT,AREA,CAFE,"교촌","교촌가람","경상북도 경주시 교촌길 39-11 교촌가람",25.795
NORMAL,경주,"교촌·월정교 일대",HIT,AREA,CAFE,"교촌","교촌가람","경상북도 경주시 교촌길 39-11 교촌한옥마을 교촌가람",25.795
NORMAL,경주,"교촌·월정교 일대",HIT,AREA,CAFE,"교촌","다연","경상북도 경주시 교촌안길 5",25.823
NORMAL,경주,"교촌·월정교 일대",HIT,AREA,CAFE,"교촌","이상복명과 경주빵 찰보리빵 교촌점","경상북도 경주시 교촌길 2",26.011
NORMAL,경주,"교촌·월정교 일대",HIT,AREA,CAFE,"교촌","빽다방 대전교촌점","대전광역시 유성구 진잠로149번길 31 지상1층 104호",204.322
NORMAL,경주,"교촌·월정교 일대",HIT,ANCHOR,CAFE,"월정교","이스트 1779","경상북도 경주시 교촌안길 21",25.679
NORMAL,경주,"교촌·월정교 일대",HIT,ANCHOR,CAFE,"월정교","다연","경상북도 경주시 교촌안길 5",25.823
NORMAL,경주,"교촌·월정교 일대",HIT,ANCHOR,CAFE,"월정교","이상복명과 경주빵 찰보리빵 월정교점","경상북도 경주시 일정로 2",26.129
NORMAL,경주,"교촌·월정교 일대",HIT,LOCATION,CAFE,"경주","이치니산도","경상북도 경주시 사정로 58",26.514
NORMAL,경주,"교촌·월정교 일대",HIT,LOCATION,CAFE,"경주","황남빵","경상북도 경주시 태종로 783",26.264
NORMAL,경주,"교촌·월정교 일대",HIT,LOCATION,CAFE,"경주","카페 아래헌","경상북도 경주시 보불로 181 카페아래헌",16.509
NORMAL,경주,"교촌·월정교 일대",HIT,LOCATION,CAFE,"경주","두낫디스터브 경주본점","경상북도 경주시 첨성로 71-1 두낫디스터브 경주",26.354
NORMAL,경주,"교촌·월정교 일대",HIT,LOCATION,CAFE,"경주","후프후프","경상북도 경주시 태종로 736 후프후프",26.647
NORMAL,경주,"교촌·월정교 일대",HIT,AREA,SHOPPING,"교촌","큐마트","대전광역시 유성구 진잠로149번길 29",204.296
NORMAL,경주,"교촌·월정교 일대",HIT,AREA,SHOPPING,"교촌","큐마트정육","대전광역시 유성구 진잠로149번길 29",204.304
NORMAL,경주,"교촌·월정교 일대",HIT,AREA,SHOPPING,"교촌","오토블링 오일하우스 대전점","대전광역시 유성구 진잠로141번길 24 오토블링 오일하우스 대전점",204.357
NORMAL,경주,"교촌·월정교 일대",HIT,AREA,SHOPPING,"교촌","돈담음 정육점","대전광역시 유성구 진잠로149번길 30 상가동 106호",204.279
NORMAL,경주,"교촌·월정교 일대",HIT,AREA,SHOPPING,"교촌","개밥파는고양이 원내점","대전광역시 유성구 원내로 23 1층",204.079
NORMAL,경주,"교촌·월정교 일대",HIT,LOCATION,SHOPPING,"경주","홈플러스 메가푸드마켓 경주점","경상북도 경주시 공단로 97 홈플러스",26.528
NORMAL,경주,"교촌·월정교 일대",HIT,LOCATION,SHOPPING,"경주","우리마트 경주점","경상북도 경주시 광중길 6 1층 경주우리마트",26.737
NORMAL,경주,"교촌·월정교 일대",HIT,LOCATION,SHOPPING,"경주","하나로마트 경주농협 본점","경상북도 경주시 태종로 717 경주농협하나로마트",26.858
NORMAL,경주,"교촌·월정교 일대",HIT,LOCATION,SHOPPING,"경주","탑마트동부점","경상북도 경주시 중앙로 60",26.548
NORMAL,경주,"교촌·월정교 일대",HIT,LOCATION,SHOPPING,"경주","불국사농협하나로마트본점","경상북도 경주시 산업로 3019",17.597
NORMAL,경주,"교촌·월정교 일대",HIT,AREA,ATTRACTION,"교촌","영천전투메모리얼파크전망타워","경상북도 영천시 교촌동 11-21",55.535
NORMAL,경주,"교촌·월정교 일대",HIT,AREA,ATTRACTION,"교촌","영천향교","경상북도 영천시 교촌길 34",55.285
NORMAL,경주,"교촌·월정교 일대",HIT,ANCHOR,ATTRACTION,"월정교","월정교","경상북도 경주시 교동 274",25.624
NORMAL,경주,"교촌·월정교 일대",HIT,LOCATION,ATTRACTION,"경주","불국사","경상북도 경주시 불국로 385 불국사",14.709
NORMAL,경주,"교촌·월정교 일대",HIT,LOCATION,ATTRACTION,"경주","동궁과 월지","경상북도 경주시 원화로 102 안압지",24.962
NORMAL,경주,"교촌·월정교 일대",HIT,LOCATION,ATTRACTION,"경주","키덜트뮤지엄","경상북도 경주시 보문로 132-16 콜로세움 1층/3층",22.028
NORMAL,경주,"교촌마을·월정교 일대",HIT,AREA,MEAL,"교촌마을","포석로 소갈비찜","경상북도 경주시 포석로1068번길 22",26.278
NORMAL,경주,"교촌마을·월정교 일대",HIT,AREA,MEAL,"교촌마을","큰기와 황리단길 본점","경상북도 경주시 첨성로49번길 22 1층",26.597
NORMAL,경주,"교촌마을·월정교 일대",HIT,AREA,MEAL,"교촌마을","청온채","경상북도 경주시 포석로1079번길 8-5 청온채",26.591
NORMAL,경주,"교촌마을·월정교 일대",HIT,ANCHOR,MEAL,"월정교","백조식당","경상북도 경주시 첨성로81번길 31 2층 백조식당",26.370
NORMAL,경주,"교촌마을·월정교 일대",HIT,ANCHOR,MEAL,"월정교","교촌삼백년집 경주본점","경상북도 경주시 교촌길 39-19 교촌삼백년집 경주본점",25.789
NORMAL,경주,"교촌마을·월정교 일대",HIT,ANCHOR,MEAL,"월정교","월정면공방","경상북도 경주시 천원1길 2 1층",25.993
NORMAL,경주,"교촌마을·월정교 일대",HIT,LOCATION,MEAL,"경주","포석로 소갈비찜","경상북도 경주시 포석로1068번길 22",26.278
NORMAL,경주,"교촌마을·월정교 일대",HIT,LOCATION,MEAL,"경주","큰기와 황리단길 본점","경상북도 경주시 첨성로49번길 22 1층",26.597
NORMAL,경주,"교촌마을·월정교 일대",HIT,LOCATION,MEAL,"경주","우마왕 경주본점","경상북도 경주시 숲머리길 168",22.827
NORMAL,경주,"교촌마을·월정교 일대",HIT,LOCATION,MEAL,"경주","청온채","경상북도 경주시 포석로1079번길 8-5 청온채",26.591
NORMAL,경주,"교촌마을·월정교 일대",HIT,AREA,CAFE,"교촌마을","이치니산도","경상북도 경주시 사정로 58",26.514
NORMAL,경주,"교촌마을·월정교 일대",HIT,AREA,CAFE,"교촌마을","황남빵","경상북도 경주시 태종로 783",26.264
NORMAL,경주,"교촌마을·월정교 일대",HIT,AREA,CAFE,"교촌마을","두낫디스터브 경주본점","경상북도 경주시 첨성로 71-1 두낫디스터브 경주",26.354
NORMAL,경주,"교촌마을·월정교 일대",HIT,AREA,CAFE,"교촌마을","후프후프","경상북도 경주시 태종로 736 후프후프",26.647
NORMAL,경주,"교촌마을·월정교 일대",HIT,AREA,CAFE,"교촌마을","훌림목","경상북도 경주시 포석로 1061-9",26.505
NORMAL,경주,"교촌마을·월정교 일대",HIT,ANCHOR,CAFE,"월정교","이스트 1779","경상북도 경주시 교촌안길 21",25.679
NORMAL,경주,"교촌마을·월정교 일대",HIT,ANCHOR,CAFE,"월정교","다연","경상북도 경주시 교촌안길 5",25.823
NORMAL,경주,"교촌마을·월정교 일대",HIT,ANCHOR,CAFE,"월정교","이상복명과 경주빵 찰보리빵 월정교점","경상북도 경주시 일정로 2",26.129
NORMAL,경주,"교촌마을·월정교 일대",HIT,LOCATION,CAFE,"경주","이치니산도","경상북도 경주시 사정로 58",26.514
NORMAL,경주,"교촌마을·월정교 일대",HIT,LOCATION,CAFE,"경주","황남빵","경상북도 경주시 태종로 783",26.264
NORMAL,경주,"교촌마을·월정교 일대",HIT,LOCATION,CAFE,"경주","카페 아래헌","경상북도 경주시 보불로 181 카페아래헌",16.509
NORMAL,경주,"교촌마을·월정교 일대",HIT,LOCATION,CAFE,"경주","두낫디스터브 경주본점","경상북도 경주시 첨성로 71-1 두낫디스터브 경주",26.354
NORMAL,경주,"교촌마을·월정교 일대",HIT,LOCATION,CAFE,"경주","후프후프","경상북도 경주시 태종로 736 후프후프",26.647
NORMAL,경주,"교촌마을·월정교 일대",HIT,AREA,SHOPPING,"교촌마을","하나로마트 경주농협 본점","경상북도 경주시 태종로 717 경주농협하나로마트",26.858
NORMAL,경주,"교촌마을·월정교 일대",HIT,AREA,SHOPPING,"교촌마을","미피스토어","경상북도 경주시 포석로 1046",26.431
NORMAL,경주,"교촌마을·월정교 일대",HIT,AREA,SHOPPING,"교촌마을","무궁미가","경상북도 경주시 포석로1095번길 6 초록색 창문",26.583
NORMAL,경주,"교촌마을·월정교 일대",HIT,AREA,SHOPPING,"교촌마을","향미사","경상북도 경주시 태종로 734 향미사",26.670
NORMAL,경주,"교촌마을·월정교 일대",HIT,LOCATION,SHOPPING,"경주","홈플러스 메가푸드마켓 경주점","경상북도 경주시 공단로 97 홈플러스",26.528
NORMAL,경주,"교촌마을·월정교 일대",HIT,LOCATION,SHOPPING,"경주","우리마트 경주점","경상북도 경주시 광중길 6 1층 경주우리마트",26.737
NORMAL,경주,"교촌마을·월정교 일대",HIT,LOCATION,SHOPPING,"경주","하나로마트 경주농협 본점","경상북도 경주시 태종로 717 경주농협하나로마트",26.858
NORMAL,경주,"교촌마을·월정교 일대",HIT,LOCATION,SHOPPING,"경주","탑마트동부점","경상북도 경주시 중앙로 60",26.548
NORMAL,경주,"교촌마을·월정교 일대",HIT,LOCATION,SHOPPING,"경주","불국사농협하나로마트본점","경상북도 경주시 산업로 3019",17.597
NORMAL,경주,"교촌마을·월정교 일대",HIT,ANCHOR,ATTRACTION,"월정교","월정교","경상북도 경주시 교동 274",25.624
NORMAL,경주,"교촌마을·월정교 일대",HIT,LOCATION,ATTRACTION,"경주","불국사","경상북도 경주시 불국로 385 불국사",14.709
NORMAL,경주,"교촌마을·월정교 일대",HIT,LOCATION,ATTRACTION,"경주","동궁과 월지","경상북도 경주시 원화로 102 안압지",24.962
NORMAL,경주,"교촌마을·월정교 일대",HIT,LOCATION,ATTRACTION,"경주","키덜트뮤지엄","경상북도 경주시 보문로 132-16 콜로세움 1층/3층",22.028
NORMAL,경주,"보문호·보문관광단지 일대",HIT,AREA,MEAL,"보문호","맷돌순두부","경상북도 경주시 북군길 7 맷돌순두부",1.533
NORMAL,경주,"보문호·보문관광단지 일대",HIT,AREA,MEAL,"보문호","올바릇식당 경주점","경상북도 경주시 보문로 368-5 1층 올바릇식당 경주점",0.379
NORMAL,경주,"보문호·보문관광단지 일대",HIT,AREA,MEAL,"보문호","조돌칼국수 경주본점","경상북도 경주시 북군길 3-6 조돌칼국수",1.593
NORMAL,경주,"보문호·보문관광단지 일대",HIT,AREA,MEAL,"보문호","낙지마실","경상북도 경주시 북군길 9",1.527
NORMAL,경주,"보문호·보문관광단지 일대",HIT,ANCHOR,MEAL,"보문호","맷돌순두부","경상북도 경주시 북군길 7 맷돌순두부",1.533
NORMAL,경주,"보문호·보문관광단지 일대",HIT,ANCHOR,MEAL,"보문호","올바릇식당 경주점","경상북도 경주시 보문로 368-5 1층 올바릇식당 경주점",0.379
NORMAL,경주,"보문호·보문관광단지 일대",HIT,ANCHOR,MEAL,"보문호","조돌칼국수 경주본점","경상북도 경주시 북군길 3-6 조돌칼국수",1.593
NORMAL,경주,"보문호·보문관광단지 일대",HIT,ANCHOR,MEAL,"보문호","낙지마실","경상북도 경주시 북군길 9",1.527
NORMAL,경주,"보문호·보문관광단지 일대",HIT,LOCATION,MEAL,"경주","포석로 소갈비찜","경상북도 경주시 포석로1068번길 22",6.001
NORMAL,경주,"보문호·보문관광단지 일대",HIT,LOCATION,MEAL,"경주","큰기와 황리단길 본점","경상북도 경주시 첨성로49번길 22 1층",6.367
NORMAL,경주,"보문호·보문관광단지 일대",HIT,LOCATION,MEAL,"경주","우마왕 경주본점","경상북도 경주시 숲머리길 168",2.108
NORMAL,경주,"보문호·보문관광단지 일대",HIT,LOCATION,MEAL,"경주","청온채","경상북도 경주시 포석로1079번길 8-5 청온채",6.245
NORMAL,경주,"보문호·보문관광단지 일대",HIT,AREA,CAFE,"보문호","아덴","경상북도 경주시 한국관광1번로 34 아덴카페",0.572
NORMAL,경주,"보문호·보문관광단지 일대",HIT,AREA,CAFE,"보문호","엘로우","경상북도 경주시 경감로 375-16",0.509
NORMAL,경주,"보문호·보문관광단지 일대",HIT,AREA,CAFE,"보문호","스타벅스 경주보문호수DT점","경상북도 경주시 보문로 132-6 (북군동)",1.248
NORMAL,경주,"보문호·보문관광단지 일대",HIT,AREA,CAFE,"보문호","스타벅스 경주보문로DT점","경상북도 경주시 보문로 510-6 외 1번지(신평동 719-220) (천군동)",1.000
NORMAL,경주,"보문호·보문관광단지 일대",HIT,ANCHOR,CAFE,"보문호","아덴","경상북도 경주시 한국관광1번로 34 아덴카페",0.572
NORMAL,경주,"보문호·보문관광단지 일대",HIT,ANCHOR,CAFE,"보문호","엘로우","경상북도 경주시 경감로 375-16",0.509
NORMAL,경주,"보문호·보문관광단지 일대",HIT,ANCHOR,CAFE,"보문호","스타벅스 경주보문호수DT점","경상북도 경주시 보문로 132-6 (북군동)",1.248
NORMAL,경주,"보문호·보문관광단지 일대",HIT,ANCHOR,CAFE,"보문호","스타벅스 경주보문로DT점","경상북도 경주시 보문로 510-6 외 1번지(신평동 719-220) (천군동)",1.000
NORMAL,경주,"보문호·보문관광단지 일대",HIT,LOCATION,CAFE,"경주","이치니산도","경상북도 경주시 사정로 58",6.220
NORMAL,경주,"보문호·보문관광단지 일대",HIT,LOCATION,CAFE,"경주","황남빵","경상북도 경주시 태종로 783",5.775
NORMAL,경주,"보문호·보문관광단지 일대",HIT,LOCATION,CAFE,"경주","카페 아래헌","경상북도 경주시 보불로 181 카페아래헌",5.909
NORMAL,경주,"보문호·보문관광단지 일대",HIT,LOCATION,CAFE,"경주","두낫디스터브 경주본점","경상북도 경주시 첨성로 71-1 두낫디스터브 경주",6.206
NORMAL,경주,"보문호·보문관광단지 일대",HIT,LOCATION,CAFE,"경주","후프후프","경상북도 경주시 태종로 736 후프후프",6.239
NORMAL,경주,"보문호·보문관광단지 일대",HIT,AREA,SHOPPING,"보문호","롯데슈퍼 경주보문가맹점","경상북도 경주시 보문로 529",1.104
NORMAL,경주,"보문호·보문관광단지 일대",HIT,AREA,SHOPPING,"보문호","천년마트","경상북도 경주시 보문로 368 천년마트",0.433
NORMAL,경주,"보문호·보문관광단지 일대",HIT,ANCHOR,SHOPPING,"보문호","롯데슈퍼 경주보문가맹점","경상북도 경주시 보문로 529",1.104
NORMAL,경주,"보문호·보문관광단지 일대",HIT,ANCHOR,SHOPPING,"보문호","천년마트","경상북도 경주시 보문로 368 천년마트",0.433
NORMAL,경주,"보문호·보문관광단지 일대",HIT,LOCATION,SHOPPING,"경주","홈플러스 메가푸드마켓 경주점","경상북도 경주시 공단로 97 홈플러스",5.729
NORMAL,경주,"보문호·보문관광단지 일대",HIT,LOCATION,SHOPPING,"경주","우리마트 경주점","경상북도 경주시 광중길 6 1층 경주우리마트",6.064
NORMAL,경주,"보문호·보문관광단지 일대",HIT,LOCATION,SHOPPING,"경주","하나로마트 경주농협 본점","경상북도 경주시 태종로 717 경주농협하나로마트",6.446
NORMAL,경주,"보문호·보문관광단지 일대",HIT,LOCATION,SHOPPING,"경주","탑마트동부점","경상북도 경주시 중앙로 60",5.914
NORMAL,경주,"보문호·보문관광단지 일대",HIT,LOCATION,SHOPPING,"경주","불국사농협하나로마트본점","경상북도 경주시 산업로 3019",7.947
NORMAL,경주,"보문호·보문관광단지 일대",HIT,AREA,ATTRACTION,"보문호","키덜트뮤지엄","경상북도 경주시 보문로 132-16 콜로세움 1층/3층",1.221
NORMAL,경주,"보문호·보문관광단지 일대",HIT,ANCHOR,ATTRACTION,"보문호","키덜트뮤지엄","경상북도 경주시 보문로 132-16 콜로세움 1층/3층",1.221
NORMAL,경주,"보문호·보문관광단지 일대",HIT,LOCATION,ATTRACTION,"경주","불국사","경상북도 경주시 불국로 385 불국사",7.769
NORMAL,경주,"보문호·보문관광단지 일대",HIT,LOCATION,ATTRACTION,"경주","동궁과 월지","경상북도 경주시 원화로 102 안압지",4.722
NORMAL,경주,"보문호·보문관광단지 일대",HIT,LOCATION,ATTRACTION,"경주","키덜트뮤지엄","경상북도 경주시 보문로 132-16 콜로세움 1층/3층",1.221
NORMAL,경주,"황리단길·대릉원 일대",HIT,AREA,MEAL,"황리단길","포석로 소갈비찜","경상북도 경주시 포석로1068번길 22",0.351
NORMAL,경주,"황리단길·대릉원 일대",HIT,AREA,MEAL,"황리단길","큰기와 황리단길 본점","경상북도 경주시 첨성로49번길 22 1층",0.647
NORMAL,경주,"황리단길·대릉원 일대",HIT,AREA,MEAL,"황리단길","청온채","경상북도 경주시 포석로1079번길 8-5 청온채",0.685
NORMAL,경주,"황리단길·대릉원 일대",HIT,AREA,MEAL,"황리단길","료코","경상북도 경주시 첨성로99번길 24 료코",0.245
NORMAL,경주,"황리단길·대릉원 일대",HIT,ANCHOR,MEAL,"대릉원","경주황소곱창 황리단길본점","경상북도 경주시 손효자길 7-6 1층",0.526
NORMAL,경주,"황리단길·대릉원 일대",HIT,ANCHOR,MEAL,"대릉원","도화당","경상북도 경주시 쪽샘길 11 1층",0.362
NORMAL,경주,"황리단길·대릉원 일대",HIT,ANCHOR,MEAL,"대릉원","쿠우동","경상북도 경주시 포석로1068번길 15-4",0.410
NORMAL,경주,"황리단길·대릉원 일대",HIT,ANCHOR,MEAL,"대릉원","대화만두 황리단점","경상북도 경주시 포석로 1093 대화만두 황리단점",0.705
NORMAL,경주,"황리단길·대릉원 일대",HIT,LOCATION,MEAL,"경주","포석로 소갈비찜","경상북도 경주시 포석로1068번길 22",0.351
NORMAL,경주,"황리단길·대릉원 일대",HIT,LOCATION,MEAL,"경주","큰기와 황리단길 본점","경상북도 경주시 첨성로49번길 22 1층",0.647
NORMAL,경주,"황리단길·대릉원 일대",HIT,LOCATION,MEAL,"경주","우마왕 경주본점","경상북도 경주시 숲머리길 168",3.673
NORMAL,경주,"황리단길·대릉원 일대",HIT,LOCATION,MEAL,"경주","청온채","경상북도 경주시 포석로1079번길 8-5 청온채",0.685
NORMAL,경주,"황리단길·대릉원 일대",HIT,AREA,CAFE,"황리단길","이치니산도","경상북도 경주시 사정로 58",0.576
NORMAL,경주,"황리단길·대릉원 일대",HIT,AREA,CAFE,"황리단길","두낫디스터브 경주본점","경상북도 경주시 첨성로 71-1 두낫디스터브 경주",0.446
NORMAL,경주,"황리단길·대릉원 일대",HIT,AREA,CAFE,"황리단길","후프후프","경상북도 경주시 태종로 736 후프후프",0.804
NORMAL,경주,"황리단길·대릉원 일대",HIT,AREA,CAFE,"황리단길","훌림목","경상북도 경주시 포석로 1061-9",0.557
NORMAL,경주,"황리단길·대릉원 일대",HIT,AREA,CAFE,"황리단길","올리브","경상북도 경주시 사정로57번길 7-6",0.650
NORMAL,경주,"황리단길·대릉원 일대",HIT,ANCHOR,CAFE,"대릉원","스타벅스 경주대릉원점","경상북도 경주시 첨성로 125 (황남동)",0.014
NORMAL,경주,"황리단길·대릉원 일대",HIT,ANCHOR,CAFE,"대릉원","경주십원빵","경상북도 경주시 포석로1092번길 70 1층 경주십원빵",0.104
NORMAL,경주,"황리단길·대릉원 일대",HIT,ANCHOR,CAFE,"대릉원","설월당","경상북도 경주시 첨성로81번길 22-13 설월당",0.251
NORMAL,경주,"황리단길·대릉원 일대",HIT,ANCHOR,CAFE,"대릉원","슬랩트","경상북도 경주시 계림로 64 슬랩트",0.653
NORMAL,경주,"황리단길·대릉원 일대",HIT,ANCHOR,CAFE,"대릉원","빽다방 경주대릉원점","경상북도 경주시 포석로1092번길 72 빽다방 대릉원점",0.082
NORMAL,경주,"황리단길·대릉원 일대",HIT,LOCATION,CAFE,"경주","이치니산도","경상북도 경주시 사정로 58",0.576
NORMAL,경주,"황리단길·대릉원 일대",HIT,LOCATION,CAFE,"경주","황남빵","경상북도 경주시 태종로 783",0.770
NORMAL,경주,"황리단길·대릉원 일대",HIT,LOCATION,CAFE,"경주","카페 아래헌","경상북도 경주시 보불로 181 카페아래헌",9.634
NORMAL,경주,"황리단길·대릉원 일대",HIT,LOCATION,CAFE,"경주","두낫디스터브 경주본점","경상북도 경주시 첨성로 71-1 두낫디스터브 경주",0.446
NORMAL,경주,"황리단길·대릉원 일대",HIT,LOCATION,CAFE,"경주","후프후프","경상북도 경주시 태종로 736 후프후프",0.804
NORMAL,경주,"황리단길·대릉원 일대",HIT,AREA,SHOPPING,"황리단길","미피스토어","경상북도 경주시 포석로 1046",0.487
NORMAL,경주,"황리단길·대릉원 일대",HIT,AREA,SHOPPING,"황리단길","무궁미가","경상북도 경주시 포석로1095번길 6 초록색 창문",0.739
NORMAL,경주,"황리단길·대릉원 일대",HIT,AREA,SHOPPING,"황리단길","향미사","경상북도 경주시 태종로 734 향미사",0.820
NORMAL,경주,"황리단길·대릉원 일대",HIT,AREA,SHOPPING,"황리단길","오홀리데이","경상북도 경주시 포석로 1061",0.539
NORMAL,경주,"황리단길·대릉원 일대",HIT,AREA,SHOPPING,"황리단길","레이지선데이보틀","경상북도 경주시 손효자길 17 레이지선데이",0.567
NORMAL,경주,"황리단길·대릉원 일대",HIT,ANCHOR,SHOPPING,"대릉원","대릉원선물가게","경상북도 경주시 황남동 194-1",0.096
NORMAL,경주,"황리단길·대릉원 일대",HIT,ANCHOR,SHOPPING,"대릉원","대릉원 예술창고","경상북도 경주시 포석로1068번길 27-1",0.300
NORMAL,경주,"황리단길·대릉원 일대",HIT,LOCATION,SHOPPING,"경주","홈플러스 메가푸드마켓 경주점","경상북도 경주시 공단로 97 홈플러스",4.470
NORMAL,경주,"황리단길·대릉원 일대",HIT,LOCATION,SHOPPING,"경주","우리마트 경주점","경상북도 경주시 광중길 6 1층 경주우리마트",5.107
NORMAL,경주,"황리단길·대릉원 일대",HIT,LOCATION,SHOPPING,"경주","하나로마트 경주농협 본점","경상북도 경주시 태종로 717 경주농협하나로마트",0.983
NORMAL,경주,"황리단길·대릉원 일대",HIT,LOCATION,SHOPPING,"경주","탑마트동부점","경상북도 경주시 중앙로 60",1.283
NORMAL,경주,"황리단길·대릉원 일대",HIT,LOCATION,SHOPPING,"경주","불국사농협하나로마트본점","경상북도 경주시 산업로 3019",10.010
NORMAL,경주,"황리단길·대릉원 일대",HIT,AREA,ATTRACTION,"황리단길","경주대릉원","경상북도 경주시 황남동 31-1",0.514
NORMAL,경주,"황리단길·대릉원 일대",HIT,AREA,ATTRACTION,"황리단길","천마총","경상북도 경주시 황남동 262",0.645
NORMAL,경주,"황리단길·대릉원 일대",HIT,AREA,ATTRACTION,"황리단길","경주 황남리 고분군","경상북도 경주시 황남동",0.675
NORMAL,경주,"황리단길·대릉원 일대",HIT,AREA,ATTRACTION,"황리단길","경주역사유적지구대릉원지구","경상북도 경주시 황남동 53",0.618
NORMAL,경주,"황리단길·대릉원 일대",HIT,AREA,ATTRACTION,"황리단길","황남대총","경상북도 경주시 황남동",0.583
NORMAL,경주,"황리단길·대릉원 일대",HIT,ANCHOR,ATTRACTION,"대릉원","경주대릉원","경상북도 경주시 황남동 31-1",0.514
NORMAL,경주,"황리단길·대릉원 일대",HIT,ANCHOR,ATTRACTION,"대릉원","대릉원돌담길","경상북도 경주시 황남동 493-26",0.456
NORMAL,경주,"황리단길·대릉원 일대",HIT,ANCHOR,ATTRACTION,"대릉원","경주역사유적지구대릉원지구","경상북도 경주시 황남동 53",0.618
NORMAL,경주,"황리단길·대릉원 일대",HIT,ANCHOR,ATTRACTION,"대릉원","경주대릉원일원(노서리)","경상북도 경주시 노서동",0.960
NORMAL,경주,"황리단길·대릉원 일대",HIT,ANCHOR,ATTRACTION,"대릉원","경주대릉원일원(노동리)","경상북도 경주시 노동동",0.837
NORMAL,경주,"황리단길·대릉원 일대",HIT,LOCATION,ATTRACTION,"경주","불국사","경상북도 경주시 불국로 385 불국사",11.604
NORMAL,경주,"황리단길·대릉원 일대",HIT,LOCATION,ATTRACTION,"경주","동궁과 월지","경상북도 경주시 원화로 102 안압지",1.047
NORMAL,경주,"황리단길·대릉원 일대",HIT,LOCATION,ATTRACTION,"경주","키덜트뮤지엄","경상북도 경주시 보문로 132-16 콜로세움 1층/3층",5.210
NORMAL,공주,"공산성·금강변 일대",HIT,AREA,MEAL,"공산성","개성집 공주점","충청남도 공주시 미나리3길 6-5",0.341
NORMAL,공주,"공산성·금강변 일대",HIT,AREA,MEAL,"공산성","매향","충청남도 공주시 백미고을길 18",0.493
NORMAL,공주,"공산성·금강변 일대",HIT,AREA,MEAL,"공산성","명성불고기","충청남도 공주시 웅진로 200",0.577
NORMAL,공주,"공산성·금강변 일대",HIT,AREA,MEAL,"공산성","시장정육점식당","충청남도 공주시 백미고을길 10-5",0.466
NORMAL,공주,"공산성·금강변 일대",HIT,ANCHOR,MEAL,"공산성","개성집 공주점","충청남도 공주시 미나리3길 6-5",0.341
NORMAL,공주,"공산성·금강변 일대",HIT,ANCHOR,MEAL,"공산성","매향","충청남도 공주시 백미고을길 18",0.493
NORMAL,공주,"공산성·금강변 일대",HIT,ANCHOR,MEAL,"공산성","명성불고기","충청남도 공주시 웅진로 200",0.577
NORMAL,공주,"공산성·금강변 일대",HIT,ANCHOR,MEAL,"공산성","시장정육점식당","충청남도 공주시 백미고을길 10-5",0.466
NORMAL,공주,"공산성·금강변 일대",HIT,LOCATION,MEAL,"공주","정안알밤(하)휴게소","충청남도 공주시 정안면 논산천안고속도로 57 정안알밤(하)휴게소",12.028
NORMAL,공주,"공산성·금강변 일대",HIT,LOCATION,MEAL,"공주","공주쌍신집칼국수","충청남도 공주시 쌍신길 109-2 공주쌍신집칼국수",2.107
NORMAL,공주,"공산성·금강변 일대",HIT,LOCATION,MEAL,"공주","피탕김탕","충청남도 공주시 한적2길 47-5",2.050
NORMAL,공주,"공산성·금강변 일대",HIT,LOCATION,MEAL,"공주","열린매장2 정안알밤휴게소하행점","충청남도 공주시 정안면 논산천안고속도로 57",12.028
NORMAL,공주,"공산성·금강변 일대",HIT,AREA,CAFE,"공산성","베이커리 밤마을","충청남도 공주시 백미고을길 5-9 베이커리밤마을",0.339
NORMAL,공주,"공산성·금강변 일대",HIT,AREA,CAFE,"공산성","공다방","충청남도 공주시 백미고을길 5-3 1층",0.355
NORMAL,공주,"공산성·금강변 일대",HIT,AREA,CAFE,"공산성","메리봉봉 공산성점","충청남도 공주시 백미고을길 5-12 1층 메리봉봉 공산성점",0.365
NORMAL,공주,"공산성·금강변 일대",HIT,AREA,CAFE,"공산성","하루카페&amp;밤떡명가","충청남도 공주시 백미고을길 5-11 하루카페&밤떡명가",0.332
NORMAL,공주,"공산성·금강변 일대",HIT,AREA,CAFE,"공산성","베이커리인화당","충청남도 공주시 백미고을길 5-13",0.337
NORMAL,공주,"공산성·금강변 일대",HIT,ANCHOR,CAFE,"공산성","베이커리 밤마을","충청남도 공주시 백미고을길 5-9 베이커리밤마을",0.339
NORMAL,공주,"공산성·금강변 일대",HIT,ANCHOR,CAFE,"공산성","공다방","충청남도 공주시 백미고을길 5-3 1층",0.355
NORMAL,공주,"공산성·금강변 일대",HIT,ANCHOR,CAFE,"공산성","메리봉봉 공산성점","충청남도 공주시 백미고을길 5-12 1층 메리봉봉 공산성점",0.365
NORMAL,공주,"공산성·금강변 일대",HIT,ANCHOR,CAFE,"공산성","하루카페&amp;밤떡명가","충청남도 공주시 백미고을길 5-11 하루카페&밤떡명가",0.332
NORMAL,공주,"공산성·금강변 일대",HIT,ANCHOR,CAFE,"공산성","베이커리인화당","충청남도 공주시 백미고을길 5-13",0.337
NORMAL,공주,"공산성·금강변 일대",HIT,LOCATION,CAFE,"공주","베이커리 밤마을","충청남도 공주시 백미고을길 5-9 베이커리밤마을",0.339
NORMAL,공주,"공산성·금강변 일대",HIT,LOCATION,CAFE,"공주","공주밤빵 정안상휴게소","충청남도 공주시 정안면 논산천안고속도로 58",11.850
NORMAL,공주,"공산성·금강변 일대",HIT,LOCATION,CAFE,"공주","프린세스 피크닉 카페","충청남도 공주시 치미마을길 74 프린세스 피크닉카페",1.494
NORMAL,공주,"공산성·금강변 일대",HIT,LOCATION,CAFE,"공주","호도과자1 정안 하행휴게소","충청남도 공주시 정안면 논산천안고속도로 58",11.850
NORMAL,공주,"공산성·금강변 일대",HIT,LOCATION,CAFE,"공주","라루체","충청남도 공주시 반포면 계룡대로 1392",16.134
NORMAL,공주,"공산성·금강변 일대",HIT,AREA,SHOPPING,"공산성","다이소 공주점","충청남도 공주시 웅진로 185-1",0.715
NORMAL,공주,"공산성·금강변 일대",HIT,AREA,SHOPPING,"공산성","공주산성시장","충청남도 공주시 용당길 22 산성시장고객지원센터",0.674
NORMAL,공주,"공산성·금강변 일대",HIT,AREA,SHOPPING,"공산성","다비치안경 공주산성시장점","충청남도 공주시 웅진로 207 1층 다비치안경",0.493
NORMAL,공주,"공산성·금강변 일대",HIT,AREA,SHOPPING,"공산성","공주마트","충청남도 공주시 산성시장5길 50",0.453
NORMAL,공주,"공산성·금강변 일대",HIT,AREA,SHOPPING,"공산성","공주알밤센터","충청남도 공주시 미나리2길 7",0.329
NORMAL,공주,"공산성·금강변 일대",HIT,ANCHOR,SHOPPING,"공산성","다이소 공주점","충청남도 공주시 웅진로 185-1",0.715
NORMAL,공주,"공산성·금강변 일대",HIT,ANCHOR,SHOPPING,"공산성","공주산성시장","충청남도 공주시 용당길 22 산성시장고객지원센터",0.674
NORMAL,공주,"공산성·금강변 일대",HIT,ANCHOR,SHOPPING,"공산성","다비치안경 공주산성시장점","충청남도 공주시 웅진로 207 1층 다비치안경",0.493
NORMAL,공주,"공산성·금강변 일대",HIT,ANCHOR,SHOPPING,"공산성","공주마트","충청남도 공주시 산성시장5길 50",0.453
NORMAL,공주,"공산성·금강변 일대",HIT,ANCHOR,SHOPPING,"공산성","공주알밤센터","충청남도 공주시 미나리2길 7",0.329
NORMAL,공주,"공산성·금강변 일대",HIT,LOCATION,SHOPPING,"공주","다이소 공주신관점","충청남도 공주시 번영1로 37",1.087
NORMAL,공주,"공산성·금강변 일대",HIT,LOCATION,SHOPPING,"공주","탑할인유통","충청남도 공주시 흑수골길 30",1.649
NORMAL,공주,"공산성·금강변 일대",HIT,LOCATION,SHOPPING,"공주","서우마트 공주점","충청남도 공주시 장기로 24",2.350
NORMAL,공주,"공산성·금강변 일대",HIT,LOCATION,SHOPPING,"공주","잡화코너 정안(하)휴게소","충청남도 공주시 정안면 논산천안고속도로 57",12.028
NORMAL,공주,"공산성·금강변 일대",HIT,LOCATION,SHOPPING,"공주","GS더프레시 공주점","충청남도 공주시 무령로 310",1.113
NORMAL,공주,"공산성·금강변 일대",HIT,AREA,ATTRACTION,"공산성","공산성","충청남도 공주시 금성동 53-51",0.026
NORMAL,공주,"공산성·금강변 일대",HIT,AREA,ATTRACTION,"공산성","공산성 쌍수정","충청남도 공주시 금성동",0.123
NORMAL,공주,"공산성·금강변 일대",HIT,AREA,ATTRACTION,"공산성","공산성 진남루","충청남도 공주시 금성동",0.202
NORMAL,공주,"공산성·금강변 일대",HIT,AREA,ATTRACTION,"공산성","공산성 만하루","충청남도 공주시 금성동",0.215
NORMAL,공주,"공산성·금강변 일대",HIT,AREA,ATTRACTION,"공산성","공주공산성연지","충청남도 공주시 금성동",0.205
NORMAL,공주,"공산성·금강변 일대",HIT,ANCHOR,ATTRACTION,"공산성","공산성","충청남도 공주시 금성동 53-51",0.026
NORMAL,공주,"공산성·금강변 일대",HIT,ANCHOR,ATTRACTION,"공산성","공산성 쌍수정","충청남도 공주시 금성동",0.123
NORMAL,공주,"공산성·금강변 일대",HIT,ANCHOR,ATTRACTION,"공산성","공산성 진남루","충청남도 공주시 금성동",0.202
NORMAL,공주,"공산성·금강변 일대",HIT,ANCHOR,ATTRACTION,"공산성","공산성 만하루","충청남도 공주시 금성동",0.215
NORMAL,공주,"공산성·금강변 일대",HIT,ANCHOR,ATTRACTION,"공산성","공주공산성연지","충청남도 공주시 금성동",0.205
NORMAL,공주,"공산성·금강변 일대",HIT,LOCATION,ATTRACTION,"공주","마곡사","충청남도 공주시 사곡면 마곡사로 966",14.746
NORMAL,공주,"공산성·금강변 일대",HIT,LOCATION,ATTRACTION,"공주","공산성","충청남도 공주시 금성동 53-51",0.026
NORMAL,공주,"공산성·금강변 일대",HIT,LOCATION,ATTRACTION,"공주","유구 색동수국정원","충청남도 공주시 유구읍 유구리 648-17",18.474
NORMAL,공주,"공산성·금강변 일대",HIT,LOCATION,ATTRACTION,"공주","동학사","충청남도 공주시 반포면 동학사1로 462",14.775
NORMAL,공주,"공산성·금강변 일대",HIT,LOCATION,ATTRACTION,"공주","히어위고글램핑&amp;바베큐","충청남도 공주시 정안면 느진묵길 89 1층",10.946
NORMAL,공주,"무령왕릉·국립공주박물관 일대",HIT,AREA,MEAL,"무령왕릉","곰골식당","충청남도 공주시 봉황산1길 1-2 곰골식당",1.318
NORMAL,공주,"무령왕릉·국립공주박물관 일대",HIT,AREA,MEAL,"무령왕릉","명성불고기","충청남도 공주시 웅진로 200",1.104
NORMAL,공주,"무령왕릉·국립공주박물관 일대",HIT,ANCHOR,MEAL,"무령왕릉","곰골식당","충청남도 공주시 봉황산1길 1-2 곰골식당",1.318
NORMAL,공주,"무령왕릉·국립공주박물관 일대",HIT,ANCHOR,MEAL,"무령왕릉","명성불고기","충청남도 공주시 웅진로 200",1.104
NORMAL,공주,"무령왕릉·국립공주박물관 일대",HIT,LOCATION,MEAL,"공주","정안알밤(하)휴게소","충청남도 공주시 정안면 논산천안고속도로 57 정안알밤(하)휴게소",12.066
NORMAL,공주,"무령왕릉·국립공주박물관 일대",HIT,LOCATION,MEAL,"공주","공주쌍신집칼국수","충청남도 공주시 쌍신길 109-2 공주쌍신집칼국수",2.204
NORMAL,공주,"무령왕릉·국립공주박물관 일대",HIT,LOCATION,MEAL,"공주","피탕김탕","충청남도 공주시 한적2길 47-5",2.912
NORMAL,공주,"무령왕릉·국립공주박물관 일대",HIT,LOCATION,MEAL,"공주","열린매장2 정안알밤휴게소하행점","충청남도 공주시 정안면 논산천안고속도로 57",12.066
NORMAL,공주,"무령왕릉·국립공주박물관 일대",HIT,AREA,CAFE,"무령왕릉","곡물집","충청남도 공주시 효심1길 12-1 1F 곡물집",1.495
NORMAL,공주,"무령왕릉·국립공주박물관 일대",HIT,AREA,CAFE,"무령왕릉","로컬커피","충청남도 공주시 용당길 55-7 로컬커피",0.571
NORMAL,공주,"무령왕릉·국립공주박물관 일대",HIT,AREA,CAFE,"무령왕릉","바므","충청남도 공주시 제민2길 3-2",1.350
NORMAL,공주,"무령왕릉·국립공주박물관 일대",HIT,AREA,CAFE,"무령왕릉","체스넛프렌즈 공주","충청남도 공주시 봉황로 64 체스넛프렌즈",1.329
NORMAL,공주,"무령왕릉·국립공주박물관 일대",HIT,AREA,CAFE,"무령왕릉","루치아의 뜰","충청남도 공주시 웅진로 145-8",1.302
NORMAL,공주,"무령왕릉·국립공주박물관 일대",HIT,ANCHOR,CAFE,"무령왕릉","곡물집","충청남도 공주시 효심1길 12-1 1F 곡물집",1.495
NORMAL,공주,"무령왕릉·국립공주박물관 일대",HIT,ANCHOR,CAFE,"무령왕릉","로컬커피","충청남도 공주시 용당길 55-7 로컬커피",0.571
NORMAL,공주,"무령왕릉·국립공주박물관 일대",HIT,ANCHOR,CAFE,"무령왕릉","바므","충청남도 공주시 제민2길 3-2",1.350
NORMAL,공주,"무령왕릉·국립공주박물관 일대",HIT,ANCHOR,CAFE,"무령왕릉","체스넛프렌즈 공주","충청남도 공주시 봉황로 64 체스넛프렌즈",1.329
NORMAL,공주,"무령왕릉·국립공주박물관 일대",HIT,ANCHOR,CAFE,"무령왕릉","루치아의 뜰","충청남도 공주시 웅진로 145-8",1.302
NORMAL,공주,"무령왕릉·국립공주박물관 일대",HIT,LOCATION,CAFE,"공주","베이커리 밤마을","충청남도 공주시 백미고을길 5-9 베이커리밤마을",0.869
NORMAL,공주,"무령왕릉·국립공주박물관 일대",HIT,LOCATION,CAFE,"공주","공주밤빵 정안상휴게소","충청남도 공주시 정안면 논산천안고속도로 58",11.913
NORMAL,공주,"무령왕릉·국립공주박물관 일대",HIT,LOCATION,CAFE,"공주","프린세스 피크닉 카페","충청남도 공주시 치미마을길 74 프린세스 피크닉카페",1.844
NORMAL,공주,"무령왕릉·국립공주박물관 일대",HIT,LOCATION,CAFE,"공주","호도과자1 정안 하행휴게소","충청남도 공주시 정안면 논산천안고속도로 58",11.913
NORMAL,공주,"무령왕릉·국립공주박물관 일대",HIT,LOCATION,CAFE,"공주","라루체","충청남도 공주시 반포면 계룡대로 1392",16.866
NORMAL,공주,"무령왕릉·국립공주박물관 일대",HIT,AREA,SHOPPING,"무령왕릉","다이소 공주점","충청남도 공주시 웅진로 185-1",1.135
NORMAL,공주,"무령왕릉·국립공주박물관 일대",HIT,AREA,SHOPPING,"무령왕릉","공주산성시장","충청남도 공주시 용당길 22 산성시장고객지원센터",1.025
NORMAL,공주,"무령왕릉·국립공주박물관 일대",HIT,AREA,SHOPPING,"무령왕릉","다비치안경 공주산성시장점","충청남도 공주시 웅진로 207 1층 다비치안경",1.040
NORMAL,공주,"무령왕릉·국립공주박물관 일대",HIT,AREA,SHOPPING,"무령왕릉","공주축산직영매장","충청남도 공주시 용당길 10",0.979
NORMAL,공주,"무령왕릉·국립공주박물관 일대",HIT,AREA,SHOPPING,"무령왕릉","단편선","충청남도 공주시 웅진로 119-1 2층",1.528
NORMAL,공주,"무령왕릉·국립공주박물관 일대",HIT,ANCHOR,SHOPPING,"무령왕릉","다이소 공주점","충청남도 공주시 웅진로 185-1",1.135
NORMAL,공주,"무령왕릉·국립공주박물관 일대",HIT,ANCHOR,SHOPPING,"무령왕릉","공주산성시장","충청남도 공주시 용당길 22 산성시장고객지원센터",1.025
NORMAL,공주,"무령왕릉·국립공주박물관 일대",HIT,ANCHOR,SHOPPING,"무령왕릉","다비치안경 공주산성시장점","충청남도 공주시 웅진로 207 1층 다비치안경",1.040
NORMAL,공주,"무령왕릉·국립공주박물관 일대",HIT,ANCHOR,SHOPPING,"무령왕릉","공주축산직영매장","충청남도 공주시 용당길 10",0.979
NORMAL,공주,"무령왕릉·국립공주박물관 일대",HIT,ANCHOR,SHOPPING,"무령왕릉","단편선","충청남도 공주시 웅진로 119-1 2층",1.528
NORMAL,공주,"무령왕릉·국립공주박물관 일대",HIT,LOCATION,SHOPPING,"공주","다이소 공주신관점","충청남도 공주시 번영1로 37",1.982
NORMAL,공주,"무령왕릉·국립공주박물관 일대",HIT,LOCATION,SHOPPING,"공주","탑할인유통","충청남도 공주시 흑수골길 30",2.642
NORMAL,공주,"무령왕릉·국립공주박물관 일대",HIT,LOCATION,SHOPPING,"공주","서우마트 공주점","충청남도 공주시 장기로 24",3.258
NORMAL,공주,"무령왕릉·국립공주박물관 일대",HIT,LOCATION,SHOPPING,"공주","잡화코너 정안(하)휴게소","충청남도 공주시 정안면 논산천안고속도로 57",12.066
NORMAL,공주,"무령왕릉·국립공주박물관 일대",HIT,LOCATION,SHOPPING,"공주","GS더프레시 공주점","충청남도 공주시 무령로 310",1.974
NORMAL,공주,"무령왕릉·국립공주박물관 일대",HIT,AREA,ATTRACTION,"무령왕릉","공주무령왕릉과왕릉원","충청남도 공주시 왕릉로 37",0.105
NORMAL,공주,"무령왕릉·국립공주박물관 일대",HIT,AREA,ATTRACTION,"무령왕릉","백제무령왕릉연문","충청남도 공주시 금성동 221",0.793
NORMAL,공주,"무령왕릉·국립공주박물관 일대",HIT,ANCHOR,ATTRACTION,"무령왕릉","공주무령왕릉과왕릉원","충청남도 공주시 왕릉로 37",0.105
NORMAL,공주,"무령왕릉·국립공주박물관 일대",HIT,ANCHOR,ATTRACTION,"무령왕릉","백제무령왕릉연문","충청남도 공주시 금성동 221",0.793
NORMAL,공주,"무령왕릉·국립공주박물관 일대",HIT,LOCATION,ATTRACTION,"공주","마곡사","충청남도 공주시 사곡면 마곡사로 966",14.076
NORMAL,공주,"무령왕릉·국립공주박물관 일대",HIT,LOCATION,ATTRACTION,"공주","공산성","충청남도 공주시 금성동 53-51",1.097
NORMAL,공주,"무령왕릉·국립공주박물관 일대",HIT,LOCATION,ATTRACTION,"공주","유구 색동수국정원","충청남도 공주시 유구읍 유구리 648-17",17.617
NORMAL,공주,"무령왕릉·국립공주박물관 일대",HIT,LOCATION,ATTRACTION,"공주","동학사","충청남도 공주시 반포면 동학사1로 462",15.348
NORMAL,공주,"무령왕릉·국립공주박물관 일대",HIT,LOCATION,ATTRACTION,"공주","히어위고글램핑&amp;바베큐","충청남도 공주시 정안면 느진묵길 89 1층",10.699
NORMAL,공주,"무령왕릉·송산리 고분군 일대",HIT,AREA,MEAL,"무령왕릉","곰골식당","충청남도 공주시 봉황산1길 1-2 곰골식당",1.318
NORMAL,공주,"무령왕릉·송산리 고분군 일대",HIT,AREA,MEAL,"무령왕릉","명성불고기","충청남도 공주시 웅진로 200",1.104
NORMAL,공주,"무령왕릉·송산리 고분군 일대",HIT,ANCHOR,MEAL,"무령왕릉","곰골식당","충청남도 공주시 봉황산1길 1-2 곰골식당",1.318
NORMAL,공주,"무령왕릉·송산리 고분군 일대",HIT,ANCHOR,MEAL,"무령왕릉","명성불고기","충청남도 공주시 웅진로 200",1.104
NORMAL,공주,"무령왕릉·송산리 고분군 일대",HIT,LOCATION,MEAL,"공주","정안알밤(하)휴게소","충청남도 공주시 정안면 논산천안고속도로 57 정안알밤(하)휴게소",12.066
NORMAL,공주,"무령왕릉·송산리 고분군 일대",HIT,LOCATION,MEAL,"공주","공주쌍신집칼국수","충청남도 공주시 쌍신길 109-2 공주쌍신집칼국수",2.204
NORMAL,공주,"무령왕릉·송산리 고분군 일대",HIT,LOCATION,MEAL,"공주","피탕김탕","충청남도 공주시 한적2길 47-5",2.912
NORMAL,공주,"무령왕릉·송산리 고분군 일대",HIT,LOCATION,MEAL,"공주","열린매장2 정안알밤휴게소하행점","충청남도 공주시 정안면 논산천안고속도로 57",12.066
NORMAL,공주,"무령왕릉·송산리 고분군 일대",HIT,AREA,CAFE,"무령왕릉","곡물집","충청남도 공주시 효심1길 12-1 1F 곡물집",1.495
NORMAL,공주,"무령왕릉·송산리 고분군 일대",HIT,AREA,CAFE,"무령왕릉","로컬커피","충청남도 공주시 용당길 55-7 로컬커피",0.571
NORMAL,공주,"무령왕릉·송산리 고분군 일대",HIT,AREA,CAFE,"무령왕릉","바므","충청남도 공주시 제민2길 3-2",1.350
NORMAL,공주,"무령왕릉·송산리 고분군 일대",HIT,AREA,CAFE,"무령왕릉","체스넛프렌즈 공주","충청남도 공주시 봉황로 64 체스넛프렌즈",1.329
NORMAL,공주,"무령왕릉·송산리 고분군 일대",HIT,AREA,CAFE,"무령왕릉","루치아의 뜰","충청남도 공주시 웅진로 145-8",1.302
NORMAL,공주,"무령왕릉·송산리 고분군 일대",HIT,ANCHOR,CAFE,"무령왕릉","곡물집","충청남도 공주시 효심1길 12-1 1F 곡물집",1.495
NORMAL,공주,"무령왕릉·송산리 고분군 일대",HIT,ANCHOR,CAFE,"무령왕릉","로컬커피","충청남도 공주시 용당길 55-7 로컬커피",0.571
NORMAL,공주,"무령왕릉·송산리 고분군 일대",HIT,ANCHOR,CAFE,"무령왕릉","바므","충청남도 공주시 제민2길 3-2",1.350
NORMAL,공주,"무령왕릉·송산리 고분군 일대",HIT,ANCHOR,CAFE,"무령왕릉","체스넛프렌즈 공주","충청남도 공주시 봉황로 64 체스넛프렌즈",1.329
NORMAL,공주,"무령왕릉·송산리 고분군 일대",HIT,ANCHOR,CAFE,"무령왕릉","루치아의 뜰","충청남도 공주시 웅진로 145-8",1.302
NORMAL,공주,"무령왕릉·송산리 고분군 일대",HIT,LOCATION,CAFE,"공주","베이커리 밤마을","충청남도 공주시 백미고을길 5-9 베이커리밤마을",0.869
NORMAL,공주,"무령왕릉·송산리 고분군 일대",HIT,LOCATION,CAFE,"공주","공주밤빵 정안상휴게소","충청남도 공주시 정안면 논산천안고속도로 58",11.913
NORMAL,공주,"무령왕릉·송산리 고분군 일대",HIT,LOCATION,CAFE,"공주","프린세스 피크닉 카페","충청남도 공주시 치미마을길 74 프린세스 피크닉카페",1.844
NORMAL,공주,"무령왕릉·송산리 고분군 일대",HIT,LOCATION,CAFE,"공주","호도과자1 정안 하행휴게소","충청남도 공주시 정안면 논산천안고속도로 58",11.913
NORMAL,공주,"무령왕릉·송산리 고분군 일대",HIT,LOCATION,CAFE,"공주","라루체","충청남도 공주시 반포면 계룡대로 1392",16.866
NORMAL,공주,"무령왕릉·송산리 고분군 일대",HIT,AREA,SHOPPING,"무령왕릉","다이소 공주점","충청남도 공주시 웅진로 185-1",1.135
NORMAL,공주,"무령왕릉·송산리 고분군 일대",HIT,AREA,SHOPPING,"무령왕릉","공주산성시장","충청남도 공주시 용당길 22 산성시장고객지원센터",1.025
NORMAL,공주,"무령왕릉·송산리 고분군 일대",HIT,AREA,SHOPPING,"무령왕릉","다비치안경 공주산성시장점","충청남도 공주시 웅진로 207 1층 다비치안경",1.040
NORMAL,공주,"무령왕릉·송산리 고분군 일대",HIT,AREA,SHOPPING,"무령왕릉","공주축산직영매장","충청남도 공주시 용당길 10",0.979
NORMAL,공주,"무령왕릉·송산리 고분군 일대",HIT,AREA,SHOPPING,"무령왕릉","단편선","충청남도 공주시 웅진로 119-1 2층",1.528
NORMAL,공주,"무령왕릉·송산리 고분군 일대",HIT,ANCHOR,SHOPPING,"무령왕릉","다이소 공주점","충청남도 공주시 웅진로 185-1",1.135
NORMAL,공주,"무령왕릉·송산리 고분군 일대",HIT,ANCHOR,SHOPPING,"무령왕릉","공주산성시장","충청남도 공주시 용당길 22 산성시장고객지원센터",1.025
NORMAL,공주,"무령왕릉·송산리 고분군 일대",HIT,ANCHOR,SHOPPING,"무령왕릉","다비치안경 공주산성시장점","충청남도 공주시 웅진로 207 1층 다비치안경",1.040
NORMAL,공주,"무령왕릉·송산리 고분군 일대",HIT,ANCHOR,SHOPPING,"무령왕릉","공주축산직영매장","충청남도 공주시 용당길 10",0.979
NORMAL,공주,"무령왕릉·송산리 고분군 일대",HIT,ANCHOR,SHOPPING,"무령왕릉","단편선","충청남도 공주시 웅진로 119-1 2층",1.528
NORMAL,공주,"무령왕릉·송산리 고분군 일대",HIT,LOCATION,SHOPPING,"공주","다이소 공주신관점","충청남도 공주시 번영1로 37",1.982
NORMAL,공주,"무령왕릉·송산리 고분군 일대",HIT,LOCATION,SHOPPING,"공주","탑할인유통","충청남도 공주시 흑수골길 30",2.642
NORMAL,공주,"무령왕릉·송산리 고분군 일대",HIT,LOCATION,SHOPPING,"공주","서우마트 공주점","충청남도 공주시 장기로 24",3.258
NORMAL,공주,"무령왕릉·송산리 고분군 일대",HIT,LOCATION,SHOPPING,"공주","잡화코너 정안(하)휴게소","충청남도 공주시 정안면 논산천안고속도로 57",12.066
NORMAL,공주,"무령왕릉·송산리 고분군 일대",HIT,LOCATION,SHOPPING,"공주","GS더프레시 공주점","충청남도 공주시 무령로 310",1.974
NORMAL,공주,"무령왕릉·송산리 고분군 일대",HIT,AREA,ATTRACTION,"무령왕릉","공주무령왕릉과왕릉원","충청남도 공주시 왕릉로 37",0.105
NORMAL,공주,"무령왕릉·송산리 고분군 일대",HIT,AREA,ATTRACTION,"무령왕릉","백제무령왕릉연문","충청남도 공주시 금성동 221",0.793
NORMAL,공주,"무령왕릉·송산리 고분군 일대",HIT,ANCHOR,ATTRACTION,"무령왕릉","공주무령왕릉과왕릉원","충청남도 공주시 왕릉로 37",0.105
NORMAL,공주,"무령왕릉·송산리 고분군 일대",HIT,ANCHOR,ATTRACTION,"무령왕릉","백제무령왕릉연문","충청남도 공주시 금성동 221",0.793
NORMAL,공주,"무령왕릉·송산리 고분군 일대",HIT,LOCATION,ATTRACTION,"공주","마곡사","충청남도 공주시 사곡면 마곡사로 966",14.076
NORMAL,공주,"무령왕릉·송산리 고분군 일대",HIT,LOCATION,ATTRACTION,"공주","공산성","충청남도 공주시 금성동 53-51",1.097
NORMAL,공주,"무령왕릉·송산리 고분군 일대",HIT,LOCATION,ATTRACTION,"공주","유구 색동수국정원","충청남도 공주시 유구읍 유구리 648-17",17.617
NORMAL,공주,"무령왕릉·송산리 고분군 일대",HIT,LOCATION,ATTRACTION,"공주","동학사","충청남도 공주시 반포면 동학사1로 462",15.348
NORMAL,공주,"무령왕릉·송산리 고분군 일대",HIT,LOCATION,ATTRACTION,"공주","히어위고글램핑&amp;바베큐","충청남도 공주시 정안면 느진묵길 89 1층",10.699
NORMAL,공주,"무령왕릉·송산리 일대",HIT,AREA,MEAL,"무령왕릉","곰골식당","충청남도 공주시 봉황산1길 1-2 곰골식당",1.318
NORMAL,공주,"무령왕릉·송산리 일대",HIT,AREA,MEAL,"무령왕릉","명성불고기","충청남도 공주시 웅진로 200",1.104
NORMAL,공주,"무령왕릉·송산리 일대",HIT,ANCHOR,MEAL,"무령왕릉","곰골식당","충청남도 공주시 봉황산1길 1-2 곰골식당",1.318
NORMAL,공주,"무령왕릉·송산리 일대",HIT,ANCHOR,MEAL,"무령왕릉","명성불고기","충청남도 공주시 웅진로 200",1.104
NORMAL,공주,"무령왕릉·송산리 일대",HIT,LOCATION,MEAL,"공주","정안알밤(하)휴게소","충청남도 공주시 정안면 논산천안고속도로 57 정안알밤(하)휴게소",12.066
NORMAL,공주,"무령왕릉·송산리 일대",HIT,LOCATION,MEAL,"공주","공주쌍신집칼국수","충청남도 공주시 쌍신길 109-2 공주쌍신집칼국수",2.204
NORMAL,공주,"무령왕릉·송산리 일대",HIT,LOCATION,MEAL,"공주","피탕김탕","충청남도 공주시 한적2길 47-5",2.912
NORMAL,공주,"무령왕릉·송산리 일대",HIT,LOCATION,MEAL,"공주","열린매장2 정안알밤휴게소하행점","충청남도 공주시 정안면 논산천안고속도로 57",12.066
NORMAL,공주,"무령왕릉·송산리 일대",HIT,AREA,CAFE,"무령왕릉","곡물집","충청남도 공주시 효심1길 12-1 1F 곡물집",1.495
NORMAL,공주,"무령왕릉·송산리 일대",HIT,AREA,CAFE,"무령왕릉","로컬커피","충청남도 공주시 용당길 55-7 로컬커피",0.571
NORMAL,공주,"무령왕릉·송산리 일대",HIT,AREA,CAFE,"무령왕릉","바므","충청남도 공주시 제민2길 3-2",1.350
NORMAL,공주,"무령왕릉·송산리 일대",HIT,AREA,CAFE,"무령왕릉","체스넛프렌즈 공주","충청남도 공주시 봉황로 64 체스넛프렌즈",1.329
NORMAL,공주,"무령왕릉·송산리 일대",HIT,AREA,CAFE,"무령왕릉","루치아의 뜰","충청남도 공주시 웅진로 145-8",1.302
NORMAL,공주,"무령왕릉·송산리 일대",HIT,ANCHOR,CAFE,"무령왕릉","곡물집","충청남도 공주시 효심1길 12-1 1F 곡물집",1.495
NORMAL,공주,"무령왕릉·송산리 일대",HIT,ANCHOR,CAFE,"무령왕릉","로컬커피","충청남도 공주시 용당길 55-7 로컬커피",0.571
NORMAL,공주,"무령왕릉·송산리 일대",HIT,ANCHOR,CAFE,"무령왕릉","바므","충청남도 공주시 제민2길 3-2",1.350
NORMAL,공주,"무령왕릉·송산리 일대",HIT,ANCHOR,CAFE,"무령왕릉","체스넛프렌즈 공주","충청남도 공주시 봉황로 64 체스넛프렌즈",1.329
NORMAL,공주,"무령왕릉·송산리 일대",HIT,ANCHOR,CAFE,"무령왕릉","루치아의 뜰","충청남도 공주시 웅진로 145-8",1.302
NORMAL,공주,"무령왕릉·송산리 일대",HIT,LOCATION,CAFE,"공주","베이커리 밤마을","충청남도 공주시 백미고을길 5-9 베이커리밤마을",0.869
NORMAL,공주,"무령왕릉·송산리 일대",HIT,LOCATION,CAFE,"공주","공주밤빵 정안상휴게소","충청남도 공주시 정안면 논산천안고속도로 58",11.913
NORMAL,공주,"무령왕릉·송산리 일대",HIT,LOCATION,CAFE,"공주","프린세스 피크닉 카페","충청남도 공주시 치미마을길 74 프린세스 피크닉카페",1.844
NORMAL,공주,"무령왕릉·송산리 일대",HIT,LOCATION,CAFE,"공주","호도과자1 정안 하행휴게소","충청남도 공주시 정안면 논산천안고속도로 58",11.913
NORMAL,공주,"무령왕릉·송산리 일대",HIT,LOCATION,CAFE,"공주","라루체","충청남도 공주시 반포면 계룡대로 1392",16.866
NORMAL,공주,"무령왕릉·송산리 일대",HIT,AREA,SHOPPING,"무령왕릉","다이소 공주점","충청남도 공주시 웅진로 185-1",1.135
NORMAL,공주,"무령왕릉·송산리 일대",HIT,AREA,SHOPPING,"무령왕릉","공주산성시장","충청남도 공주시 용당길 22 산성시장고객지원센터",1.025
NORMAL,공주,"무령왕릉·송산리 일대",HIT,AREA,SHOPPING,"무령왕릉","다비치안경 공주산성시장점","충청남도 공주시 웅진로 207 1층 다비치안경",1.040
NORMAL,공주,"무령왕릉·송산리 일대",HIT,AREA,SHOPPING,"무령왕릉","공주축산직영매장","충청남도 공주시 용당길 10",0.979
NORMAL,공주,"무령왕릉·송산리 일대",HIT,AREA,SHOPPING,"무령왕릉","단편선","충청남도 공주시 웅진로 119-1 2층",1.528
NORMAL,공주,"무령왕릉·송산리 일대",HIT,ANCHOR,SHOPPING,"무령왕릉","다이소 공주점","충청남도 공주시 웅진로 185-1",1.135
NORMAL,공주,"무령왕릉·송산리 일대",HIT,ANCHOR,SHOPPING,"무령왕릉","공주산성시장","충청남도 공주시 용당길 22 산성시장고객지원센터",1.025
NORMAL,공주,"무령왕릉·송산리 일대",HIT,ANCHOR,SHOPPING,"무령왕릉","다비치안경 공주산성시장점","충청남도 공주시 웅진로 207 1층 다비치안경",1.040
NORMAL,공주,"무령왕릉·송산리 일대",HIT,ANCHOR,SHOPPING,"무령왕릉","공주축산직영매장","충청남도 공주시 용당길 10",0.979
NORMAL,공주,"무령왕릉·송산리 일대",HIT,ANCHOR,SHOPPING,"무령왕릉","단편선","충청남도 공주시 웅진로 119-1 2층",1.528
NORMAL,공주,"무령왕릉·송산리 일대",HIT,LOCATION,SHOPPING,"공주","다이소 공주신관점","충청남도 공주시 번영1로 37",1.982
NORMAL,공주,"무령왕릉·송산리 일대",HIT,LOCATION,SHOPPING,"공주","탑할인유통","충청남도 공주시 흑수골길 30",2.642
NORMAL,공주,"무령왕릉·송산리 일대",HIT,LOCATION,SHOPPING,"공주","서우마트 공주점","충청남도 공주시 장기로 24",3.258
NORMAL,공주,"무령왕릉·송산리 일대",HIT,LOCATION,SHOPPING,"공주","잡화코너 정안(하)휴게소","충청남도 공주시 정안면 논산천안고속도로 57",12.066
NORMAL,공주,"무령왕릉·송산리 일대",HIT,LOCATION,SHOPPING,"공주","GS더프레시 공주점","충청남도 공주시 무령로 310",1.974
NORMAL,공주,"무령왕릉·송산리 일대",HIT,AREA,ATTRACTION,"무령왕릉","공주무령왕릉과왕릉원","충청남도 공주시 왕릉로 37",0.105
NORMAL,공주,"무령왕릉·송산리 일대",HIT,AREA,ATTRACTION,"무령왕릉","백제무령왕릉연문","충청남도 공주시 금성동 221",0.793
NORMAL,공주,"무령왕릉·송산리 일대",HIT,ANCHOR,ATTRACTION,"무령왕릉","공주무령왕릉과왕릉원","충청남도 공주시 왕릉로 37",0.105
NORMAL,공주,"무령왕릉·송산리 일대",HIT,ANCHOR,ATTRACTION,"무령왕릉","백제무령왕릉연문","충청남도 공주시 금성동 221",0.793
NORMAL,공주,"무령왕릉·송산리 일대",HIT,LOCATION,ATTRACTION,"공주","마곡사","충청남도 공주시 사곡면 마곡사로 966",14.076
NORMAL,공주,"무령왕릉·송산리 일대",HIT,LOCATION,ATTRACTION,"공주","공산성","충청남도 공주시 금성동 53-51",1.097
NORMAL,공주,"무령왕릉·송산리 일대",HIT,LOCATION,ATTRACTION,"공주","유구 색동수국정원","충청남도 공주시 유구읍 유구리 648-17",17.617
NORMAL,공주,"무령왕릉·송산리 일대",HIT,LOCATION,ATTRACTION,"공주","동학사","충청남도 공주시 반포면 동학사1로 462",15.348
NORMAL,공주,"무령왕릉·송산리 일대",HIT,LOCATION,ATTRACTION,"공주","히어위고글램핑&amp;바베큐","충청남도 공주시 정안면 느진묵길 89 1층",10.699
NORMAL,공주,"송산리 고분군·박물관 일대",HIT,ANCHOR,MEAL,"무령왕릉","곰골식당","충청남도 공주시 봉황산1길 1-2 곰골식당",1.318
NORMAL,공주,"송산리 고분군·박물관 일대",HIT,ANCHOR,MEAL,"무령왕릉","명성불고기","충청남도 공주시 웅진로 200",1.104
NORMAL,공주,"송산리 고분군·박물관 일대",HIT,LOCATION,MEAL,"공주","정안알밤(하)휴게소","충청남도 공주시 정안면 논산천안고속도로 57 정안알밤(하)휴게소",12.066
NORMAL,공주,"송산리 고분군·박물관 일대",HIT,LOCATION,MEAL,"공주","공주쌍신집칼국수","충청남도 공주시 쌍신길 109-2 공주쌍신집칼국수",2.204
NORMAL,공주,"송산리 고분군·박물관 일대",HIT,LOCATION,MEAL,"공주","피탕김탕","충청남도 공주시 한적2길 47-5",2.912
NORMAL,공주,"송산리 고분군·박물관 일대",HIT,LOCATION,MEAL,"공주","열린매장2 정안알밤휴게소하행점","충청남도 공주시 정안면 논산천안고속도로 57",12.066
NORMAL,공주,"송산리 고분군·박물관 일대",HIT,ANCHOR,CAFE,"무령왕릉","곡물집","충청남도 공주시 효심1길 12-1 1F 곡물집",1.495
NORMAL,공주,"송산리 고분군·박물관 일대",HIT,ANCHOR,CAFE,"무령왕릉","로컬커피","충청남도 공주시 용당길 55-7 로컬커피",0.571
NORMAL,공주,"송산리 고분군·박물관 일대",HIT,ANCHOR,CAFE,"무령왕릉","바므","충청남도 공주시 제민2길 3-2",1.350
NORMAL,공주,"송산리 고분군·박물관 일대",HIT,ANCHOR,CAFE,"무령왕릉","체스넛프렌즈 공주","충청남도 공주시 봉황로 64 체스넛프렌즈",1.329
NORMAL,공주,"송산리 고분군·박물관 일대",HIT,ANCHOR,CAFE,"무령왕릉","루치아의 뜰","충청남도 공주시 웅진로 145-8",1.302
NORMAL,공주,"송산리 고분군·박물관 일대",HIT,LOCATION,CAFE,"공주","베이커리 밤마을","충청남도 공주시 백미고을길 5-9 베이커리밤마을",0.869
NORMAL,공주,"송산리 고분군·박물관 일대",HIT,LOCATION,CAFE,"공주","공주밤빵 정안상휴게소","충청남도 공주시 정안면 논산천안고속도로 58",11.913
NORMAL,공주,"송산리 고분군·박물관 일대",HIT,LOCATION,CAFE,"공주","프린세스 피크닉 카페","충청남도 공주시 치미마을길 74 프린세스 피크닉카페",1.844
NORMAL,공주,"송산리 고분군·박물관 일대",HIT,LOCATION,CAFE,"공주","호도과자1 정안 하행휴게소","충청남도 공주시 정안면 논산천안고속도로 58",11.913
NORMAL,공주,"송산리 고분군·박물관 일대",HIT,LOCATION,CAFE,"공주","라루체","충청남도 공주시 반포면 계룡대로 1392",16.866
NORMAL,공주,"송산리 고분군·박물관 일대",HIT,ANCHOR,SHOPPING,"무령왕릉","다이소 공주점","충청남도 공주시 웅진로 185-1",1.135
NORMAL,공주,"송산리 고분군·박물관 일대",HIT,ANCHOR,SHOPPING,"무령왕릉","공주산성시장","충청남도 공주시 용당길 22 산성시장고객지원센터",1.025
NORMAL,공주,"송산리 고분군·박물관 일대",HIT,ANCHOR,SHOPPING,"무령왕릉","다비치안경 공주산성시장점","충청남도 공주시 웅진로 207 1층 다비치안경",1.040
NORMAL,공주,"송산리 고분군·박물관 일대",HIT,ANCHOR,SHOPPING,"무령왕릉","공주축산직영매장","충청남도 공주시 용당길 10",0.979
NORMAL,공주,"송산리 고분군·박물관 일대",HIT,ANCHOR,SHOPPING,"무령왕릉","단편선","충청남도 공주시 웅진로 119-1 2층",1.528
NORMAL,공주,"송산리 고분군·박물관 일대",HIT,LOCATION,SHOPPING,"공주","다이소 공주신관점","충청남도 공주시 번영1로 37",1.982
NORMAL,공주,"송산리 고분군·박물관 일대",HIT,LOCATION,SHOPPING,"공주","탑할인유통","충청남도 공주시 흑수골길 30",2.642
NORMAL,공주,"송산리 고분군·박물관 일대",HIT,LOCATION,SHOPPING,"공주","서우마트 공주점","충청남도 공주시 장기로 24",3.258
NORMAL,공주,"송산리 고분군·박물관 일대",HIT,LOCATION,SHOPPING,"공주","잡화코너 정안(하)휴게소","충청남도 공주시 정안면 논산천안고속도로 57",12.066
NORMAL,공주,"송산리 고분군·박물관 일대",HIT,LOCATION,SHOPPING,"공주","GS더프레시 공주점","충청남도 공주시 무령로 310",1.974
NORMAL,공주,"송산리 고분군·박물관 일대",HIT,ANCHOR,ATTRACTION,"무령왕릉","공주무령왕릉과왕릉원","충청남도 공주시 왕릉로 37",0.105
NORMAL,공주,"송산리 고분군·박물관 일대",HIT,ANCHOR,ATTRACTION,"무령왕릉","백제무령왕릉연문","충청남도 공주시 금성동 221",0.793
NORMAL,공주,"송산리 고분군·박물관 일대",HIT,LOCATION,ATTRACTION,"공주","마곡사","충청남도 공주시 사곡면 마곡사로 966",14.076
NORMAL,공주,"송산리 고분군·박물관 일대",HIT,LOCATION,ATTRACTION,"공주","공산성","충청남도 공주시 금성동 53-51",1.097
NORMAL,공주,"송산리 고분군·박물관 일대",HIT,LOCATION,ATTRACTION,"공주","유구 색동수국정원","충청남도 공주시 유구읍 유구리 648-17",17.617
NORMAL,공주,"송산리 고분군·박물관 일대",HIT,LOCATION,ATTRACTION,"공주","동학사","충청남도 공주시 반포면 동학사1로 462",15.348
NORMAL,공주,"송산리 고분군·박물관 일대",HIT,LOCATION,ATTRACTION,"공주","히어위고글램핑&amp;바베큐","충청남도 공주시 정안면 느진묵길 89 1층",10.699
NORMAL,공주,"송산리고분군·국립공주박물관 일대",HIT,ANCHOR,MEAL,"무령왕릉","곰골식당","충청남도 공주시 봉황산1길 1-2 곰골식당",1.318
NORMAL,공주,"송산리고분군·국립공주박물관 일대",HIT,ANCHOR,MEAL,"무령왕릉","명성불고기","충청남도 공주시 웅진로 200",1.104
NORMAL,공주,"송산리고분군·국립공주박물관 일대",HIT,LOCATION,MEAL,"공주","정안알밤(하)휴게소","충청남도 공주시 정안면 논산천안고속도로 57 정안알밤(하)휴게소",12.066
NORMAL,공주,"송산리고분군·국립공주박물관 일대",HIT,LOCATION,MEAL,"공주","공주쌍신집칼국수","충청남도 공주시 쌍신길 109-2 공주쌍신집칼국수",2.204
NORMAL,공주,"송산리고분군·국립공주박물관 일대",HIT,LOCATION,MEAL,"공주","피탕김탕","충청남도 공주시 한적2길 47-5",2.912
NORMAL,공주,"송산리고분군·국립공주박물관 일대",HIT,LOCATION,MEAL,"공주","열린매장2 정안알밤휴게소하행점","충청남도 공주시 정안면 논산천안고속도로 57",12.066
NORMAL,공주,"송산리고분군·국립공주박물관 일대",HIT,ANCHOR,CAFE,"무령왕릉","곡물집","충청남도 공주시 효심1길 12-1 1F 곡물집",1.495
NORMAL,공주,"송산리고분군·국립공주박물관 일대",HIT,ANCHOR,CAFE,"무령왕릉","로컬커피","충청남도 공주시 용당길 55-7 로컬커피",0.571
NORMAL,공주,"송산리고분군·국립공주박물관 일대",HIT,ANCHOR,CAFE,"무령왕릉","바므","충청남도 공주시 제민2길 3-2",1.350
NORMAL,공주,"송산리고분군·국립공주박물관 일대",HIT,ANCHOR,CAFE,"무령왕릉","체스넛프렌즈 공주","충청남도 공주시 봉황로 64 체스넛프렌즈",1.329
NORMAL,공주,"송산리고분군·국립공주박물관 일대",HIT,ANCHOR,CAFE,"무령왕릉","루치아의 뜰","충청남도 공주시 웅진로 145-8",1.302
NORMAL,공주,"송산리고분군·국립공주박물관 일대",HIT,LOCATION,CAFE,"공주","베이커리 밤마을","충청남도 공주시 백미고을길 5-9 베이커리밤마을",0.869
NORMAL,공주,"송산리고분군·국립공주박물관 일대",HIT,LOCATION,CAFE,"공주","공주밤빵 정안상휴게소","충청남도 공주시 정안면 논산천안고속도로 58",11.913
NORMAL,공주,"송산리고분군·국립공주박물관 일대",HIT,LOCATION,CAFE,"공주","프린세스 피크닉 카페","충청남도 공주시 치미마을길 74 프린세스 피크닉카페",1.844
NORMAL,공주,"송산리고분군·국립공주박물관 일대",HIT,LOCATION,CAFE,"공주","호도과자1 정안 하행휴게소","충청남도 공주시 정안면 논산천안고속도로 58",11.913
NORMAL,공주,"송산리고분군·국립공주박물관 일대",HIT,LOCATION,CAFE,"공주","라루체","충청남도 공주시 반포면 계룡대로 1392",16.866
NORMAL,공주,"송산리고분군·국립공주박물관 일대",HIT,ANCHOR,SHOPPING,"무령왕릉","다이소 공주점","충청남도 공주시 웅진로 185-1",1.135
NORMAL,공주,"송산리고분군·국립공주박물관 일대",HIT,ANCHOR,SHOPPING,"무령왕릉","공주산성시장","충청남도 공주시 용당길 22 산성시장고객지원센터",1.025
NORMAL,공주,"송산리고분군·국립공주박물관 일대",HIT,ANCHOR,SHOPPING,"무령왕릉","다비치안경 공주산성시장점","충청남도 공주시 웅진로 207 1층 다비치안경",1.040
NORMAL,공주,"송산리고분군·국립공주박물관 일대",HIT,ANCHOR,SHOPPING,"무령왕릉","공주축산직영매장","충청남도 공주시 용당길 10",0.979
NORMAL,공주,"송산리고분군·국립공주박물관 일대",HIT,ANCHOR,SHOPPING,"무령왕릉","단편선","충청남도 공주시 웅진로 119-1 2층",1.528
NORMAL,공주,"송산리고분군·국립공주박물관 일대",HIT,LOCATION,SHOPPING,"공주","다이소 공주신관점","충청남도 공주시 번영1로 37",1.982
NORMAL,공주,"송산리고분군·국립공주박물관 일대",HIT,LOCATION,SHOPPING,"공주","탑할인유통","충청남도 공주시 흑수골길 30",2.642
NORMAL,공주,"송산리고분군·국립공주박물관 일대",HIT,LOCATION,SHOPPING,"공주","서우마트 공주점","충청남도 공주시 장기로 24",3.258
NORMAL,공주,"송산리고분군·국립공주박물관 일대",HIT,LOCATION,SHOPPING,"공주","잡화코너 정안(하)휴게소","충청남도 공주시 정안면 논산천안고속도로 57",12.066
NORMAL,공주,"송산리고분군·국립공주박물관 일대",HIT,LOCATION,SHOPPING,"공주","GS더프레시 공주점","충청남도 공주시 무령로 310",1.974
NORMAL,공주,"송산리고분군·국립공주박물관 일대",HIT,ANCHOR,ATTRACTION,"무령왕릉","공주무령왕릉과왕릉원","충청남도 공주시 왕릉로 37",0.105
NORMAL,공주,"송산리고분군·국립공주박물관 일대",HIT,ANCHOR,ATTRACTION,"무령왕릉","백제무령왕릉연문","충청남도 공주시 금성동 221",0.793
NORMAL,공주,"송산리고분군·국립공주박물관 일대",HIT,LOCATION,ATTRACTION,"공주","마곡사","충청남도 공주시 사곡면 마곡사로 966",14.076
NORMAL,공주,"송산리고분군·국립공주박물관 일대",HIT,LOCATION,ATTRACTION,"공주","공산성","충청남도 공주시 금성동 53-51",1.097
NORMAL,공주,"송산리고분군·국립공주박물관 일대",HIT,LOCATION,ATTRACTION,"공주","유구 색동수국정원","충청남도 공주시 유구읍 유구리 648-17",17.617
NORMAL,공주,"송산리고분군·국립공주박물관 일대",HIT,LOCATION,ATTRACTION,"공주","동학사","충청남도 공주시 반포면 동학사1로 462",15.348
NORMAL,공주,"송산리고분군·국립공주박물관 일대",HIT,LOCATION,ATTRACTION,"공주","히어위고글램핑&amp;바베큐","충청남도 공주시 정안면 느진묵길 89 1층",10.699
NORMAL,공주,"송산리고분군·박물관 일대",HIT,ANCHOR,MEAL,"무령왕릉","곰골식당","충청남도 공주시 봉황산1길 1-2 곰골식당",1.318
NORMAL,공주,"송산리고분군·박물관 일대",HIT,ANCHOR,MEAL,"무령왕릉","명성불고기","충청남도 공주시 웅진로 200",1.104
NORMAL,공주,"송산리고분군·박물관 일대",HIT,LOCATION,MEAL,"공주","정안알밤(하)휴게소","충청남도 공주시 정안면 논산천안고속도로 57 정안알밤(하)휴게소",12.066
NORMAL,공주,"송산리고분군·박물관 일대",HIT,LOCATION,MEAL,"공주","공주쌍신집칼국수","충청남도 공주시 쌍신길 109-2 공주쌍신집칼국수",2.204
NORMAL,공주,"송산리고분군·박물관 일대",HIT,LOCATION,MEAL,"공주","피탕김탕","충청남도 공주시 한적2길 47-5",2.912
NORMAL,공주,"송산리고분군·박물관 일대",HIT,LOCATION,MEAL,"공주","열린매장2 정안알밤휴게소하행점","충청남도 공주시 정안면 논산천안고속도로 57",12.066
NORMAL,공주,"송산리고분군·박물관 일대",HIT,ANCHOR,CAFE,"무령왕릉","곡물집","충청남도 공주시 효심1길 12-1 1F 곡물집",1.495
NORMAL,공주,"송산리고분군·박물관 일대",HIT,ANCHOR,CAFE,"무령왕릉","로컬커피","충청남도 공주시 용당길 55-7 로컬커피",0.571
NORMAL,공주,"송산리고분군·박물관 일대",HIT,ANCHOR,CAFE,"무령왕릉","바므","충청남도 공주시 제민2길 3-2",1.350
NORMAL,공주,"송산리고분군·박물관 일대",HIT,ANCHOR,CAFE,"무령왕릉","체스넛프렌즈 공주","충청남도 공주시 봉황로 64 체스넛프렌즈",1.329
NORMAL,공주,"송산리고분군·박물관 일대",HIT,ANCHOR,CAFE,"무령왕릉","루치아의 뜰","충청남도 공주시 웅진로 145-8",1.302
NORMAL,공주,"송산리고분군·박물관 일대",HIT,LOCATION,CAFE,"공주","베이커리 밤마을","충청남도 공주시 백미고을길 5-9 베이커리밤마을",0.869
NORMAL,공주,"송산리고분군·박물관 일대",HIT,LOCATION,CAFE,"공주","공주밤빵 정안상휴게소","충청남도 공주시 정안면 논산천안고속도로 58",11.913
NORMAL,공주,"송산리고분군·박물관 일대",HIT,LOCATION,CAFE,"공주","프린세스 피크닉 카페","충청남도 공주시 치미마을길 74 프린세스 피크닉카페",1.844
NORMAL,공주,"송산리고분군·박물관 일대",HIT,LOCATION,CAFE,"공주","호도과자1 정안 하행휴게소","충청남도 공주시 정안면 논산천안고속도로 58",11.913
NORMAL,공주,"송산리고분군·박물관 일대",HIT,LOCATION,CAFE,"공주","라루체","충청남도 공주시 반포면 계룡대로 1392",16.866
NORMAL,공주,"송산리고분군·박물관 일대",HIT,ANCHOR,SHOPPING,"무령왕릉","다이소 공주점","충청남도 공주시 웅진로 185-1",1.135
NORMAL,공주,"송산리고분군·박물관 일대",HIT,ANCHOR,SHOPPING,"무령왕릉","공주산성시장","충청남도 공주시 용당길 22 산성시장고객지원센터",1.025
NORMAL,공주,"송산리고분군·박물관 일대",HIT,ANCHOR,SHOPPING,"무령왕릉","다비치안경 공주산성시장점","충청남도 공주시 웅진로 207 1층 다비치안경",1.040
NORMAL,공주,"송산리고분군·박물관 일대",HIT,ANCHOR,SHOPPING,"무령왕릉","공주축산직영매장","충청남도 공주시 용당길 10",0.979
NORMAL,공주,"송산리고분군·박물관 일대",HIT,ANCHOR,SHOPPING,"무령왕릉","단편선","충청남도 공주시 웅진로 119-1 2층",1.528
NORMAL,공주,"송산리고분군·박물관 일대",HIT,LOCATION,SHOPPING,"공주","다이소 공주신관점","충청남도 공주시 번영1로 37",1.982
NORMAL,공주,"송산리고분군·박물관 일대",HIT,LOCATION,SHOPPING,"공주","탑할인유통","충청남도 공주시 흑수골길 30",2.642
NORMAL,공주,"송산리고분군·박물관 일대",HIT,LOCATION,SHOPPING,"공주","서우마트 공주점","충청남도 공주시 장기로 24",3.258
NORMAL,공주,"송산리고분군·박물관 일대",HIT,LOCATION,SHOPPING,"공주","잡화코너 정안(하)휴게소","충청남도 공주시 정안면 논산천안고속도로 57",12.066
NORMAL,공주,"송산리고분군·박물관 일대",HIT,LOCATION,SHOPPING,"공주","GS더프레시 공주점","충청남도 공주시 무령로 310",1.974
NORMAL,공주,"송산리고분군·박물관 일대",HIT,ANCHOR,ATTRACTION,"무령왕릉","공주무령왕릉과왕릉원","충청남도 공주시 왕릉로 37",0.105
NORMAL,공주,"송산리고분군·박물관 일대",HIT,ANCHOR,ATTRACTION,"무령왕릉","백제무령왕릉연문","충청남도 공주시 금성동 221",0.793
NORMAL,공주,"송산리고분군·박물관 일대",HIT,LOCATION,ATTRACTION,"공주","마곡사","충청남도 공주시 사곡면 마곡사로 966",14.076
NORMAL,공주,"송산리고분군·박물관 일대",HIT,LOCATION,ATTRACTION,"공주","공산성","충청남도 공주시 금성동 53-51",1.097
NORMAL,공주,"송산리고분군·박물관 일대",HIT,LOCATION,ATTRACTION,"공주","유구 색동수국정원","충청남도 공주시 유구읍 유구리 648-17",17.617
NORMAL,공주,"송산리고분군·박물관 일대",HIT,LOCATION,ATTRACTION,"공주","동학사","충청남도 공주시 반포면 동학사1로 462",15.348
NORMAL,공주,"송산리고분군·박물관 일대",HIT,LOCATION,ATTRACTION,"공주","히어위고글램핑&amp;바베큐","충청남도 공주시 정안면 느진묵길 89 1층",10.699
NORMAL,공주,"송산리고분군·박물관 일대",FALLBACK_LOCATION,LOCATION,MEAL,"공주","정안알밤(하)휴게소","충청남도 공주시 정안면 논산천안고속도로 57 정안알밤(하)휴게소",12.028
NORMAL,공주,"송산리고분군·박물관 일대",FALLBACK_LOCATION,LOCATION,MEAL,"공주","공주쌍신집칼국수","충청남도 공주시 쌍신길 109-2 공주쌍신집칼국수",2.107
NORMAL,공주,"송산리고분군·박물관 일대",FALLBACK_LOCATION,LOCATION,MEAL,"공주","피탕김탕","충청남도 공주시 한적2길 47-5",2.050
NORMAL,공주,"송산리고분군·박물관 일대",FALLBACK_LOCATION,LOCATION,MEAL,"공주","열린매장2 정안알밤휴게소하행점","충청남도 공주시 정안면 논산천안고속도로 57",12.028
NORMAL,공주,"송산리고분군·박물관 일대",FALLBACK_LOCATION,LOCATION,CAFE,"공주","베이커리 밤마을","충청남도 공주시 백미고을길 5-9 베이커리밤마을",0.339
NORMAL,공주,"송산리고분군·박물관 일대",FALLBACK_LOCATION,LOCATION,CAFE,"공주","공주밤빵 정안상휴게소","충청남도 공주시 정안면 논산천안고속도로 58",11.850
NORMAL,공주,"송산리고분군·박물관 일대",FALLBACK_LOCATION,LOCATION,CAFE,"공주","프린세스 피크닉 카페","충청남도 공주시 치미마을길 74 프린세스 피크닉카페",1.494
NORMAL,공주,"송산리고분군·박물관 일대",FALLBACK_LOCATION,LOCATION,CAFE,"공주","호도과자1 정안 하행휴게소","충청남도 공주시 정안면 논산천안고속도로 58",11.850
NORMAL,공주,"송산리고분군·박물관 일대",FALLBACK_LOCATION,LOCATION,CAFE,"공주","라루체","충청남도 공주시 반포면 계룡대로 1392",16.134
NORMAL,공주,"송산리고분군·박물관 일대",FALLBACK_LOCATION,LOCATION,SHOPPING,"공주","다이소 공주신관점","충청남도 공주시 번영1로 37",1.087
NORMAL,공주,"송산리고분군·박물관 일대",FALLBACK_LOCATION,LOCATION,SHOPPING,"공주","탑할인유통","충청남도 공주시 흑수골길 30",1.649
NORMAL,공주,"송산리고분군·박물관 일대",FALLBACK_LOCATION,LOCATION,SHOPPING,"공주","서우마트 공주점","충청남도 공주시 장기로 24",2.350
NORMAL,공주,"송산리고분군·박물관 일대",FALLBACK_LOCATION,LOCATION,SHOPPING,"공주","잡화코너 정안(하)휴게소","충청남도 공주시 정안면 논산천안고속도로 57",12.028
NORMAL,공주,"송산리고분군·박물관 일대",FALLBACK_LOCATION,LOCATION,SHOPPING,"공주","GS더프레시 공주점","충청남도 공주시 무령로 310",1.113
NORMAL,공주,"송산리고분군·박물관 일대",FALLBACK_LOCATION,LOCATION,ATTRACTION,"공주","마곡사","충청남도 공주시 사곡면 마곡사로 966",14.746
NORMAL,공주,"송산리고분군·박물관 일대",FALLBACK_LOCATION,LOCATION,ATTRACTION,"공주","공산성","충청남도 공주시 금성동 53-51",0.026
NORMAL,공주,"송산리고분군·박물관 일대",FALLBACK_LOCATION,LOCATION,ATTRACTION,"공주","유구 색동수국정원","충청남도 공주시 유구읍 유구리 648-17",18.474
NORMAL,공주,"송산리고분군·박물관 일대",FALLBACK_LOCATION,LOCATION,ATTRACTION,"공주","동학사","충청남도 공주시 반포면 동학사1로 462",14.775
NORMAL,공주,"송산리고분군·박물관 일대",FALLBACK_LOCATION,LOCATION,ATTRACTION,"공주","히어위고글램핑&amp;바베큐","충청남도 공주시 정안면 느진묵길 89 1층",10.946
NORMAL,부산,"광안리·민락수변공원 일대",HIT,AREA,MEAL,"광안리","조개대표 광안본점","부산광역시 수영구 광남로94번길 16 204호",1.002
NORMAL,부산,"광안리·민락수변공원 일대",HIT,AREA,MEAL,"광안리","광안리 산해횟집","부산광역시 수영구 광안해변로344번길 17-20 풍경타워 8층 광안리 산해횟집",0.594
NORMAL,부산,"광안리·민락수변공원 일대",HIT,AREA,MEAL,"광안리","광안리 진양호횟집","부산광역시 수영구 광안해변로344번길 17-20 풍경타워 4층 광안리 진양호횟집",0.598
NORMAL,부산,"광안리·민락수변공원 일대",HIT,AREA,MEAL,"광안리","도우개러지 피자 광안점","부산광역시 수영구 광안해변로 235 5층 도우개러지 광안점",0.544
NORMAL,부산,"광안리·민락수변공원 일대",HIT,AREA,MEAL,"광안리","청춘조개 광안리본점","부산광역시 수영구 남천바다로 38-1 4층",1.168
NORMAL,부산,"광안리·민락수변공원 일대",HIT,ANCHOR,MEAL,"광안대교","도우개러지 피자 광안점","부산광역시 수영구 광안해변로 235 5층 도우개러지 광안점",0.544
NORMAL,부산,"광안리·민락수변공원 일대",HIT,ANCHOR,MEAL,"광안대교","부산토박이돼지국밥 광안본점","부산광역시 수영구 광안로 64 1층 부산토박이 돼지국밥 광안본점",0.614
NORMAL,부산,"광안리·민락수변공원 일대",HIT,ANCHOR,MEAL,"광안대교","매드독스 광안리점","부산광역시 수영구 광안해변로 235",0.536
NORMAL,부산,"광안리·민락수변공원 일대",HIT,ANCHOR,MEAL,"광안대교","마담에뽀끄 본점","부산광역시 수영구 광안해변로 239 2층",0.509
NORMAL,부산,"광안리·민락수변공원 일대",HIT,LOCATION,MEAL,"부산","도우개러지 피자 전포점","부산광역시 부산진구 서전로46번길 8 1층 도우개러지",5.538
NORMAL,부산,"광안리·민락수변공원 일대",HIT,LOCATION,MEAL,"부산","조개대표 광안본점","부산광역시 수영구 광남로94번길 16 204호",1.002
NORMAL,부산,"광안리·민락수변공원 일대",HIT,LOCATION,MEAL,"부산","솔내음한정식 해운대본점","부산광역시 해운대구 달맞이길117번길 17-11 이조빌딩 3층 솔내음한정식",4.539
NORMAL,부산,"광안리·민락수변공원 일대",HIT,LOCATION,MEAL,"부산","어느멋진날","부산광역시 기장군 일광읍 기장해안로 1286 (기장 일광해수욕장 해변 바로 앞)",15.329
NORMAL,부산,"광안리·민락수변공원 일대",HIT,LOCATION,MEAL,"부산","광안리 산해횟집","부산광역시 수영구 광안해변로344번길 17-20 풍경타워 8층 광안리 산해횟집",0.594
NORMAL,부산,"광안리·민락수변공원 일대",HIT,AREA,CAFE,"광안리","페로어페로 광안리점","부산광역시 수영구 남천바다로 38-6 페로어페로",1.183
NORMAL,부산,"광안리·민락수변공원 일대",HIT,AREA,CAFE,"광안리","모치플레지르","부산광역시 수영구 수영로545번길 17-17 1-2층",1.301
NORMAL,부산,"광안리·민락수변공원 일대",HIT,AREA,CAFE,"광안리","티티티","부산광역시 수영구 광안해변로 269 401호 ttt",0.352
NORMAL,부산,"광안리·민락수변공원 일대",HIT,AREA,CAFE,"광안리","차선책 본점","부산광역시 수영구 광안해변로 237 3층 301호",0.531
NORMAL,부산,"광안리·민락수변공원 일대",HIT,ANCHOR,CAFE,"광안대교","차선책 본점","부산광역시 수영구 광안해변로 237 3층 301호",0.531
NORMAL,부산,"광안리·민락수변공원 일대",HIT,ANCHOR,CAFE,"광안대교","스타벅스 광안리점","부산광역시 수영구 광안해변로 247 (민락동)",0.455
NORMAL,부산,"광안리·민락수변공원 일대",HIT,ANCHOR,CAFE,"광안대교","뚜벅스 광안점","부산광역시 수영구 광안해변로 239 7층",0.512
NORMAL,부산,"광안리·민락수변공원 일대",HIT,LOCATION,CAFE,"부산","이스케이프탑 부산점","부산광역시 부산진구 중앙대로691번길 54 2층 이스케이프탑",6.305
NORMAL,부산,"광안리·민락수변공원 일대",HIT,LOCATION,CAFE,"부산","르에보 서면점","부산광역시 부산진구 전포대로 196 1층, 전포동 부산은행 사거리 옆 전포역 8번출구 앞",5.438
NORMAL,부산,"광안리·민락수변공원 일대",HIT,LOCATION,CAFE,"부산","수월경화","부산광역시 해운대구 송정중앙로6번길 188 4층",6.939
NORMAL,부산,"광안리·민락수변공원 일대",HIT,LOCATION,CAFE,"부산","칠암사계","부산광역시 기장군 일광읍 칠암1길 7-10",20.313
NORMAL,부산,"광안리·민락수변공원 일대",HIT,AREA,SHOPPING,"광안리","홈플러스익스프레스 광안점","부산광역시 수영구 수영로 625 홈플러스익스프레스 광안점",1.421
NORMAL,부산,"광안리·민락수변공원 일대",HIT,AREA,SHOPPING,"광안리","농축산마트 광안쌍용점","부산광역시 수영구 광안로 37",0.865
NORMAL,부산,"광안리·민락수변공원 일대",HIT,AREA,SHOPPING,"광안리","자이마트 민락점","부산광역시 수영구 광안해변로277번길 18",0.384
NORMAL,부산,"광안리·민락수변공원 일대",HIT,AREA,SHOPPING,"광안리","아시아마트 광안점","부산광역시 수영구 장대골로 20-8 정원타워Ⅰ",1.432
NORMAL,부산,"광안리·민락수변공원 일대",HIT,AREA,SHOPPING,"광안리","센티카 광안","부산광역시 수영구 광안로 25",0.966
NORMAL,부산,"광안리·민락수변공원 일대",HIT,ANCHOR,SHOPPING,"광안대교","GS25 광안해변점","부산광역시 수영구 광안해변로 229",0.581
NORMAL,부산,"광안리·민락수변공원 일대",HIT,ANCHOR,SHOPPING,"광안대교","오랜지바다","부산광역시 수영구 광안해변로 245-1",0.466
NORMAL,부산,"광안리·민락수변공원 일대",HIT,ANCHOR,SHOPPING,"광안대교","올리브영 광안비치점","부산광역시 수영구 광안해변로 235 1층 101호",0.538
NORMAL,부산,"광안리·민락수변공원 일대",HIT,ANCHOR,SHOPPING,"광안대교","수아이안경","부산광역시 수영구 광남로 157 1층 1호",0.693
NORMAL,부산,"광안리·민락수변공원 일대",HIT,LOCATION,SHOPPING,"부산","코스트코코리아 부산점","부산광역시 수영구 구락로 137",2.938
NORMAL,부산,"광안리·민락수변공원 일대",HIT,LOCATION,SHOPPING,"부산","이케아 동부산점","부산광역시 기장군 기장읍 동부산관광3로 17",8.732
NORMAL,부산,"광안리·민락수변공원 일대",HIT,LOCATION,SHOPPING,"부산","트레이더스 홀세일 클럽 서면점","부산광역시 부산진구 시민공원로 31 트레이더스 홀세일 클럽 서면점",6.719
NORMAL,부산,"광안리·민락수변공원 일대",HIT,LOCATION,SHOPPING,"부산","메가마트 동래점","부산광역시 동래구 충렬대로 197 메가마트",6.971
NORMAL,부산,"광안리·민락수변공원 일대",HIT,LOCATION,SHOPPING,"부산","트레이더스 홀세일클럽 명지점","부산광역시 강서구 명지국제6로 168 트레이더스 홀세일클럽 명지점",19.958
NORMAL,부산,"광안리·민락수변공원 일대",HIT,AREA,ATTRACTION,"광안리","광안리해수욕장","부산광역시 수영구 광안해변로 219",0.492
NORMAL,부산,"광안리·민락수변공원 일대",HIT,AREA,ATTRACTION,"광안리","세븐테마카페 본점","부산광역시 수영구 광안해변로 237 6층",0.526
NORMAL,부산,"광안리·민락수변공원 일대",HIT,AREA,ATTRACTION,"광안리","민락수변공원","부산광역시 수영구 민락동 110-19",0.825
NORMAL,부산,"광안리·민락수변공원 일대",HIT,AREA,ATTRACTION,"광안리","민락해변공원","부산광역시 수영구 민락동 113-52",0.291
NORMAL,부산,"광안리·민락수변공원 일대",HIT,AREA,ATTRACTION,"광안리","부산 불꽃축제","부산광역시 수영구 광안해변로 219",0.634
NORMAL,부산,"광안리·민락수변공원 일대",HIT,ANCHOR,ATTRACTION,"광안대교","호텔 아쿠아펠리스 스카이 전망대&amp;스카이 워크","부산광역시 수영구 광안해변로 225 호텔 아쿠아펠리스 21층",0.616
NORMAL,부산,"광안리·민락수변공원 일대",HIT,LOCATION,ATTRACTION,"부산","광안리해수욕장","부산광역시 수영구 광안해변로 219",0.492
NORMAL,부산,"광안리·민락수변공원 일대",HIT,LOCATION,ATTRACTION,"부산","라라쥬 동물원","부산광역시 강서구 명지국제8로10번길 38 1동 4층 6호 404호~411호",21.211
NORMAL,부산,"광안리·민락수변공원 일대",HIT,LOCATION,ATTRACTION,"부산","센텀시티","부산광역시 해운대구 우동",1.975
NORMAL,부산,"광안리·민락수변공원 일대",HIT,AREA,MEAL,"광안리","조개대표 광안본점","부산광역시 수영구 광남로94번길 16 204호",0.496
NORMAL,부산,"광안리·민락수변공원 일대",HIT,AREA,MEAL,"광안리","광안리 산해횟집","부산광역시 수영구 광안해변로344번길 17-20 풍경타워 8층 광안리 산해횟집",1.174
NORMAL,부산,"광안리·민락수변공원 일대",HIT,AREA,MEAL,"광안리","광안리 진양호횟집","부산광역시 수영구 광안해변로344번길 17-20 풍경타워 4층 광안리 진양호횟집",1.178
NORMAL,부산,"광안리·민락수변공원 일대",HIT,AREA,MEAL,"광안리","도우개러지 피자 광안점","부산광역시 수영구 광안해변로 235 5층 도우개러지 광안점",0.176
NORMAL,부산,"광안리·민락수변공원 일대",HIT,AREA,MEAL,"광안리","청춘조개 광안리본점","부산광역시 수영구 남천바다로 38-1 4층",0.697
NORMAL,부산,"광안리·민락수변공원 일대",HIT,ANCHOR,MEAL,"광안리해수욕장","조개대표 광안본점","부산광역시 수영구 광남로94번길 16 204호",0.496
NORMAL,부산,"광안리·민락수변공원 일대",HIT,ANCHOR,MEAL,"광안리해수욕장","광안리 산해횟집","부산광역시 수영구 광안해변로344번길 17-20 풍경타워 8층 광안리 산해횟집",1.174
NORMAL,부산,"광안리·민락수변공원 일대",HIT,ANCHOR,MEAL,"광안리해수욕장","광안리 진양호횟집","부산광역시 수영구 광안해변로344번길 17-20 풍경타워 4층 광안리 진양호횟집",1.178
NORMAL,부산,"광안리·민락수변공원 일대",HIT,ANCHOR,MEAL,"광안리해수욕장","도우개러지 피자 광안점","부산광역시 수영구 광안해변로 235 5층 도우개러지 광안점",0.176
NORMAL,부산,"광안리·민락수변공원 일대",HIT,ANCHOR,MEAL,"광안리해수욕장","청춘조개 광안리본점","부산광역시 수영구 남천바다로 38-1 4층",0.697
NORMAL,부산,"광안리·민락수변공원 일대",HIT,LOCATION,MEAL,"부산","도우개러지 피자 전포점","부산광역시 부산진구 서전로46번길 8 1층 도우개러지",4.951
NORMAL,부산,"광안리·민락수변공원 일대",HIT,LOCATION,MEAL,"부산","조개대표 광안본점","부산광역시 수영구 광남로94번길 16 204호",0.496
NORMAL,부산,"광안리·민락수변공원 일대",HIT,LOCATION,MEAL,"부산","솔내음한정식 해운대본점","부산광역시 해운대구 달맞이길117번길 17-11 이조빌딩 3층 솔내음한정식",5.128
NORMAL,부산,"광안리·민락수변공원 일대",HIT,LOCATION,MEAL,"부산","어느멋진날","부산광역시 기장군 일광읍 기장해안로 1286 (기장 일광해수욕장 해변 바로 앞)",15.732
NORMAL,부산,"광안리·민락수변공원 일대",HIT,LOCATION,MEAL,"부산","광안리 산해횟집","부산광역시 수영구 광안해변로344번길 17-20 풍경타워 8층 광안리 산해횟집",1.174
NORMAL,부산,"광안리·민락수변공원 일대",HIT,AREA,CAFE,"광안리","페로어페로 광안리점","부산광역시 수영구 남천바다로 38-6 페로어페로",0.709
NORMAL,부산,"광안리·민락수변공원 일대",HIT,AREA,CAFE,"광안리","모치플레지르","부산광역시 수영구 수영로545번길 17-17 1-2층",0.713
NORMAL,부산,"광안리·민락수변공원 일대",HIT,AREA,CAFE,"광안리","티티티","부산광역시 수영구 광안해변로 269 401호 ttt",0.473
NORMAL,부산,"광안리·민락수변공원 일대",HIT,AREA,CAFE,"광안리","차선책 본점","부산광역시 수영구 광안해변로 237 3층 301호",0.184
NORMAL,부산,"광안리·민락수변공원 일대",HIT,ANCHOR,CAFE,"광안리해수욕장","페로어페로 광안리점","부산광역시 수영구 남천바다로 38-6 페로어페로",0.709
NORMAL,부산,"광안리·민락수변공원 일대",HIT,ANCHOR,CAFE,"광안리해수욕장","모치플레지르","부산광역시 수영구 수영로545번길 17-17 1-2층",0.713
NORMAL,부산,"광안리·민락수변공원 일대",HIT,ANCHOR,CAFE,"광안리해수욕장","티티티","부산광역시 수영구 광안해변로 269 401호 ttt",0.473
NORMAL,부산,"광안리·민락수변공원 일대",HIT,ANCHOR,CAFE,"광안리해수욕장","차선책 본점","부산광역시 수영구 광안해변로 237 3층 301호",0.184
NORMAL,부산,"광안리·민락수변공원 일대",HIT,LOCATION,CAFE,"부산","이스케이프탑 부산점","부산광역시 부산진구 중앙대로691번길 54 2층 이스케이프탑",5.715
NORMAL,부산,"광안리·민락수변공원 일대",HIT,LOCATION,CAFE,"부산","르에보 서면점","부산광역시 부산진구 전포대로 196 1층, 전포동 부산은행 사거리 옆 전포역 8번출구 앞",4.847
NORMAL,부산,"광안리·민락수변공원 일대",HIT,LOCATION,CAFE,"부산","수월경화","부산광역시 해운대구 송정중앙로6번길 188 4층",7.500
NORMAL,부산,"광안리·민락수변공원 일대",HIT,LOCATION,CAFE,"부산","칠암사계","부산광역시 기장군 일광읍 칠암1길 7-10",20.688
NORMAL,부산,"광안리·민락수변공원 일대",HIT,AREA,SHOPPING,"광안리","홈플러스익스프레스 광안점","부산광역시 수영구 수영로 625 홈플러스익스프레스 광안점",1.064
NORMAL,부산,"광안리·민락수변공원 일대",HIT,AREA,SHOPPING,"광안리","농축산마트 광안쌍용점","부산광역시 수영구 광안로 37",0.362
NORMAL,부산,"광안리·민락수변공원 일대",HIT,AREA,SHOPPING,"광안리","자이마트 민락점","부산광역시 수영구 광안해변로277번길 18",0.637
NORMAL,부산,"광안리·민락수변공원 일대",HIT,AREA,SHOPPING,"광안리","아시아마트 광안점","부산광역시 수영구 장대골로 20-8 정원타워Ⅰ",0.958
NORMAL,부산,"광안리·민락수변공원 일대",HIT,AREA,SHOPPING,"광안리","센티카 광안","부산광역시 수영구 광안로 25",0.470
NORMAL,부산,"광안리·민락수변공원 일대",HIT,ANCHOR,SHOPPING,"광안리해수욕장","홈플러스익스프레스 광안점","부산광역시 수영구 수영로 625 홈플러스익스프레스 광안점",1.064
NORMAL,부산,"광안리·민락수변공원 일대",HIT,ANCHOR,SHOPPING,"광안리해수욕장","농축산마트 광안쌍용점","부산광역시 수영구 광안로 37",0.362
NORMAL,부산,"광안리·민락수변공원 일대",HIT,ANCHOR,SHOPPING,"광안리해수욕장","자이마트 민락점","부산광역시 수영구 광안해변로277번길 18",0.637
NORMAL,부산,"광안리·민락수변공원 일대",HIT,ANCHOR,SHOPPING,"광안리해수욕장","아시아마트 광안점","부산광역시 수영구 장대골로 20-8 정원타워Ⅰ",0.958
NORMAL,부산,"광안리·민락수변공원 일대",HIT,ANCHOR,SHOPPING,"광안리해수욕장","센티카 광안","부산광역시 수영구 광안로 25",0.470
NORMAL,부산,"광안리·민락수변공원 일대",HIT,LOCATION,SHOPPING,"부산","코스트코코리아 부산점","부산광역시 수영구 구락로 137",2.828
NORMAL,부산,"광안리·민락수변공원 일대",HIT,LOCATION,SHOPPING,"부산","이케아 동부산점","부산광역시 기장군 기장읍 동부산관광3로 17",9.267
NORMAL,부산,"광안리·민락수변공원 일대",HIT,LOCATION,SHOPPING,"부산","트레이더스 홀세일 클럽 서면점","부산광역시 부산진구 시민공원로 31 트레이더스 홀세일 클럽 서면점",6.143
NORMAL,부산,"광안리·민락수변공원 일대",HIT,LOCATION,SHOPPING,"부산","메가마트 동래점","부산광역시 동래구 충렬대로 197 메가마트",6.665
NORMAL,부산,"광안리·민락수변공원 일대",HIT,LOCATION,SHOPPING,"부산","트레이더스 홀세일클럽 명지점","부산광역시 강서구 명지국제6로 168 트레이더스 홀세일클럽 명지점",19.395
NORMAL,부산,"광안리·민락수변공원 일대",HIT,AREA,ATTRACTION,"광안리","광안리해수욕장","부산광역시 수영구 광안해변로 219",0.148
NORMAL,부산,"광안리·민락수변공원 일대",HIT,AREA,ATTRACTION,"광안리","세븐테마카페 본점","부산광역시 수영구 광안해변로 237 6층",0.191
NORMAL,부산,"광안리·민락수변공원 일대",HIT,AREA,ATTRACTION,"광안리","민락수변공원","부산광역시 수영구 민락동 110-19",1.411
NORMAL,부산,"광안리·민락수변공원 일대",HIT,AREA,ATTRACTION,"광안리","민락해변공원","부산광역시 수영구 민락동 113-52",0.469
NORMAL,부산,"광안리·민락수변공원 일대",HIT,AREA,ATTRACTION,"광안리","부산 불꽃축제","부산광역시 수영구 광안해변로 219",0.078
NORMAL,부산,"광안리·민락수변공원 일대",HIT,ANCHOR,ATTRACTION,"광안리해수욕장","광안리해수욕장","부산광역시 수영구 광안해변로 219",0.148
NORMAL,부산,"광안리·민락수변공원 일대",HIT,ANCHOR,ATTRACTION,"광안리해수욕장","세븐테마카페 본점","부산광역시 수영구 광안해변로 237 6층",0.191
NORMAL,부산,"광안리·민락수변공원 일대",HIT,ANCHOR,ATTRACTION,"광안리해수욕장","민락수변공원","부산광역시 수영구 민락동 110-19",1.411
NORMAL,부산,"광안리·민락수변공원 일대",HIT,ANCHOR,ATTRACTION,"광안리해수욕장","민락해변공원","부산광역시 수영구 민락동 113-52",0.469
NORMAL,부산,"광안리·민락수변공원 일대",HIT,ANCHOR,ATTRACTION,"광안리해수욕장","부산 불꽃축제","부산광역시 수영구 광안해변로 219",0.078
NORMAL,부산,"광안리·민락수변공원 일대",HIT,LOCATION,ATTRACTION,"부산","광안리해수욕장","부산광역시 수영구 광안해변로 219",0.148
NORMAL,부산,"광안리·민락수변공원 일대",HIT,LOCATION,ATTRACTION,"부산","라라쥬 동물원","부산광역시 강서구 명지국제8로10번길 38 1동 4층 6호 404호~411호",20.642
NORMAL,부산,"광안리·민락수변공원 일대",HIT,LOCATION,ATTRACTION,"부산","센텀시티","부산광역시 해운대구 우동",2.192
NORMAL,부산,"달맞이길·청사포 일대",FALLBACK_LOCATION,AREA,MEAL,"달맞이길","솔내음한정식 해운대본점","부산광역시 해운대구 달맞이길117번길 17-11 이조빌딩 3층 솔내음한정식",1.376
NORMAL,부산,"달맞이길·청사포 일대",FALLBACK_LOCATION,AREA,MEAL,"달맞이길","선창횟집","부산광역시 해운대구 달맞이길62번길 67 선창횟집",1.281
NORMAL,부산,"달맞이길·청사포 일대",FALLBACK_LOCATION,AREA,MEAL,"달맞이길","극동돼지국밥","부산광역시 해운대구 달맞이길62번길 17 1층 극동돼지국밥",0.990
NORMAL,부산,"달맞이길·청사포 일대",FALLBACK_LOCATION,AREA,MEAL,"달맞이길","루아앤티그리","부산광역시 해운대구 청사포로67번길 99 루아앤티그리",2.921
NORMAL,부산,"달맞이길·청사포 일대",FALLBACK_LOCATION,ANCHOR,MEAL,"달맞이길","솔내음한정식 해운대본점","부산광역시 해운대구 달맞이길117번길 17-11 이조빌딩 3층 솔내음한정식",1.376
NORMAL,부산,"달맞이길·청사포 일대",FALLBACK_LOCATION,ANCHOR,MEAL,"달맞이길","선창횟집","부산광역시 해운대구 달맞이길62번길 67 선창횟집",1.281
NORMAL,부산,"달맞이길·청사포 일대",FALLBACK_LOCATION,ANCHOR,MEAL,"달맞이길","극동돼지국밥","부산광역시 해운대구 달맞이길62번길 17 1층 극동돼지국밥",0.990
NORMAL,부산,"달맞이길·청사포 일대",FALLBACK_LOCATION,ANCHOR,MEAL,"달맞이길","루아앤티그리","부산광역시 해운대구 청사포로67번길 99 루아앤티그리",2.921
NORMAL,부산,"달맞이길·청사포 일대",FALLBACK_LOCATION,LOCATION,MEAL,"부산","도우개러지 피자 전포점","부산광역시 부산진구 서전로46번길 8 1층 도우개러지",8.647
NORMAL,부산,"달맞이길·청사포 일대",FALLBACK_LOCATION,LOCATION,MEAL,"부산","조개대표 광안본점","부산광역시 수영구 광남로94번길 16 204호",4.161
NORMAL,부산,"달맞이길·청사포 일대",FALLBACK_LOCATION,LOCATION,MEAL,"부산","솔내음한정식 해운대본점","부산광역시 해운대구 달맞이길117번길 17-11 이조빌딩 3층 솔내음한정식",1.376
NORMAL,부산,"달맞이길·청사포 일대",FALLBACK_LOCATION,LOCATION,MEAL,"부산","어느멋진날","부산광역시 기장군 일광읍 기장해안로 1286 (기장 일광해수욕장 해변 바로 앞)",13.036
NORMAL,부산,"달맞이길·청사포 일대",FALLBACK_LOCATION,LOCATION,MEAL,"부산","광안리 산해횟집","부산광역시 수영구 광안해변로344번길 17-20 풍경타워 8층 광안리 산해횟집",2.590
NORMAL,부산,"달맞이길·청사포 일대",FALLBACK_LOCATION,AREA,CAFE,"달맞이길","후스후무무 베이커리","부산광역시 해운대구 달맞이길62번길 3 B1층",1.083
NORMAL,부산,"달맞이길·청사포 일대",FALLBACK_LOCATION,AREA,CAFE,"달맞이길","호랑이젤라떡 부산해운대본점","부산광역시 해운대구 달맞이길62번길 38 115호, 116호",1.004
NORMAL,부산,"달맞이길·청사포 일대",FALLBACK_LOCATION,AREA,CAFE,"달맞이길","비비비당","부산광역시 해운대구 달맞이길 239-16 4층비비비당",2.329
NORMAL,부산,"달맞이길·청사포 일대",FALLBACK_LOCATION,AREA,CAFE,"달맞이길","비엔씨제과 해운대점","부산광역시 해운대구 좌동순환로433번길 29-1 1층 비엔씨제과 해운대점",1.553
NORMAL,부산,"달맞이길·청사포 일대",FALLBACK_LOCATION,ANCHOR,CAFE,"달맞이길","후스후무무 베이커리","부산광역시 해운대구 달맞이길62번길 3 B1층",1.083
NORMAL,부산,"달맞이길·청사포 일대",FALLBACK_LOCATION,ANCHOR,CAFE,"달맞이길","호랑이젤라떡 부산해운대본점","부산광역시 해운대구 달맞이길62번길 38 115호, 116호",1.004
NORMAL,부산,"달맞이길·청사포 일대",FALLBACK_LOCATION,ANCHOR,CAFE,"달맞이길","비비비당","부산광역시 해운대구 달맞이길 239-16 4층비비비당",2.329
NORMAL,부산,"달맞이길·청사포 일대",FALLBACK_LOCATION,ANCHOR,CAFE,"달맞이길","비엔씨제과 해운대점","부산광역시 해운대구 좌동순환로433번길 29-1 1층 비엔씨제과 해운대점",1.553
NORMAL,부산,"달맞이길·청사포 일대",FALLBACK_LOCATION,LOCATION,CAFE,"부산","이스케이프탑 부산점","부산광역시 부산진구 중앙대로691번길 54 2층 이스케이프탑",9.439
NORMAL,부산,"달맞이길·청사포 일대",FALLBACK_LOCATION,LOCATION,CAFE,"부산","르에보 서면점","부산광역시 부산진구 전포대로 196 1층, 전포동 부산은행 사거리 옆 전포역 8번출구 앞",8.577
NORMAL,부산,"달맞이길·청사포 일대",FALLBACK_LOCATION,LOCATION,CAFE,"부산","수월경화","부산광역시 해운대구 송정중앙로6번길 188 4층",3.868
NORMAL,부산,"달맞이길·청사포 일대",FALLBACK_LOCATION,LOCATION,CAFE,"부산","칠암사계","부산광역시 기장군 일광읍 칠암1길 7-10",18.117
NORMAL,부산,"달맞이길·청사포 일대",FALLBACK_LOCATION,AREA,SHOPPING,"달맞이길","이마트 해운대점","부산광역시 해운대구 좌동순환로 511",1.077
NORMAL,부산,"달맞이길·청사포 일대",FALLBACK_LOCATION,AREA,SHOPPING,"달맞이길","다이소 부산해운대장산본점","부산광역시 해운대구 해운대로 785",1.793
NORMAL,부산,"달맞이길·청사포 일대",FALLBACK_LOCATION,AREA,SHOPPING,"달맞이길","NC백화점 해운대점","부산광역시 해운대구 해운대로 813 NC백화점해운대점",2.055
NORMAL,부산,"달맞이길·청사포 일대",FALLBACK_LOCATION,AREA,SHOPPING,"달맞이길","탑마트 해운대점","부산광역시 해운대구 좌동로 38",1.542
NORMAL,부산,"달맞이길·청사포 일대",FALLBACK_LOCATION,AREA,SHOPPING,"달맞이길","킴스클럽해운대점","부산광역시 해운대구 해운대로 813",2.069
NORMAL,부산,"달맞이길·청사포 일대",FALLBACK_LOCATION,ANCHOR,SHOPPING,"달맞이길","이마트 해운대점","부산광역시 해운대구 좌동순환로 511",1.077
NORMAL,부산,"달맞이길·청사포 일대",FALLBACK_LOCATION,ANCHOR,SHOPPING,"달맞이길","다이소 부산해운대장산본점","부산광역시 해운대구 해운대로 785",1.793
NORMAL,부산,"달맞이길·청사포 일대",FALLBACK_LOCATION,ANCHOR,SHOPPING,"달맞이길","NC백화점 해운대점","부산광역시 해운대구 해운대로 813 NC백화점해운대점",2.055
NORMAL,부산,"달맞이길·청사포 일대",FALLBACK_LOCATION,ANCHOR,SHOPPING,"달맞이길","탑마트 해운대점","부산광역시 해운대구 좌동로 38",1.542
NORMAL,부산,"달맞이길·청사포 일대",FALLBACK_LOCATION,ANCHOR,SHOPPING,"달맞이길","킴스클럽해운대점","부산광역시 해운대구 해운대로 813",2.069
NORMAL,부산,"달맞이길·청사포 일대",FALLBACK_LOCATION,LOCATION,SHOPPING,"부산","코스트코코리아 부산점","부산광역시 수영구 구락로 137",4.619
NORMAL,부산,"달맞이길·청사포 일대",FALLBACK_LOCATION,LOCATION,SHOPPING,"부산","이케아 동부산점","부산광역시 기장군 기장읍 동부산관광3로 17",5.785
NORMAL,부산,"달맞이길·청사포 일대",FALLBACK_LOCATION,LOCATION,SHOPPING,"부산","트레이더스 홀세일 클럽 서면점","부산광역시 부산진구 시민공원로 31 트레이더스 홀세일 클럽 서면점",9.758
NORMAL,부산,"달맞이길·청사포 일대",FALLBACK_LOCATION,LOCATION,SHOPPING,"부산","메가마트 동래점","부산광역시 동래구 충렬대로 197 메가마트",8.794
NORMAL,부산,"달맞이길·청사포 일대",FALLBACK_LOCATION,LOCATION,SHOPPING,"부산","트레이더스 홀세일클럽 명지점","부산광역시 강서구 명지국제6로 168 트레이더스 홀세일클럽 명지점",23.101
NORMAL,부산,"달맞이길·청사포 일대",FALLBACK_LOCATION,AREA,ATTRACTION,"달맞이길","부산엑스더스카이","부산광역시 해운대구 달맞이길 30",0.915
NORMAL,부산,"달맞이길·청사포 일대",FALLBACK_LOCATION,AREA,ATTRACTION,"달맞이길","청사포","부산광역시 해운대구 중1동",2.967
NORMAL,부산,"달맞이길·청사포 일대",FALLBACK_LOCATION,ANCHOR,ATTRACTION,"달맞이길","부산엑스더스카이","부산광역시 해운대구 달맞이길 30",0.915
NORMAL,부산,"달맞이길·청사포 일대",FALLBACK_LOCATION,ANCHOR,ATTRACTION,"달맞이길","청사포","부산광역시 해운대구 중1동",2.967
NORMAL,부산,"달맞이길·청사포 일대",FALLBACK_LOCATION,LOCATION,ATTRACTION,"부산","광안리해수욕장","부산광역시 수영구 광안해변로 219",3.643
NORMAL,부산,"달맞이길·청사포 일대",FALLBACK_LOCATION,LOCATION,ATTRACTION,"부산","라라쥬 동물원","부산광역시 강서구 명지국제8로10번길 38 1동 4층 6호 404호~411호",24.364
NORMAL,부산,"달맞이길·청사포 일대",FALLBACK_LOCATION,LOCATION,ATTRACTION,"부산","센텀시티","부산광역시 해운대구 우동",3.046
NORMAL,부산,"해운대 해변·달맞이길 일대",HIT,AREA,MEAL,"해운대 해변","솔내음한정식 해운대본점","부산광역시 해운대구 달맞이길117번길 17-11 이조빌딩 3층 솔내음한정식",1.376
NORMAL,부산,"해운대 해변·달맞이길 일대",HIT,AREA,MEAL,"해운대 해변","선창횟집","부산광역시 해운대구 달맞이길62번길 67 선창횟집",1.281
NORMAL,부산,"해운대 해변·달맞이길 일대",HIT,AREA,MEAL,"해운대 해변","상국이네","부산광역시 해운대구 구남로41번길 40-1 상국이네",0.475
NORMAL,부산,"해운대 해변·달맞이길 일대",HIT,AREA,MEAL,"해운대 해변","해목 해운대점","부산광역시 해운대구 구남로24번길 8",0.364
NORMAL,부산,"해운대 해변·달맞이길 일대",HIT,AREA,MEAL,"해운대 해변","해운대 가야밀면","부산광역시 해운대구 좌동순환로 27 해운대 가야밀면",1.291
NORMAL,부산,"해운대 해변·달맞이길 일대",HIT,ANCHOR,MEAL,"해운대해수욕장","솔내음한정식 해운대본점","부산광역시 해운대구 달맞이길117번길 17-11 이조빌딩 3층 솔내음한정식",1.376
NORMAL,부산,"해운대 해변·달맞이길 일대",HIT,ANCHOR,MEAL,"해운대해수욕장","선창횟집","부산광역시 해운대구 달맞이길62번길 67 선창횟집",1.281
NORMAL,부산,"해운대 해변·달맞이길 일대",HIT,ANCHOR,MEAL,"해운대해수욕장","상국이네","부산광역시 해운대구 구남로41번길 40-1 상국이네",0.475
NORMAL,부산,"해운대 해변·달맞이길 일대",HIT,ANCHOR,MEAL,"해운대해수욕장","해목 해운대점","부산광역시 해운대구 구남로24번길 8",0.364
NORMAL,부산,"해운대 해변·달맞이길 일대",HIT,ANCHOR,MEAL,"해운대해수욕장","해운대 가야밀면","부산광역시 해운대구 좌동순환로 27 해운대 가야밀면",1.291
NORMAL,부산,"해운대 해변·달맞이길 일대",HIT,LOCATION,MEAL,"부산","도우개러지 피자 전포점","부산광역시 부산진구 서전로46번길 8 1층 도우개러지",8.647
NORMAL,부산,"해운대 해변·달맞이길 일대",HIT,LOCATION,MEAL,"부산","조개대표 광안본점","부산광역시 수영구 광남로94번길 16 204호",4.161
NORMAL,부산,"해운대 해변·달맞이길 일대",HIT,LOCATION,MEAL,"부산","솔내음한정식 해운대본점","부산광역시 해운대구 달맞이길117번길 17-11 이조빌딩 3층 솔내음한정식",1.376
NORMAL,부산,"해운대 해변·달맞이길 일대",HIT,LOCATION,MEAL,"부산","어느멋진날","부산광역시 기장군 일광읍 기장해안로 1286 (기장 일광해수욕장 해변 바로 앞)",13.036
NORMAL,부산,"해운대 해변·달맞이길 일대",HIT,LOCATION,MEAL,"부산","광안리 산해횟집","부산광역시 수영구 광안해변로344번길 17-20 풍경타워 8층 광안리 산해횟집",2.590
NORMAL,부산,"해운대 해변·달맞이길 일대",HIT,AREA,CAFE,"해운대 해변","후스후무무 베이커리","부산광역시 해운대구 달맞이길62번길 3 B1층",1.083
NORMAL,부산,"해운대 해변·달맞이길 일대",HIT,AREA,CAFE,"해운대 해변","옵스 해운대점","부산광역시 해운대구 중동1로 31",0.546
NORMAL,부산,"해운대 해변·달맞이길 일대",HIT,AREA,CAFE,"해운대 해변","듀플릿 부산 해운대 해리단길점","부산광역시 해운대구 우동1로20번길 27-13 1층",0.675
NORMAL,부산,"해운대 해변·달맞이길 일대",HIT,AREA,CAFE,"해운대 해변","호랑이젤라떡 부산해운대본점","부산광역시 해운대구 달맞이길62번길 38 115호, 116호",1.004
NORMAL,부산,"해운대 해변·달맞이길 일대",HIT,AREA,CAFE,"해운대 해변","금송 덕미 해운대 해리단길점","부산광역시 해운대구 우동1로38번가길 19 2층 금송덕미 해리단길점",0.711
NORMAL,부산,"해운대 해변·달맞이길 일대",HIT,ANCHOR,CAFE,"해운대해수욕장","후스후무무 베이커리","부산광역시 해운대구 달맞이길62번길 3 B1층",1.083
NORMAL,부산,"해운대 해변·달맞이길 일대",HIT,ANCHOR,CAFE,"해운대해수욕장","옵스 해운대점","부산광역시 해운대구 중동1로 31",0.546
NORMAL,부산,"해운대 해변·달맞이길 일대",HIT,ANCHOR,CAFE,"해운대해수욕장","듀플릿 부산 해운대 해리단길점","부산광역시 해운대구 우동1로20번길 27-13 1층",0.675
NORMAL,부산,"해운대 해변·달맞이길 일대",HIT,ANCHOR,CAFE,"해운대해수욕장","호랑이젤라떡 부산해운대본점","부산광역시 해운대구 달맞이길62번길 38 115호, 116호",1.004
NORMAL,부산,"해운대 해변·달맞이길 일대",HIT,ANCHOR,CAFE,"해운대해수욕장","금송 덕미 해운대 해리단길점","부산광역시 해운대구 우동1로38번가길 19 2층 금송덕미 해리단길점",0.711
NORMAL,부산,"해운대 해변·달맞이길 일대",HIT,LOCATION,CAFE,"부산","이스케이프탑 부산점","부산광역시 부산진구 중앙대로691번길 54 2층 이스케이프탑",9.439
NORMAL,부산,"해운대 해변·달맞이길 일대",HIT,LOCATION,CAFE,"부산","르에보 서면점","부산광역시 부산진구 전포대로 196 1층, 전포동 부산은행 사거리 옆 전포역 8번출구 앞",8.577
NORMAL,부산,"해운대 해변·달맞이길 일대",HIT,LOCATION,CAFE,"부산","수월경화","부산광역시 해운대구 송정중앙로6번길 188 4층",3.868
NORMAL,부산,"해운대 해변·달맞이길 일대",HIT,LOCATION,CAFE,"부산","칠암사계","부산광역시 기장군 일광읍 칠암1길 7-10",18.117
NORMAL,부산,"해운대 해변·달맞이길 일대",HIT,AREA,SHOPPING,"해운대 해변","이마트 해운대점","부산광역시 해운대구 좌동순환로 511",1.077
NORMAL,부산,"해운대 해변·달맞이길 일대",HIT,AREA,SHOPPING,"해운대 해변","다이소 부산해운대장산본점","부산광역시 해운대구 해운대로 785",1.793
NORMAL,부산,"해운대 해변·달맞이길 일대",HIT,AREA,SHOPPING,"해운대 해변","NC백화점 해운대점","부산광역시 해운대구 해운대로 813 NC백화점해운대점",2.055
NORMAL,부산,"해운대 해변·달맞이길 일대",HIT,AREA,SHOPPING,"해운대 해변","탑마트 해운대점","부산광역시 해운대구 좌동로 38",1.542
NORMAL,부산,"해운대 해변·달맞이길 일대",HIT,AREA,SHOPPING,"해운대 해변","킴스클럽해운대점","부산광역시 해운대구 해운대로 813",2.069
NORMAL,부산,"해운대 해변·달맞이길 일대",HIT,ANCHOR,SHOPPING,"해운대해수욕장","이마트 해운대점","부산광역시 해운대구 좌동순환로 511",1.077
NORMAL,부산,"해운대 해변·달맞이길 일대",HIT,ANCHOR,SHOPPING,"해운대해수욕장","다이소 부산해운대장산본점","부산광역시 해운대구 해운대로 785",1.793
NORMAL,부산,"해운대 해변·달맞이길 일대",HIT,ANCHOR,SHOPPING,"해운대해수욕장","NC백화점 해운대점","부산광역시 해운대구 해운대로 813 NC백화점해운대점",2.055
NORMAL,부산,"해운대 해변·달맞이길 일대",HIT,ANCHOR,SHOPPING,"해운대해수욕장","탑마트 해운대점","부산광역시 해운대구 좌동로 38",1.542
NORMAL,부산,"해운대 해변·달맞이길 일대",HIT,ANCHOR,SHOPPING,"해운대해수욕장","킴스클럽해운대점","부산광역시 해운대구 해운대로 813",2.069
NORMAL,부산,"해운대 해변·달맞이길 일대",HIT,LOCATION,SHOPPING,"부산","코스트코코리아 부산점","부산광역시 수영구 구락로 137",4.619
NORMAL,부산,"해운대 해변·달맞이길 일대",HIT,LOCATION,SHOPPING,"부산","이케아 동부산점","부산광역시 기장군 기장읍 동부산관광3로 17",5.785
NORMAL,부산,"해운대 해변·달맞이길 일대",HIT,LOCATION,SHOPPING,"부산","트레이더스 홀세일 클럽 서면점","부산광역시 부산진구 시민공원로 31 트레이더스 홀세일 클럽 서면점",9.758
NORMAL,부산,"해운대 해변·달맞이길 일대",HIT,LOCATION,SHOPPING,"부산","메가마트 동래점","부산광역시 동래구 충렬대로 197 메가마트",8.794
NORMAL,부산,"해운대 해변·달맞이길 일대",HIT,LOCATION,SHOPPING,"부산","트레이더스 홀세일클럽 명지점","부산광역시 강서구 명지국제6로 168 트레이더스 홀세일클럽 명지점",23.101
NORMAL,부산,"해운대 해변·달맞이길 일대",HIT,AREA,ATTRACTION,"해운대 해변","해운대","부산광역시 해운대구 우동",0.229
NORMAL,부산,"해운대 해변·달맞이길 일대",HIT,AREA,ATTRACTION,"해운대 해변","해운대해수욕장","부산광역시 해운대구 우동",0.143
NORMAL,부산,"해운대 해변·달맞이길 일대",HIT,AREA,ATTRACTION,"해운대 해변","부산엑스더스카이","부산광역시 해운대구 달맞이길 30",0.915
NORMAL,부산,"해운대 해변·달맞이길 일대",HIT,ANCHOR,ATTRACTION,"해운대해수욕장","해운대","부산광역시 해운대구 우동",0.229
NORMAL,부산,"해운대 해변·달맞이길 일대",HIT,ANCHOR,ATTRACTION,"해운대해수욕장","해운대해수욕장","부산광역시 해운대구 우동",0.143
NORMAL,부산,"해운대 해변·달맞이길 일대",HIT,ANCHOR,ATTRACTION,"해운대해수욕장","부산엑스더스카이","부산광역시 해운대구 달맞이길 30",0.915
NORMAL,부산,"해운대 해변·달맞이길 일대",HIT,LOCATION,ATTRACTION,"부산","광안리해수욕장","부산광역시 수영구 광안해변로 219",3.643
NORMAL,부산,"해운대 해변·달맞이길 일대",HIT,LOCATION,ATTRACTION,"부산","라라쥬 동물원","부산광역시 강서구 명지국제8로10번길 38 1동 4층 6호 404호~411호",24.364
NORMAL,부산,"해운대 해변·달맞이길 일대",HIT,LOCATION,ATTRACTION,"부산","센텀시티","부산광역시 해운대구 우동",3.046
NORMAL,부산,"해운대·동백섬 일대",HIT,AREA,MEAL,"해운대","솔내음한정식 해운대본점","부산광역시 해운대구 달맞이길117번길 17-11 이조빌딩 3층 솔내음한정식",2.128
NORMAL,부산,"해운대·동백섬 일대",HIT,AREA,MEAL,"해운대","광안리 산해횟집","부산광역시 수영구 광안해변로344번길 17-20 풍경타워 8층 광안리 산해횟집",1.877
NORMAL,부산,"해운대·동백섬 일대",HIT,AREA,MEAL,"해운대","광안리 진양호횟집","부산광역시 수영구 광안해변로344번길 17-20 풍경타워 4층 광안리 진양호횟집",1.873
NORMAL,부산,"해운대·동백섬 일대",HIT,AREA,MEAL,"해운대","선창횟집","부산광역시 해운대구 달맞이길62번길 67 선창횟집",1.982
NORMAL,부산,"해운대·동백섬 일대",HIT,AREA,MEAL,"해운대","상국이네","부산광역시 해운대구 구남로41번길 40-1 상국이네",1.316
NORMAL,부산,"해운대·동백섬 일대",HIT,ANCHOR,MEAL,"동백섬","혜자네 산곰장어 본점","부산광역시 해운대구 구남로41번길 18 1층 혜자네 산곰장어 본점",1.206
NORMAL,부산,"해운대·동백섬 일대",HIT,ANCHOR,MEAL,"동백섬","전설의우대갈비 해운대직영점","부산광역시 해운대구 해운대해변로 277 3층",1.086
NORMAL,부산,"해운대·동백섬 일대",HIT,ANCHOR,MEAL,"동백섬","개미집국제시장본점","부산광역시 해운대구 구남로 34",1.103
NORMAL,부산,"해운대·동백섬 일대",HIT,ANCHOR,MEAL,"동백섬","조개구남","부산광역시 해운대구 구남로 46 2층 201호",1.077
NORMAL,부산,"해운대·동백섬 일대",HIT,ANCHOR,MEAL,"동백섬","강호","부산광역시 해운대구 구남로 42-1 2층",1.087
NORMAL,부산,"해운대·동백섬 일대",HIT,LOCATION,MEAL,"부산","도우개러지 피자 전포점","부산광역시 부산진구 서전로46번길 8 1층 도우개러지",7.967
NORMAL,부산,"해운대·동백섬 일대",HIT,LOCATION,MEAL,"부산","조개대표 광안본점","부산광역시 수영구 광남로94번길 16 204호",3.392
NORMAL,부산,"해운대·동백섬 일대",HIT,LOCATION,MEAL,"부산","솔내음한정식 해운대본점","부산광역시 해운대구 달맞이길117번길 17-11 이조빌딩 3층 솔내음한정식",2.128
NORMAL,부산,"해운대·동백섬 일대",HIT,LOCATION,MEAL,"부산","어느멋진날","부산광역시 기장군 일광읍 기장해안로 1286 (기장 일광해수욕장 해변 바로 앞)",13.832
NORMAL,부산,"해운대·동백섬 일대",HIT,LOCATION,MEAL,"부산","광안리 산해횟집","부산광역시 수영구 광안해변로344번길 17-20 풍경타워 8층 광안리 산해횟집",1.877
NORMAL,부산,"해운대·동백섬 일대",HIT,AREA,CAFE,"해운대","후스후무무 베이커리","부산광역시 해운대구 달맞이길62번길 3 B1층",1.899
NORMAL,부산,"해운대·동백섬 일대",HIT,AREA,CAFE,"해운대","옵스 해운대점","부산광역시 해운대구 중동1로 31",1.373
NORMAL,부산,"해운대·동백섬 일대",HIT,AREA,CAFE,"해운대","벡스코 상상체험 키즈월드","부산광역시 해운대구 APEC로 30",2.052
NORMAL,부산,"해운대·동백섬 일대",HIT,AREA,CAFE,"해운대","듀플릿 부산 해운대 해리단길점","부산광역시 해운대구 우동1로20번길 27-13 1층",1.250
NORMAL,부산,"해운대·동백섬 일대",HIT,ANCHOR,CAFE,"동백섬","옵스 마린시티점","부산광역시 해운대구 마린시티1로 167 현대카멜리아 아파트 상가 1층",0.435
NORMAL,부산,"해운대·동백섬 일대",HIT,ANCHOR,CAFE,"동백섬","워킹홀리데이 해운대","부산광역시 해운대구 해운대해변로 277 5층",1.071
NORMAL,부산,"해운대·동백섬 일대",HIT,ANCHOR,CAFE,"동백섬","스타벅스 하버타운점","부산광역시 해운대구 해운대해변로 257 (우동)",0.924
NORMAL,부산,"해운대·동백섬 일대",HIT,ANCHOR,CAFE,"동백섬","신라스테이 해운대","부산광역시 해운대구 해운대로570번길 46",0.876
NORMAL,부산,"해운대·동백섬 일대",HIT,ANCHOR,CAFE,"동백섬","스타벅스 해운대동백점","부산광역시 해운대구 해운대해변로 197 (우동, 해운대경동제이드아파트)",0.497
NORMAL,부산,"해운대·동백섬 일대",HIT,LOCATION,CAFE,"부산","이스케이프탑 부산점","부산광역시 부산진구 중앙대로691번길 54 2층 이스케이프탑",8.742
NORMAL,부산,"해운대·동백섬 일대",HIT,LOCATION,CAFE,"부산","르에보 서면점","부산광역시 부산진구 전포대로 196 1층, 전포동 부산은행 사거리 옆 전포역 8번출구 앞",7.875
NORMAL,부산,"해운대·동백섬 일대",HIT,LOCATION,CAFE,"부산","수월경화","부산광역시 해운대구 송정중앙로6번길 188 4층",4.720
NORMAL,부산,"해운대·동백섬 일대",HIT,LOCATION,CAFE,"부산","칠암사계","부산광역시 기장군 일광읍 칠암1길 7-10",18.904
NORMAL,부산,"해운대·동백섬 일대",HIT,AREA,SHOPPING,"해운대","홈플러스 센텀시티점 (마트 임시휴업)","부산광역시 해운대구 센텀동로 6 홈플러스센텀시티점",2.531
NORMAL,부산,"해운대·동백섬 일대",HIT,AREA,SHOPPING,"해운대","이마트 해운대점","부산광역시 해운대구 좌동순환로 511",1.918
NORMAL,부산,"해운대·동백섬 일대",HIT,AREA,SHOPPING,"해운대","다이소 부산해운대장산본점","부산광역시 해운대구 해운대로 785",2.647
NORMAL,부산,"해운대·동백섬 일대",HIT,AREA,SHOPPING,"해운대","NC백화점 해운대점","부산광역시 해운대구 해운대로 813 NC백화점해운대점",2.909
NORMAL,부산,"해운대·동백섬 일대",HIT,AREA,SHOPPING,"해운대","탑마트 해운대점","부산광역시 해운대구 좌동로 38",2.385
NORMAL,부산,"해운대·동백섬 일대",HIT,LOCATION,SHOPPING,"부산","코스트코코리아 부산점","부산광역시 수영구 구락로 137",4.330
NORMAL,부산,"해운대·동백섬 일대",HIT,LOCATION,SHOPPING,"부산","이케아 동부산점","부산광역시 기장군 기장읍 동부산관광3로 17",6.641
NORMAL,부산,"해운대·동백섬 일대",HIT,LOCATION,SHOPPING,"부산","트레이더스 홀세일 클럽 서면점","부산광역시 부산진구 시민공원로 31 트레이더스 홀세일 클럽 서면점",9.121
NORMAL,부산,"해운대·동백섬 일대",HIT,LOCATION,SHOPPING,"부산","메가마트 동래점","부산광역시 동래구 충렬대로 197 메가마트",8.570
NORMAL,부산,"해운대·동백섬 일대",HIT,LOCATION,SHOPPING,"부산","트레이더스 홀세일클럽 명지점","부산광역시 강서구 명지국제6로 168 트레이더스 홀세일클럽 명지점",22.291
NORMAL,부산,"해운대·동백섬 일대",HIT,AREA,ATTRACTION,"해운대","센텀시티","부산광역시 해운대구 우동",2.766
NORMAL,부산,"해운대·동백섬 일대",HIT,AREA,ATTRACTION,"해운대","해운대","부산광역시 해운대구 우동",1.070
NORMAL,부산,"해운대·동백섬 일대",HIT,AREA,ATTRACTION,"해운대","해운대해수욕장","부산광역시 해운대구 우동",0.723
NORMAL,부산,"해운대·동백섬 일대",HIT,ANCHOR,ATTRACTION,"동백섬","해운대","부산광역시 해운대구 우동",1.070
NORMAL,부산,"해운대·동백섬 일대",HIT,ANCHOR,ATTRACTION,"동백섬","해운대해수욕장","부산광역시 해운대구 우동",0.723
NORMAL,부산,"해운대·동백섬 일대",HIT,ANCHOR,ATTRACTION,"동백섬","동백섬","부산광역시 해운대구 우동 710-1",0.010
NORMAL,부산,"해운대·동백섬 일대",HIT,ANCHOR,ATTRACTION,"동백섬","해운대빛축제","부산광역시 해운대구",0.690
NORMAL,부산,"해운대·동백섬 일대",HIT,LOCATION,ATTRACTION,"부산","광안리해수욕장","부산광역시 수영구 광안해변로 219",2.923
NORMAL,부산,"해운대·동백섬 일대",HIT,LOCATION,ATTRACTION,"부산","라라쥬 동물원","부산광역시 강서구 명지국제8로10번길 38 1동 4층 6호 404호~411호",23.560
NORMAL,부산,"해운대·동백섬 일대",HIT,LOCATION,ATTRACTION,"부산","센텀시티","부산광역시 해운대구 우동",2.766
NORMAL,순천,"순천만국가정원·오천그린광장 일대",HIT,AREA,MEAL,"순천만국가정원","풍미통닭","전남광주통합특별시 순천시 팔마1길 2 1층",1.434
NORMAL,순천,"순천만국가정원·오천그린광장 일대",HIT,AREA,MEAL,"순천만국가정원","나눌터","전남광주통합특별시 순천시 팔마1길 4",1.431
NORMAL,순천,"순천만국가정원·오천그린광장 일대",HIT,AREA,MEAL,"순천만국가정원","순천호탄집 오천지구점","전남광주통합특별시 순천시 오천3길 4-9",0.423
NORMAL,순천,"순천만국가정원·오천그린광장 일대",HIT,AREA,MEAL,"순천만국가정원","밥팜 순천만정원점","전남광주통합특별시 순천시 오천3길 30 1층 밥팜",0.538
NORMAL,순천,"순천만국가정원·오천그린광장 일대",HIT,ANCHOR,MEAL,"순천만국가정원","풍미통닭","전남광주통합특별시 순천시 팔마1길 2 1층",1.434
NORMAL,순천,"순천만국가정원·오천그린광장 일대",HIT,ANCHOR,MEAL,"순천만국가정원","나눌터","전남광주통합특별시 순천시 팔마1길 4",1.431
NORMAL,순천,"순천만국가정원·오천그린광장 일대",HIT,ANCHOR,MEAL,"순천만국가정원","순천호탄집 오천지구점","전남광주통합특별시 순천시 오천3길 4-9",0.423
NORMAL,순천,"순천만국가정원·오천그린광장 일대",HIT,ANCHOR,MEAL,"순천만국가정원","밥팜 순천만정원점","전남광주통합특별시 순천시 오천3길 30 1층 밥팜",0.538
NORMAL,순천,"순천만국가정원·오천그린광장 일대",HIT,LOCATION,MEAL,"순천","도원경","전남광주통합특별시 순천시 순천만길 309 1층 도원경",3.005
NORMAL,순천,"순천만국가정원·오천그린광장 일대",HIT,LOCATION,MEAL,"순천","순천게장 낭만별식 신대국가정원점","전남광주통합특별시 순천시 해룡면 매안로 72 1층",5.169
NORMAL,순천,"순천만국가정원·오천그린광장 일대",HIT,LOCATION,MEAL,"순천","어나더키친 스테이크하우스 순천","전남광주통합특별시 순천시 왕지4길 18 2층",4.948
NORMAL,순천,"순천만국가정원·오천그린광장 일대",HIT,LOCATION,MEAL,"순천","덕수파스타 순천 직영점","전남광주통합특별시 순천시 왕지2길 13-12 1층",4.907
NORMAL,순천,"순천만국가정원·오천그린광장 일대",HIT,LOCATION,MEAL,"순천","나나방콕 순천호수공원점","전남광주통합특별시 순천시 왕지4길 10 1층",5.035
NORMAL,순천,"순천만국가정원·오천그린광장 일대",HIT,AREA,CAFE,"순천만국가정원","조훈모과자점 팔마점","전남광주통합특별시 순천시 팔마로 269 나동",1.569
NORMAL,순천,"순천만국가정원·오천그린광장 일대",HIT,AREA,CAFE,"순천만국가정원","배스킨라빈스 순천오천점","전남광주통합특별시 순천시 오천6길 16",0.645
NORMAL,순천,"순천만국가정원·오천그린광장 일대",HIT,AREA,CAFE,"순천만국가정원","순천의 계절","전남광주통합특별시 순천시 순천만길 28",0.708
NORMAL,순천,"순천만국가정원·오천그린광장 일대",HIT,AREA,CAFE,"순천만국가정원","파리바게뜨 순천오천점","전남광주통합특별시 순천시 오천7길 28",0.791
NORMAL,순천,"순천만국가정원·오천그린광장 일대",HIT,ANCHOR,CAFE,"순천만국가정원","조훈모과자점 팔마점","전남광주통합특별시 순천시 팔마로 269 나동",1.569
NORMAL,순천,"순천만국가정원·오천그린광장 일대",HIT,ANCHOR,CAFE,"순천만국가정원","배스킨라빈스 순천오천점","전남광주통합특별시 순천시 오천6길 16",0.645
NORMAL,순천,"순천만국가정원·오천그린광장 일대",HIT,ANCHOR,CAFE,"순천만국가정원","순천의 계절","전남광주통합특별시 순천시 순천만길 28",0.708
NORMAL,순천,"순천만국가정원·오천그린광장 일대",HIT,ANCHOR,CAFE,"순천만국가정원","파리바게뜨 순천오천점","전남광주통합특별시 순천시 오천7길 28",0.791
NORMAL,순천,"순천만국가정원·오천그린광장 일대",HIT,LOCATION,CAFE,"순천","조훈모과자점 팔마점","전남광주통합특별시 순천시 팔마로 269 나동",1.569
NORMAL,순천,"순천만국가정원·오천그린광장 일대",HIT,LOCATION,CAFE,"순천","스타벅스 순천연향점","전남광주통합특별시 순천시 연향번영길 118 (연향동)",3.134
NORMAL,순천,"순천만국가정원·오천그린광장 일대",HIT,LOCATION,CAFE,"순천","스타벅스 순천호수공원점","전남광주통합특별시 순천시 왕지2길 17 (왕지동)",4.865
NORMAL,순천,"순천만국가정원·오천그린광장 일대",HIT,LOCATION,CAFE,"순천","스타벅스 순천신대점","전남광주통합특별시 순천시 해룡면 향매로 99",4.704
NORMAL,순천,"순천만국가정원·오천그린광장 일대",HIT,LOCATION,CAFE,"순천","브루웍스","전남광주통합특별시 순천시 역전길 61 브루웍스",2.007
NORMAL,순천,"순천만국가정원·오천그린광장 일대",HIT,AREA,SHOPPING,"순천만국가정원","다이소 순천오천점","전남광주통합특별시 순천시 오천6길 10",0.721
NORMAL,순천,"순천만국가정원·오천그린광장 일대",HIT,AREA,SHOPPING,"순천만국가정원","순천로컬푸드 순천만국가정원점","전남광주통합특별시 순천시 국가정원1호길 162-11",1.113
NORMAL,순천,"순천만국가정원·오천그린광장 일대",HIT,AREA,SHOPPING,"순천만국가정원","롯데슈퍼 상품공급점","전남광주통합특별시 순천시 팔마2길 56",1.706
NORMAL,순천,"순천만국가정원·오천그린광장 일대",HIT,AREA,SHOPPING,"순천만국가정원","롯데슈퍼 순천오천점","전남광주통합특별시 순천시 오천6길 20 롯데슈퍼순천오천점",0.642
NORMAL,순천,"순천만국가정원·오천그린광장 일대",HIT,AREA,SHOPPING,"순천만국가정원","착한과일야채","전남광주통합특별시 순천시 오천4길 21 골드클래스 상가 107호",0.598
NORMAL,순천,"순천만국가정원·오천그린광장 일대",HIT,ANCHOR,SHOPPING,"순천만국가정원","다이소 순천오천점","전남광주통합특별시 순천시 오천6길 10",0.721
NORMAL,순천,"순천만국가정원·오천그린광장 일대",HIT,ANCHOR,SHOPPING,"순천만국가정원","순천로컬푸드 순천만국가정원점","전남광주통합특별시 순천시 국가정원1호길 162-11",1.113
NORMAL,순천,"순천만국가정원·오천그린광장 일대",HIT,ANCHOR,SHOPPING,"순천만국가정원","롯데슈퍼 상품공급점","전남광주통합특별시 순천시 팔마2길 56",1.706
NORMAL,순천,"순천만국가정원·오천그린광장 일대",HIT,ANCHOR,SHOPPING,"순천만국가정원","롯데슈퍼 순천오천점","전남광주통합특별시 순천시 오천6길 20 롯데슈퍼순천오천점",0.642
NORMAL,순천,"순천만국가정원·오천그린광장 일대",HIT,ANCHOR,SHOPPING,"순천만국가정원","착한과일야채","전남광주통합특별시 순천시 오천4길 21 골드클래스 상가 107호",0.598
NORMAL,순천,"순천만국가정원·오천그린광장 일대",HIT,LOCATION,SHOPPING,"순천","이마트 순천점","전남광주통합특별시 순천시 팔마로 191 (주)이마트",1.720
NORMAL,순천,"순천만국가정원·오천그린광장 일대",HIT,LOCATION,SHOPPING,"순천","순천농협파머스마켓","전남광주통합특별시 순천시 백연길 111",3.999
NORMAL,순천,"순천만국가정원·오천그린광장 일대",HIT,LOCATION,SHOPPING,"순천","홈플러스 순천점","전남광주통합특별시 순천시 신월큰길 10",4.047
NORMAL,순천,"순천만국가정원·오천그린광장 일대",HIT,LOCATION,SHOPPING,"순천","더팜식자재마트","전남광주통합특별시 순천시 해룡면 매안로 161",4.544
NORMAL,순천,"순천만국가정원·오천그린광장 일대",HIT,LOCATION,SHOPPING,"순천","다담식자재마트 순천점","전남광주통합특별시 순천시 해룡면 지봉로 384",3.795
NORMAL,순천,"순천만국가정원·오천그린광장 일대",HIT,AREA,ATTRACTION,"순천만국가정원","순천만국가정원","전남광주통합특별시 순천시 국가정원1호길 47",0.893
NORMAL,순천,"순천만국가정원·오천그린광장 일대",HIT,AREA,ATTRACTION,"순천만국가정원","순천 스카이큐브","전남광주통합특별시 순천시 국가정원1호길 7",0.382
NORMAL,순천,"순천만국가정원·오천그린광장 일대",HIT,AREA,ATTRACTION,"순천만국가정원","정원워케이션","전남광주통합특별시 순천시 해룡면 생태배움길 85",1.334
NORMAL,순천,"순천만국가정원·오천그린광장 일대",HIT,ANCHOR,ATTRACTION,"순천만국가정원","순천만국가정원","전남광주통합특별시 순천시 국가정원1호길 47",0.893
NORMAL,순천,"순천만국가정원·오천그린광장 일대",HIT,ANCHOR,ATTRACTION,"순천만국가정원","순천 스카이큐브","전남광주통합특별시 순천시 국가정원1호길 7",0.382
NORMAL,순천,"순천만국가정원·오천그린광장 일대",HIT,ANCHOR,ATTRACTION,"순천만국가정원","정원워케이션","전남광주통합특별시 순천시 해룡면 생태배움길 85",1.334
NORMAL,순천,"순천만국가정원·오천그린광장 일대",HIT,LOCATION,ATTRACTION,"순천","순천만국가정원","전남광주통합특별시 순천시 국가정원1호길 47",0.893
NORMAL,순천,"순천만국가정원·오천그린광장 일대",HIT,LOCATION,ATTRACTION,"순천","순천만습지","전남광주통합특별시 순천시 순천만길 513-25",4.984
NORMAL,순천,"순천만국가정원·오천그린광장 일대",HIT,LOCATION,ATTRACTION,"순천","순천 낙안읍성","전남광주통합특별시 순천시 낙안면 충민길 30",14.559
NORMAL,순천,"순천만국가정원·오천그린광장 일대",HIT,LOCATION,ATTRACTION,"순천","순천드라마촬영장","전남광주통합특별시 순천시 비례골길 24",4.831
NORMAL,순천,"순천만국가정원·오천그린광장 일대",HIT,LOCATION,ATTRACTION,"순천","선암사","전남광주통합특별시 순천시 승주읍 선암사길 450",17.043
NORMAL,순천,"순천만국가정원·오천동 일대",HIT,AREA,MEAL,"순천만국가정원","풍미통닭","전남광주통합특별시 순천시 팔마1길 2 1층",1.434
NORMAL,순천,"순천만국가정원·오천동 일대",HIT,AREA,MEAL,"순천만국가정원","나눌터","전남광주통합특별시 순천시 팔마1길 4",1.431
NORMAL,순천,"순천만국가정원·오천동 일대",HIT,AREA,MEAL,"순천만국가정원","순천호탄집 오천지구점","전남광주통합특별시 순천시 오천3길 4-9",0.423
NORMAL,순천,"순천만국가정원·오천동 일대",HIT,AREA,MEAL,"순천만국가정원","밥팜 순천만정원점","전남광주통합특별시 순천시 오천3길 30 1층 밥팜",0.538
NORMAL,순천,"순천만국가정원·오천동 일대",HIT,ANCHOR,MEAL,"순천만국가정원","풍미통닭","전남광주통합특별시 순천시 팔마1길 2 1층",1.434
NORMAL,순천,"순천만국가정원·오천동 일대",HIT,ANCHOR,MEAL,"순천만국가정원","나눌터","전남광주통합특별시 순천시 팔마1길 4",1.431
NORMAL,순천,"순천만국가정원·오천동 일대",HIT,ANCHOR,MEAL,"순천만국가정원","순천호탄집 오천지구점","전남광주통합특별시 순천시 오천3길 4-9",0.423
NORMAL,순천,"순천만국가정원·오천동 일대",HIT,ANCHOR,MEAL,"순천만국가정원","밥팜 순천만정원점","전남광주통합특별시 순천시 오천3길 30 1층 밥팜",0.538
NORMAL,순천,"순천만국가정원·오천동 일대",HIT,LOCATION,MEAL,"순천","도원경","전남광주통합특별시 순천시 순천만길 309 1층 도원경",3.005
NORMAL,순천,"순천만국가정원·오천동 일대",HIT,LOCATION,MEAL,"순천","순천게장 낭만별식 신대국가정원점","전남광주통합특별시 순천시 해룡면 매안로 72 1층",5.169
NORMAL,순천,"순천만국가정원·오천동 일대",HIT,LOCATION,MEAL,"순천","어나더키친 스테이크하우스 순천","전남광주통합특별시 순천시 왕지4길 18 2층",4.948
NORMAL,순천,"순천만국가정원·오천동 일대",HIT,LOCATION,MEAL,"순천","덕수파스타 순천 직영점","전남광주통합특별시 순천시 왕지2길 13-12 1층",4.907
NORMAL,순천,"순천만국가정원·오천동 일대",HIT,LOCATION,MEAL,"순천","나나방콕 순천호수공원점","전남광주통합특별시 순천시 왕지4길 10 1층",5.035
NORMAL,순천,"순천만국가정원·오천동 일대",HIT,AREA,CAFE,"순천만국가정원","조훈모과자점 팔마점","전남광주통합특별시 순천시 팔마로 269 나동",1.569
NORMAL,순천,"순천만국가정원·오천동 일대",HIT,AREA,CAFE,"순천만국가정원","배스킨라빈스 순천오천점","전남광주통합특별시 순천시 오천6길 16",0.645
NORMAL,순천,"순천만국가정원·오천동 일대",HIT,AREA,CAFE,"순천만국가정원","순천의 계절","전남광주통합특별시 순천시 순천만길 28",0.708
NORMAL,순천,"순천만국가정원·오천동 일대",HIT,AREA,CAFE,"순천만국가정원","파리바게뜨 순천오천점","전남광주통합특별시 순천시 오천7길 28",0.791
NORMAL,순천,"순천만국가정원·오천동 일대",HIT,ANCHOR,CAFE,"순천만국가정원","조훈모과자점 팔마점","전남광주통합특별시 순천시 팔마로 269 나동",1.569
NORMAL,순천,"순천만국가정원·오천동 일대",HIT,ANCHOR,CAFE,"순천만국가정원","배스킨라빈스 순천오천점","전남광주통합특별시 순천시 오천6길 16",0.645
NORMAL,순천,"순천만국가정원·오천동 일대",HIT,ANCHOR,CAFE,"순천만국가정원","순천의 계절","전남광주통합특별시 순천시 순천만길 28",0.708
NORMAL,순천,"순천만국가정원·오천동 일대",HIT,ANCHOR,CAFE,"순천만국가정원","파리바게뜨 순천오천점","전남광주통합특별시 순천시 오천7길 28",0.791
NORMAL,순천,"순천만국가정원·오천동 일대",HIT,LOCATION,CAFE,"순천","조훈모과자점 팔마점","전남광주통합특별시 순천시 팔마로 269 나동",1.569
NORMAL,순천,"순천만국가정원·오천동 일대",HIT,LOCATION,CAFE,"순천","스타벅스 순천연향점","전남광주통합특별시 순천시 연향번영길 118 (연향동)",3.134
NORMAL,순천,"순천만국가정원·오천동 일대",HIT,LOCATION,CAFE,"순천","스타벅스 순천호수공원점","전남광주통합특별시 순천시 왕지2길 17 (왕지동)",4.865
NORMAL,순천,"순천만국가정원·오천동 일대",HIT,LOCATION,CAFE,"순천","스타벅스 순천신대점","전남광주통합특별시 순천시 해룡면 향매로 99",4.704
NORMAL,순천,"순천만국가정원·오천동 일대",HIT,LOCATION,CAFE,"순천","브루웍스","전남광주통합특별시 순천시 역전길 61 브루웍스",2.007
NORMAL,순천,"순천만국가정원·오천동 일대",HIT,AREA,SHOPPING,"순천만국가정원","다이소 순천오천점","전남광주통합특별시 순천시 오천6길 10",0.721
NORMAL,순천,"순천만국가정원·오천동 일대",HIT,AREA,SHOPPING,"순천만국가정원","순천로컬푸드 순천만국가정원점","전남광주통합특별시 순천시 국가정원1호길 162-11",1.113
NORMAL,순천,"순천만국가정원·오천동 일대",HIT,AREA,SHOPPING,"순천만국가정원","롯데슈퍼 상품공급점","전남광주통합특별시 순천시 팔마2길 56",1.706
NORMAL,순천,"순천만국가정원·오천동 일대",HIT,AREA,SHOPPING,"순천만국가정원","롯데슈퍼 순천오천점","전남광주통합특별시 순천시 오천6길 20 롯데슈퍼순천오천점",0.642
NORMAL,순천,"순천만국가정원·오천동 일대",HIT,AREA,SHOPPING,"순천만국가정원","착한과일야채","전남광주통합특별시 순천시 오천4길 21 골드클래스 상가 107호",0.598
NORMAL,순천,"순천만국가정원·오천동 일대",HIT,ANCHOR,SHOPPING,"순천만국가정원","다이소 순천오천점","전남광주통합특별시 순천시 오천6길 10",0.721
NORMAL,순천,"순천만국가정원·오천동 일대",HIT,ANCHOR,SHOPPING,"순천만국가정원","순천로컬푸드 순천만국가정원점","전남광주통합특별시 순천시 국가정원1호길 162-11",1.113
NORMAL,순천,"순천만국가정원·오천동 일대",HIT,ANCHOR,SHOPPING,"순천만국가정원","롯데슈퍼 상품공급점","전남광주통합특별시 순천시 팔마2길 56",1.706
NORMAL,순천,"순천만국가정원·오천동 일대",HIT,ANCHOR,SHOPPING,"순천만국가정원","롯데슈퍼 순천오천점","전남광주통합특별시 순천시 오천6길 20 롯데슈퍼순천오천점",0.642
NORMAL,순천,"순천만국가정원·오천동 일대",HIT,ANCHOR,SHOPPING,"순천만국가정원","착한과일야채","전남광주통합특별시 순천시 오천4길 21 골드클래스 상가 107호",0.598
NORMAL,순천,"순천만국가정원·오천동 일대",HIT,LOCATION,SHOPPING,"순천","이마트 순천점","전남광주통합특별시 순천시 팔마로 191 (주)이마트",1.720
NORMAL,순천,"순천만국가정원·오천동 일대",HIT,LOCATION,SHOPPING,"순천","순천농협파머스마켓","전남광주통합특별시 순천시 백연길 111",3.999
NORMAL,순천,"순천만국가정원·오천동 일대",HIT,LOCATION,SHOPPING,"순천","홈플러스 순천점","전남광주통합특별시 순천시 신월큰길 10",4.047
NORMAL,순천,"순천만국가정원·오천동 일대",HIT,LOCATION,SHOPPING,"순천","더팜식자재마트","전남광주통합특별시 순천시 해룡면 매안로 161",4.544
NORMAL,순천,"순천만국가정원·오천동 일대",HIT,LOCATION,SHOPPING,"순천","다담식자재마트 순천점","전남광주통합특별시 순천시 해룡면 지봉로 384",3.795
NORMAL,순천,"순천만국가정원·오천동 일대",HIT,AREA,ATTRACTION,"순천만국가정원","순천만국가정원","전남광주통합특별시 순천시 국가정원1호길 47",0.893
NORMAL,순천,"순천만국가정원·오천동 일대",HIT,AREA,ATTRACTION,"순천만국가정원","순천 스카이큐브","전남광주통합특별시 순천시 국가정원1호길 7",0.382
NORMAL,순천,"순천만국가정원·오천동 일대",HIT,AREA,ATTRACTION,"순천만국가정원","정원워케이션","전남광주통합특별시 순천시 해룡면 생태배움길 85",1.334
NORMAL,순천,"순천만국가정원·오천동 일대",HIT,ANCHOR,ATTRACTION,"순천만국가정원","순천만국가정원","전남광주통합특별시 순천시 국가정원1호길 47",0.893
NORMAL,순천,"순천만국가정원·오천동 일대",HIT,ANCHOR,ATTRACTION,"순천만국가정원","순천 스카이큐브","전남광주통합특별시 순천시 국가정원1호길 7",0.382
NORMAL,순천,"순천만국가정원·오천동 일대",HIT,ANCHOR,ATTRACTION,"순천만국가정원","정원워케이션","전남광주통합특별시 순천시 해룡면 생태배움길 85",1.334
NORMAL,순천,"순천만국가정원·오천동 일대",HIT,LOCATION,ATTRACTION,"순천","순천만국가정원","전남광주통합특별시 순천시 국가정원1호길 47",0.893
NORMAL,순천,"순천만국가정원·오천동 일대",HIT,LOCATION,ATTRACTION,"순천","순천만습지","전남광주통합특별시 순천시 순천만길 513-25",4.984
NORMAL,순천,"순천만국가정원·오천동 일대",HIT,LOCATION,ATTRACTION,"순천","순천 낙안읍성","전남광주통합특별시 순천시 낙안면 충민길 30",14.559
NORMAL,순천,"순천만국가정원·오천동 일대",HIT,LOCATION,ATTRACTION,"순천","순천드라마촬영장","전남광주통합특별시 순천시 비례골길 24",4.831
NORMAL,순천,"순천만국가정원·오천동 일대",HIT,LOCATION,ATTRACTION,"순천","선암사","전남광주통합특별시 순천시 승주읍 선암사길 450",17.043
NORMAL,순천,"순천만습지 일대",HIT,AREA,MEAL,"순천만습지","밥꽃이야기 들마루","전남광주통합특별시 순천시 순천만길 496 밥꽃이야기 들마루",0.306
NORMAL,순천,"순천만습지 일대",HIT,AREA,MEAL,"순천만습지","순천만 일번가","전남광주통합특별시 순천시 순천만길 520 1층",0.225
NORMAL,순천,"순천만습지 일대",HIT,AREA,MEAL,"순천만습지","순천만전라도밥상","전남광주통합특별시 순천시 순천만길 496-1",0.246
NORMAL,순천,"순천만습지 일대",HIT,AREA,MEAL,"순천만습지","순천만명품식당","전남광주통합특별시 순천시 순천만길 518 1층",0.231
NORMAL,순천,"순천만습지 일대",HIT,AREA,MEAL,"순천만습지","순천만정문식당","전남광주통합특별시 순천시 순천만길 492",0.292
NORMAL,순천,"순천만습지 일대",HIT,ANCHOR,MEAL,"순천만습지","밥꽃이야기 들마루","전남광주통합특별시 순천시 순천만길 496 밥꽃이야기 들마루",0.306
NORMAL,순천,"순천만습지 일대",HIT,ANCHOR,MEAL,"순천만습지","순천만 일번가","전남광주통합특별시 순천시 순천만길 520 1층",0.225
NORMAL,순천,"순천만습지 일대",HIT,ANCHOR,MEAL,"순천만습지","순천만전라도밥상","전남광주통합특별시 순천시 순천만길 496-1",0.246
NORMAL,순천,"순천만습지 일대",HIT,ANCHOR,MEAL,"순천만습지","순천만명품식당","전남광주통합특별시 순천시 순천만길 518 1층",0.231
NORMAL,순천,"순천만습지 일대",HIT,ANCHOR,MEAL,"순천만습지","순천만정문식당","전남광주통합특별시 순천시 순천만길 492",0.292
NORMAL,순천,"순천만습지 일대",HIT,LOCATION,MEAL,"순천","도원경","전남광주통합특별시 순천시 순천만길 309 1층 도원경",1.944
NORMAL,순천,"순천만습지 일대",HIT,LOCATION,MEAL,"순천","순천게장 낭만별식 신대국가정원점","전남광주통합특별시 순천시 해룡면 매안로 72 1층",6.709
NORMAL,순천,"순천만습지 일대",HIT,LOCATION,MEAL,"순천","어나더키친 스테이크하우스 순천","전남광주통합특별시 순천시 왕지4길 18 2층",9.283
NORMAL,순천,"순천만습지 일대",HIT,LOCATION,MEAL,"순천","덕수파스타 순천 직영점","전남광주통합특별시 순천시 왕지2길 13-12 1층",9.291
NORMAL,순천,"순천만습지 일대",HIT,LOCATION,MEAL,"순천","나나방콕 순천호수공원점","전남광주통합특별시 순천시 왕지4길 10 1층",9.378
NORMAL,순천,"순천만습지 일대",HIT,AREA,CAFE,"순천만습지","만대재","전남광주통합특별시 순천시 순천만길 530 만대재",0.314
NORMAL,순천,"순천만습지 일대",HIT,AREA,CAFE,"순천만습지","순천만487카페","전남광주통합특별시 순천시 순천만길 487 순천만487cafe",0.265
NORMAL,순천,"순천만습지 일대",HIT,AREA,CAFE,"순천만습지","순천만쉼터","전남광주통합특별시 순천시 무진길 210",0.196
NORMAL,순천,"순천만습지 일대",HIT,AREA,CAFE,"순천만습지","엔제리너스커피 순천만점","전남광주통합특별시 순천시 순천만길 668 엔제리너스 순천만점",0.215
NORMAL,순천,"순천만습지 일대",HIT,AREA,CAFE,"순천만습지","도솔갤러리카페","전남광주통합특별시 순천시 순천만길 684 도솔",0.268
NORMAL,순천,"순천만습지 일대",HIT,ANCHOR,CAFE,"순천만습지","만대재","전남광주통합특별시 순천시 순천만길 530 만대재",0.314
NORMAL,순천,"순천만습지 일대",HIT,ANCHOR,CAFE,"순천만습지","순천만487카페","전남광주통합특별시 순천시 순천만길 487 순천만487cafe",0.265
NORMAL,순천,"순천만습지 일대",HIT,ANCHOR,CAFE,"순천만습지","순천만쉼터","전남광주통합특별시 순천시 무진길 210",0.196
NORMAL,순천,"순천만습지 일대",HIT,ANCHOR,CAFE,"순천만습지","엔제리너스커피 순천만점","전남광주통합특별시 순천시 순천만길 668 엔제리너스 순천만점",0.215
NORMAL,순천,"순천만습지 일대",HIT,ANCHOR,CAFE,"순천만습지","도솔갤러리카페","전남광주통합특별시 순천시 순천만길 684 도솔",0.268
NORMAL,순천,"순천만습지 일대",HIT,LOCATION,CAFE,"순천","조훈모과자점 팔마점","전남광주통합특별시 순천시 팔마로 269 나동",5.722
NORMAL,순천,"순천만습지 일대",HIT,LOCATION,CAFE,"순천","스타벅스 순천연향점","전남광주통합특별시 순천시 연향번영길 118 (연향동)",7.457
NORMAL,순천,"순천만습지 일대",HIT,LOCATION,CAFE,"순천","스타벅스 순천호수공원점","전남광주통합특별시 순천시 왕지2길 17 (왕지동)",9.262
NORMAL,순천,"순천만습지 일대",HIT,LOCATION,CAFE,"순천","스타벅스 순천신대점","전남광주통합특별시 순천시 해룡면 향매로 99",6.487
NORMAL,순천,"순천만습지 일대",HIT,LOCATION,CAFE,"순천","브루웍스","전남광주통합특별시 순천시 역전길 61 브루웍스",6.930
NORMAL,순천,"순천만습지 일대",HIT,AREA,SHOPPING,"순천만습지","순천만건어물","전남광주통합특별시 순천시 순천만길 540 순천만건어물",0.382
NORMAL,순천,"순천만습지 일대",HIT,AREA,SHOPPING,"순천만습지","순천만자전거","전남광주통합특별시 순천시 순천만길 515-1",0.184
NORMAL,순천,"순천만습지 일대",HIT,AREA,SHOPPING,"순천만습지","순천만명품건어물도소매","전남광주통합특별시 순천시 순천만길 726-3",0.662
NORMAL,순천,"순천만습지 일대",HIT,AREA,SHOPPING,"순천만습지","대대서편마을직판장","전남광주통합특별시 순천시 순천만길 528-1 마을회관",0.290
NORMAL,순천,"순천만습지 일대",HIT,AREA,SHOPPING,"순천만습지","순천만토바기수퍼","전남광주통합특별시 순천시 순천만길 752",0.910
NORMAL,순천,"순천만습지 일대",HIT,ANCHOR,SHOPPING,"순천만습지","순천만건어물","전남광주통합특별시 순천시 순천만길 540 순천만건어물",0.382
NORMAL,순천,"순천만습지 일대",HIT,ANCHOR,SHOPPING,"순천만습지","순천만자전거","전남광주통합특별시 순천시 순천만길 515-1",0.184
NORMAL,순천,"순천만습지 일대",HIT,ANCHOR,SHOPPING,"순천만습지","순천만명품건어물도소매","전남광주통합특별시 순천시 순천만길 726-3",0.662
NORMAL,순천,"순천만습지 일대",HIT,ANCHOR,SHOPPING,"순천만습지","대대서편마을직판장","전남광주통합특별시 순천시 순천만길 528-1 마을회관",0.290
NORMAL,순천,"순천만습지 일대",HIT,ANCHOR,SHOPPING,"순천만습지","순천만토바기수퍼","전남광주통합특별시 순천시 순천만길 752",0.910
NORMAL,순천,"순천만습지 일대",HIT,LOCATION,SHOPPING,"순천","이마트 순천점","전남광주통합특별시 순천시 팔마로 191 (주)이마트",6.339
NORMAL,순천,"순천만습지 일대",HIT,LOCATION,SHOPPING,"순천","순천농협파머스마켓","전남광주통합특별시 순천시 백연길 111",7.683
NORMAL,순천,"순천만습지 일대",HIT,LOCATION,SHOPPING,"순천","홈플러스 순천점","전남광주통합특별시 순천시 신월큰길 10",8.451
NORMAL,순천,"순천만습지 일대",HIT,LOCATION,SHOPPING,"순천","더팜식자재마트","전남광주통합특별시 순천시 해룡면 매안로 161",6.616
NORMAL,순천,"순천만습지 일대",HIT,LOCATION,SHOPPING,"순천","다담식자재마트 순천점","전남광주통합특별시 순천시 해룡면 지봉로 384",7.223
NORMAL,순천,"순천만습지 일대",HIT,AREA,ATTRACTION,"순천만습지","순천만습지","전남광주통합특별시 순천시 순천만길 513-25",0.046
NORMAL,순천,"순천만습지 일대",HIT,AREA,ATTRACTION,"순천만습지","순천만습지순천만갈대군락지","전남광주통합특별시 순천시 해룡면",0.534
NORMAL,순천,"순천만습지 일대",HIT,AREA,ATTRACTION,"순천만습지","순천만습지천문대","전남광주통합특별시 순천시 순천만길 513-25",0.031
NORMAL,순천,"순천만습지 일대",HIT,ANCHOR,ATTRACTION,"순천만습지","순천만습지","전남광주통합특별시 순천시 순천만길 513-25",0.046
NORMAL,순천,"순천만습지 일대",HIT,ANCHOR,ATTRACTION,"순천만습지","순천만습지순천만갈대군락지","전남광주통합특별시 순천시 해룡면",0.534
NORMAL,순천,"순천만습지 일대",HIT,ANCHOR,ATTRACTION,"순천만습지","순천만습지천문대","전남광주통합특별시 순천시 순천만길 513-25",0.031
NORMAL,순천,"순천만습지 일대",HIT,LOCATION,ATTRACTION,"순천","순천만국가정원","전남광주통합특별시 순천시 국가정원1호길 47",4.637
NORMAL,순천,"순천만습지 일대",HIT,LOCATION,ATTRACTION,"순천","순천만습지","전남광주통합특별시 순천시 순천만길 513-25",0.046
NORMAL,순천,"순천만습지 일대",HIT,LOCATION,ATTRACTION,"순천","순천 낙안읍성","전남광주통합특별시 순천시 낙안면 충민길 30",15.487
NORMAL,순천,"순천만습지 일대",HIT,LOCATION,ATTRACTION,"순천","순천드라마촬영장","전남광주통합특별시 순천시 비례골길 24",8.479
NORMAL,순천,"순천만습지 일대",HIT,LOCATION,ATTRACTION,"순천","선암사","전남광주통합특별시 순천시 승주읍 선암사길 450",20.447
NORMAL,순천,"순천만습지·대대동 갈대밭 일대",HIT,AREA,MEAL,"순천만습지","밥꽃이야기 들마루","전남광주통합특별시 순천시 순천만길 496 밥꽃이야기 들마루",0.306
NORMAL,순천,"순천만습지·대대동 갈대밭 일대",HIT,AREA,MEAL,"순천만습지","순천만 일번가","전남광주통합특별시 순천시 순천만길 520 1층",0.225
NORMAL,순천,"순천만습지·대대동 갈대밭 일대",HIT,AREA,MEAL,"순천만습지","순천만전라도밥상","전남광주통합특별시 순천시 순천만길 496-1",0.246
NORMAL,순천,"순천만습지·대대동 갈대밭 일대",HIT,AREA,MEAL,"순천만습지","순천만명품식당","전남광주통합특별시 순천시 순천만길 518 1층",0.231
NORMAL,순천,"순천만습지·대대동 갈대밭 일대",HIT,AREA,MEAL,"순천만습지","순천만정문식당","전남광주통합특별시 순천시 순천만길 492",0.292
NORMAL,순천,"순천만습지·대대동 갈대밭 일대",HIT,ANCHOR,MEAL,"순천만습지","밥꽃이야기 들마루","전남광주통합특별시 순천시 순천만길 496 밥꽃이야기 들마루",0.306
NORMAL,순천,"순천만습지·대대동 갈대밭 일대",HIT,ANCHOR,MEAL,"순천만습지","순천만 일번가","전남광주통합특별시 순천시 순천만길 520 1층",0.225
NORMAL,순천,"순천만습지·대대동 갈대밭 일대",HIT,ANCHOR,MEAL,"순천만습지","순천만전라도밥상","전남광주통합특별시 순천시 순천만길 496-1",0.246
NORMAL,순천,"순천만습지·대대동 갈대밭 일대",HIT,ANCHOR,MEAL,"순천만습지","순천만명품식당","전남광주통합특별시 순천시 순천만길 518 1층",0.231
NORMAL,순천,"순천만습지·대대동 갈대밭 일대",HIT,ANCHOR,MEAL,"순천만습지","순천만정문식당","전남광주통합특별시 순천시 순천만길 492",0.292
NORMAL,순천,"순천만습지·대대동 갈대밭 일대",HIT,LOCATION,MEAL,"순천","도원경","전남광주통합특별시 순천시 순천만길 309 1층 도원경",1.944
NORMAL,순천,"순천만습지·대대동 갈대밭 일대",HIT,LOCATION,MEAL,"순천","순천게장 낭만별식 신대국가정원점","전남광주통합특별시 순천시 해룡면 매안로 72 1층",6.709
NORMAL,순천,"순천만습지·대대동 갈대밭 일대",HIT,LOCATION,MEAL,"순천","어나더키친 스테이크하우스 순천","전남광주통합특별시 순천시 왕지4길 18 2층",9.283
NORMAL,순천,"순천만습지·대대동 갈대밭 일대",HIT,LOCATION,MEAL,"순천","덕수파스타 순천 직영점","전남광주통합특별시 순천시 왕지2길 13-12 1층",9.291
NORMAL,순천,"순천만습지·대대동 갈대밭 일대",HIT,LOCATION,MEAL,"순천","나나방콕 순천호수공원점","전남광주통합특별시 순천시 왕지4길 10 1층",9.378
NORMAL,순천,"순천만습지·대대동 갈대밭 일대",HIT,AREA,CAFE,"순천만습지","만대재","전남광주통합특별시 순천시 순천만길 530 만대재",0.314
NORMAL,순천,"순천만습지·대대동 갈대밭 일대",HIT,AREA,CAFE,"순천만습지","순천만487카페","전남광주통합특별시 순천시 순천만길 487 순천만487cafe",0.265
NORMAL,순천,"순천만습지·대대동 갈대밭 일대",HIT,AREA,CAFE,"순천만습지","순천만쉼터","전남광주통합특별시 순천시 무진길 210",0.196
NORMAL,순천,"순천만습지·대대동 갈대밭 일대",HIT,AREA,CAFE,"순천만습지","엔제리너스커피 순천만점","전남광주통합특별시 순천시 순천만길 668 엔제리너스 순천만점",0.215
NORMAL,순천,"순천만습지·대대동 갈대밭 일대",HIT,AREA,CAFE,"순천만습지","도솔갤러리카페","전남광주통합특별시 순천시 순천만길 684 도솔",0.268
NORMAL,순천,"순천만습지·대대동 갈대밭 일대",HIT,ANCHOR,CAFE,"순천만습지","만대재","전남광주통합특별시 순천시 순천만길 530 만대재",0.314
NORMAL,순천,"순천만습지·대대동 갈대밭 일대",HIT,ANCHOR,CAFE,"순천만습지","순천만487카페","전남광주통합특별시 순천시 순천만길 487 순천만487cafe",0.265
NORMAL,순천,"순천만습지·대대동 갈대밭 일대",HIT,ANCHOR,CAFE,"순천만습지","순천만쉼터","전남광주통합특별시 순천시 무진길 210",0.196
NORMAL,순천,"순천만습지·대대동 갈대밭 일대",HIT,ANCHOR,CAFE,"순천만습지","엔제리너스커피 순천만점","전남광주통합특별시 순천시 순천만길 668 엔제리너스 순천만점",0.215
NORMAL,순천,"순천만습지·대대동 갈대밭 일대",HIT,ANCHOR,CAFE,"순천만습지","도솔갤러리카페","전남광주통합특별시 순천시 순천만길 684 도솔",0.268
NORMAL,순천,"순천만습지·대대동 갈대밭 일대",HIT,LOCATION,CAFE,"순천","조훈모과자점 팔마점","전남광주통합특별시 순천시 팔마로 269 나동",5.722
NORMAL,순천,"순천만습지·대대동 갈대밭 일대",HIT,LOCATION,CAFE,"순천","스타벅스 순천연향점","전남광주통합특별시 순천시 연향번영길 118 (연향동)",7.457
NORMAL,순천,"순천만습지·대대동 갈대밭 일대",HIT,LOCATION,CAFE,"순천","스타벅스 순천호수공원점","전남광주통합특별시 순천시 왕지2길 17 (왕지동)",9.262
NORMAL,순천,"순천만습지·대대동 갈대밭 일대",HIT,LOCATION,CAFE,"순천","스타벅스 순천신대점","전남광주통합특별시 순천시 해룡면 향매로 99",6.487
NORMAL,순천,"순천만습지·대대동 갈대밭 일대",HIT,LOCATION,CAFE,"순천","브루웍스","전남광주통합특별시 순천시 역전길 61 브루웍스",6.930
NORMAL,순천,"순천만습지·대대동 갈대밭 일대",HIT,AREA,SHOPPING,"순천만습지","순천만건어물","전남광주통합특별시 순천시 순천만길 540 순천만건어물",0.382
NORMAL,순천,"순천만습지·대대동 갈대밭 일대",HIT,AREA,SHOPPING,"순천만습지","순천만자전거","전남광주통합특별시 순천시 순천만길 515-1",0.184
NORMAL,순천,"순천만습지·대대동 갈대밭 일대",HIT,AREA,SHOPPING,"순천만습지","순천만명품건어물도소매","전남광주통합특별시 순천시 순천만길 726-3",0.662
NORMAL,순천,"순천만습지·대대동 갈대밭 일대",HIT,AREA,SHOPPING,"순천만습지","대대서편마을직판장","전남광주통합특별시 순천시 순천만길 528-1 마을회관",0.290
NORMAL,순천,"순천만습지·대대동 갈대밭 일대",HIT,AREA,SHOPPING,"순천만습지","순천만토바기수퍼","전남광주통합특별시 순천시 순천만길 752",0.910
NORMAL,순천,"순천만습지·대대동 갈대밭 일대",HIT,ANCHOR,SHOPPING,"순천만습지","순천만건어물","전남광주통합특별시 순천시 순천만길 540 순천만건어물",0.382
NORMAL,순천,"순천만습지·대대동 갈대밭 일대",HIT,ANCHOR,SHOPPING,"순천만습지","순천만자전거","전남광주통합특별시 순천시 순천만길 515-1",0.184
NORMAL,순천,"순천만습지·대대동 갈대밭 일대",HIT,ANCHOR,SHOPPING,"순천만습지","순천만명품건어물도소매","전남광주통합특별시 순천시 순천만길 726-3",0.662
NORMAL,순천,"순천만습지·대대동 갈대밭 일대",HIT,ANCHOR,SHOPPING,"순천만습지","대대서편마을직판장","전남광주통합특별시 순천시 순천만길 528-1 마을회관",0.290
NORMAL,순천,"순천만습지·대대동 갈대밭 일대",HIT,ANCHOR,SHOPPING,"순천만습지","순천만토바기수퍼","전남광주통합특별시 순천시 순천만길 752",0.910
NORMAL,순천,"순천만습지·대대동 갈대밭 일대",HIT,LOCATION,SHOPPING,"순천","이마트 순천점","전남광주통합특별시 순천시 팔마로 191 (주)이마트",6.339
NORMAL,순천,"순천만습지·대대동 갈대밭 일대",HIT,LOCATION,SHOPPING,"순천","순천농협파머스마켓","전남광주통합특별시 순천시 백연길 111",7.683
NORMAL,순천,"순천만습지·대대동 갈대밭 일대",HIT,LOCATION,SHOPPING,"순천","홈플러스 순천점","전남광주통합특별시 순천시 신월큰길 10",8.451
NORMAL,순천,"순천만습지·대대동 갈대밭 일대",HIT,LOCATION,SHOPPING,"순천","더팜식자재마트","전남광주통합특별시 순천시 해룡면 매안로 161",6.616
NORMAL,순천,"순천만습지·대대동 갈대밭 일대",HIT,LOCATION,SHOPPING,"순천","다담식자재마트 순천점","전남광주통합특별시 순천시 해룡면 지봉로 384",7.223
NORMAL,순천,"순천만습지·대대동 갈대밭 일대",HIT,AREA,ATTRACTION,"순천만습지","순천만습지","전남광주통합특별시 순천시 순천만길 513-25",0.046
NORMAL,순천,"순천만습지·대대동 갈대밭 일대",HIT,AREA,ATTRACTION,"순천만습지","순천만습지순천만갈대군락지","전남광주통합특별시 순천시 해룡면",0.534
NORMAL,순천,"순천만습지·대대동 갈대밭 일대",HIT,AREA,ATTRACTION,"순천만습지","순천만습지천문대","전남광주통합특별시 순천시 순천만길 513-25",0.031
NORMAL,순천,"순천만습지·대대동 갈대밭 일대",HIT,ANCHOR,ATTRACTION,"순천만습지","순천만습지","전남광주통합특별시 순천시 순천만길 513-25",0.046
NORMAL,순천,"순천만습지·대대동 갈대밭 일대",HIT,ANCHOR,ATTRACTION,"순천만습지","순천만습지순천만갈대군락지","전남광주통합특별시 순천시 해룡면",0.534
NORMAL,순천,"순천만습지·대대동 갈대밭 일대",HIT,ANCHOR,ATTRACTION,"순천만습지","순천만습지천문대","전남광주통합특별시 순천시 순천만길 513-25",0.031
NORMAL,순천,"순천만습지·대대동 갈대밭 일대",HIT,LOCATION,ATTRACTION,"순천","순천만국가정원","전남광주통합특별시 순천시 국가정원1호길 47",4.637
NORMAL,순천,"순천만습지·대대동 갈대밭 일대",HIT,LOCATION,ATTRACTION,"순천","순천만습지","전남광주통합특별시 순천시 순천만길 513-25",0.046
NORMAL,순천,"순천만습지·대대동 갈대밭 일대",HIT,LOCATION,ATTRACTION,"순천","순천 낙안읍성","전남광주통합특별시 순천시 낙안면 충민길 30",15.487
NORMAL,순천,"순천만습지·대대동 갈대밭 일대",HIT,LOCATION,ATTRACTION,"순천","순천드라마촬영장","전남광주통합특별시 순천시 비례골길 24",8.479
NORMAL,순천,"순천만습지·대대동 갈대밭 일대",HIT,LOCATION,ATTRACTION,"순천","선암사","전남광주통합특별시 순천시 승주읍 선암사길 450",20.447
NORMAL,순천,"순천만습지·대대동 일대",HIT,AREA,MEAL,"순천만습지","밥꽃이야기 들마루","전남광주통합특별시 순천시 순천만길 496 밥꽃이야기 들마루",0.306
NORMAL,순천,"순천만습지·대대동 일대",HIT,AREA,MEAL,"순천만습지","순천만 일번가","전남광주통합특별시 순천시 순천만길 520 1층",0.225
NORMAL,순천,"순천만습지·대대동 일대",HIT,AREA,MEAL,"순천만습지","순천만전라도밥상","전남광주통합특별시 순천시 순천만길 496-1",0.246
NORMAL,순천,"순천만습지·대대동 일대",HIT,AREA,MEAL,"순천만습지","순천만명품식당","전남광주통합특별시 순천시 순천만길 518 1층",0.231
NORMAL,순천,"순천만습지·대대동 일대",HIT,AREA,MEAL,"순천만습지","순천만정문식당","전남광주통합특별시 순천시 순천만길 492",0.292
NORMAL,순천,"순천만습지·대대동 일대",HIT,ANCHOR,MEAL,"순천만습지","밥꽃이야기 들마루","전남광주통합특별시 순천시 순천만길 496 밥꽃이야기 들마루",0.306
NORMAL,순천,"순천만습지·대대동 일대",HIT,ANCHOR,MEAL,"순천만습지","순천만 일번가","전남광주통합특별시 순천시 순천만길 520 1층",0.225
NORMAL,순천,"순천만습지·대대동 일대",HIT,ANCHOR,MEAL,"순천만습지","순천만전라도밥상","전남광주통합특별시 순천시 순천만길 496-1",0.246
NORMAL,순천,"순천만습지·대대동 일대",HIT,ANCHOR,MEAL,"순천만습지","순천만명품식당","전남광주통합특별시 순천시 순천만길 518 1층",0.231
NORMAL,순천,"순천만습지·대대동 일대",HIT,ANCHOR,MEAL,"순천만습지","순천만정문식당","전남광주통합특별시 순천시 순천만길 492",0.292
NORMAL,순천,"순천만습지·대대동 일대",HIT,LOCATION,MEAL,"순천","도원경","전남광주통합특별시 순천시 순천만길 309 1층 도원경",1.944
NORMAL,순천,"순천만습지·대대동 일대",HIT,LOCATION,MEAL,"순천","순천게장 낭만별식 신대국가정원점","전남광주통합특별시 순천시 해룡면 매안로 72 1층",6.709
NORMAL,순천,"순천만습지·대대동 일대",HIT,LOCATION,MEAL,"순천","어나더키친 스테이크하우스 순천","전남광주통합특별시 순천시 왕지4길 18 2층",9.283
NORMAL,순천,"순천만습지·대대동 일대",HIT,LOCATION,MEAL,"순천","덕수파스타 순천 직영점","전남광주통합특별시 순천시 왕지2길 13-12 1층",9.291
NORMAL,순천,"순천만습지·대대동 일대",HIT,LOCATION,MEAL,"순천","나나방콕 순천호수공원점","전남광주통합특별시 순천시 왕지4길 10 1층",9.378
NORMAL,순천,"순천만습지·대대동 일대",HIT,AREA,CAFE,"순천만습지","만대재","전남광주통합특별시 순천시 순천만길 530 만대재",0.314
NORMAL,순천,"순천만습지·대대동 일대",HIT,AREA,CAFE,"순천만습지","순천만487카페","전남광주통합특별시 순천시 순천만길 487 순천만487cafe",0.265
NORMAL,순천,"순천만습지·대대동 일대",HIT,AREA,CAFE,"순천만습지","순천만쉼터","전남광주통합특별시 순천시 무진길 210",0.196
NORMAL,순천,"순천만습지·대대동 일대",HIT,AREA,CAFE,"순천만습지","엔제리너스커피 순천만점","전남광주통합특별시 순천시 순천만길 668 엔제리너스 순천만점",0.215
NORMAL,순천,"순천만습지·대대동 일대",HIT,AREA,CAFE,"순천만습지","도솔갤러리카페","전남광주통합특별시 순천시 순천만길 684 도솔",0.268
NORMAL,순천,"순천만습지·대대동 일대",HIT,ANCHOR,CAFE,"순천만습지","만대재","전남광주통합특별시 순천시 순천만길 530 만대재",0.314
NORMAL,순천,"순천만습지·대대동 일대",HIT,ANCHOR,CAFE,"순천만습지","순천만487카페","전남광주통합특별시 순천시 순천만길 487 순천만487cafe",0.265
NORMAL,순천,"순천만습지·대대동 일대",HIT,ANCHOR,CAFE,"순천만습지","순천만쉼터","전남광주통합특별시 순천시 무진길 210",0.196
NORMAL,순천,"순천만습지·대대동 일대",HIT,ANCHOR,CAFE,"순천만습지","엔제리너스커피 순천만점","전남광주통합특별시 순천시 순천만길 668 엔제리너스 순천만점",0.215
NORMAL,순천,"순천만습지·대대동 일대",HIT,ANCHOR,CAFE,"순천만습지","도솔갤러리카페","전남광주통합특별시 순천시 순천만길 684 도솔",0.268
NORMAL,순천,"순천만습지·대대동 일대",HIT,LOCATION,CAFE,"순천","조훈모과자점 팔마점","전남광주통합특별시 순천시 팔마로 269 나동",5.722
NORMAL,순천,"순천만습지·대대동 일대",HIT,LOCATION,CAFE,"순천","스타벅스 순천연향점","전남광주통합특별시 순천시 연향번영길 118 (연향동)",7.457
NORMAL,순천,"순천만습지·대대동 일대",HIT,LOCATION,CAFE,"순천","스타벅스 순천호수공원점","전남광주통합특별시 순천시 왕지2길 17 (왕지동)",9.262
NORMAL,순천,"순천만습지·대대동 일대",HIT,LOCATION,CAFE,"순천","스타벅스 순천신대점","전남광주통합특별시 순천시 해룡면 향매로 99",6.487
NORMAL,순천,"순천만습지·대대동 일대",HIT,LOCATION,CAFE,"순천","브루웍스","전남광주통합특별시 순천시 역전길 61 브루웍스",6.930
NORMAL,순천,"순천만습지·대대동 일대",HIT,AREA,SHOPPING,"순천만습지","순천만건어물","전남광주통합특별시 순천시 순천만길 540 순천만건어물",0.382
NORMAL,순천,"순천만습지·대대동 일대",HIT,AREA,SHOPPING,"순천만습지","순천만자전거","전남광주통합특별시 순천시 순천만길 515-1",0.184
NORMAL,순천,"순천만습지·대대동 일대",HIT,AREA,SHOPPING,"순천만습지","순천만명품건어물도소매","전남광주통합특별시 순천시 순천만길 726-3",0.662
NORMAL,순천,"순천만습지·대대동 일대",HIT,AREA,SHOPPING,"순천만습지","대대서편마을직판장","전남광주통합특별시 순천시 순천만길 528-1 마을회관",0.290
NORMAL,순천,"순천만습지·대대동 일대",HIT,AREA,SHOPPING,"순천만습지","순천만토바기수퍼","전남광주통합특별시 순천시 순천만길 752",0.910
NORMAL,순천,"순천만습지·대대동 일대",HIT,ANCHOR,SHOPPING,"순천만습지","순천만건어물","전남광주통합특별시 순천시 순천만길 540 순천만건어물",0.382
NORMAL,순천,"순천만습지·대대동 일대",HIT,ANCHOR,SHOPPING,"순천만습지","순천만자전거","전남광주통합특별시 순천시 순천만길 515-1",0.184
NORMAL,순천,"순천만습지·대대동 일대",HIT,ANCHOR,SHOPPING,"순천만습지","순천만명품건어물도소매","전남광주통합특별시 순천시 순천만길 726-3",0.662
NORMAL,순천,"순천만습지·대대동 일대",HIT,ANCHOR,SHOPPING,"순천만습지","대대서편마을직판장","전남광주통합특별시 순천시 순천만길 528-1 마을회관",0.290
NORMAL,순천,"순천만습지·대대동 일대",HIT,ANCHOR,SHOPPING,"순천만습지","순천만토바기수퍼","전남광주통합특별시 순천시 순천만길 752",0.910
NORMAL,순천,"순천만습지·대대동 일대",HIT,LOCATION,SHOPPING,"순천","이마트 순천점","전남광주통합특별시 순천시 팔마로 191 (주)이마트",6.339
NORMAL,순천,"순천만습지·대대동 일대",HIT,LOCATION,SHOPPING,"순천","순천농협파머스마켓","전남광주통합특별시 순천시 백연길 111",7.683
NORMAL,순천,"순천만습지·대대동 일대",HIT,LOCATION,SHOPPING,"순천","홈플러스 순천점","전남광주통합특별시 순천시 신월큰길 10",8.451
NORMAL,순천,"순천만습지·대대동 일대",HIT,LOCATION,SHOPPING,"순천","더팜식자재마트","전남광주통합특별시 순천시 해룡면 매안로 161",6.616
NORMAL,순천,"순천만습지·대대동 일대",HIT,LOCATION,SHOPPING,"순천","다담식자재마트 순천점","전남광주통합특별시 순천시 해룡면 지봉로 384",7.223
NORMAL,순천,"순천만습지·대대동 일대",HIT,AREA,ATTRACTION,"순천만습지","순천만습지","전남광주통합특별시 순천시 순천만길 513-25",0.046
NORMAL,순천,"순천만습지·대대동 일대",HIT,AREA,ATTRACTION,"순천만습지","순천만습지순천만갈대군락지","전남광주통합특별시 순천시 해룡면",0.534
NORMAL,순천,"순천만습지·대대동 일대",HIT,AREA,ATTRACTION,"순천만습지","순천만습지천문대","전남광주통합특별시 순천시 순천만길 513-25",0.031
NORMAL,순천,"순천만습지·대대동 일대",HIT,ANCHOR,ATTRACTION,"순천만습지","순천만습지","전남광주통합특별시 순천시 순천만길 513-25",0.046
NORMAL,순천,"순천만습지·대대동 일대",HIT,ANCHOR,ATTRACTION,"순천만습지","순천만습지순천만갈대군락지","전남광주통합특별시 순천시 해룡면",0.534
NORMAL,순천,"순천만습지·대대동 일대",HIT,ANCHOR,ATTRACTION,"순천만습지","순천만습지천문대","전남광주통합특별시 순천시 순천만길 513-25",0.031
NORMAL,순천,"순천만습지·대대동 일대",HIT,LOCATION,ATTRACTION,"순천","순천만국가정원","전남광주통합특별시 순천시 국가정원1호길 47",4.637
NORMAL,순천,"순천만습지·대대동 일대",HIT,LOCATION,ATTRACTION,"순천","순천만습지","전남광주통합특별시 순천시 순천만길 513-25",0.046
NORMAL,순천,"순천만습지·대대동 일대",HIT,LOCATION,ATTRACTION,"순천","순천 낙안읍성","전남광주통합특별시 순천시 낙안면 충민길 30",15.487
NORMAL,순천,"순천만습지·대대동 일대",HIT,LOCATION,ATTRACTION,"순천","순천드라마촬영장","전남광주통합특별시 순천시 비례골길 24",8.479
NORMAL,순천,"순천만습지·대대동 일대",HIT,LOCATION,ATTRACTION,"순천","선암사","전남광주통합특별시 순천시 승주읍 선암사길 450",20.447
NORMAL,영주,"무섬마을 일대",HIT,AREA,MEAL,"무섬마을","무섬식당","경상북도 영주시 문수면 무섬로 238-3",0.129
NORMAL,영주,"무섬마을 일대",HIT,AREA,MEAL,"무섬마을","외나무다리 건너편 금이네","경상북도 영주시 문수면 탄산리 365",0.442
NORMAL,영주,"무섬마을 일대",HIT,ANCHOR,MEAL,"무섬마을","무섬식당","경상북도 영주시 문수면 무섬로 238-3",0.129
NORMAL,영주,"무섬마을 일대",HIT,ANCHOR,MEAL,"무섬마을","외나무다리 건너편 금이네","경상북도 영주시 문수면 탄산리 365",0.442
NORMAL,영주,"무섬마을 일대",HIT,LOCATION,MEAL,"영주","나드리","경상북도 영주시 중앙로 89 나드리",10.181
NORMAL,영주,"무섬마을 일대",HIT,LOCATION,MEAL,"영주","뜬돌반점 영주택지본점","경상북도 영주시 대동로31번길 16-1 뜬돌반점 영주택지본점",9.506
NORMAL,영주,"무섬마을 일대",HIT,LOCATION,MEAL,"영주","우동고 영주택지점","경상북도 영주시 대동로31번길 30 1호 우동고",9.653
NORMAL,영주,"무섬마을 일대",HIT,LOCATION,MEAL,"영주","풍기 한결청국장","경상북도 영주시 풍기읍 인삼로 1-1 한결청국장",17.954
NORMAL,영주,"무섬마을 일대",HIT,AREA,CAFE,"무섬마을","초가카페","경상북도 영주시 문수면 무섬로234번길 11-8",0.051
NORMAL,영주,"무섬마을 일대",HIT,AREA,CAFE,"무섬마을","카페무섬","경상북도 영주시 문수면 무섬로234번길 11",0.096
NORMAL,영주,"무섬마을 일대",HIT,ANCHOR,CAFE,"무섬마을","초가카페","경상북도 영주시 문수면 무섬로234번길 11-8",0.051
NORMAL,영주,"무섬마을 일대",HIT,ANCHOR,CAFE,"무섬마을","카페무섬","경상북도 영주시 문수면 무섬로234번길 11",0.096
NORMAL,영주,"무섬마을 일대",HIT,LOCATION,CAFE,"영주","태극당","경상북도 영주시 번영로 154 태극당",10.359
NORMAL,영주,"무섬마을 일대",HIT,LOCATION,CAFE,"영주","카페 하망주택","경상북도 영주시 중앙로106번길 13 카페하망주택",10.335
NORMAL,영주,"무섬마을 일대",HIT,LOCATION,CAFE,"영주","오빵 본점","경상북도 영주시 대동로13번길 24 1층 오빵",9.628
NORMAL,영주,"무섬마을 일대",HIT,LOCATION,CAFE,"영주","녹스고지","경상북도 영주시 두서길87번길 38",11.036
NORMAL,영주,"무섬마을 일대",HIT,LOCATION,CAFE,"영주","파리바게뜨 경북영주역점","경상북도 영주시 대학로 21 파리바게뜨",8.649
NORMAL,영주,"무섬마을 일대",HIT,AREA,SHOPPING,"무섬마을","미니슈퍼","경상북도 영주시 문수면 문평로 477",1.109
NORMAL,영주,"무섬마을 일대",HIT,AREA,SHOPPING,"무섬마을","유리거울판매셔터샤시대영유리","경상북도 영주시 문수면 탄산리",0.547
NORMAL,영주,"무섬마을 일대",HIT,AREA,SHOPPING,"무섬마을","유리거울판매셔터샤시대영유리","경상북도 영주시 문수면 탄산리",0.547
NORMAL,영주,"무섬마을 일대",HIT,AREA,SHOPPING,"무섬마을","영주앵글,조립식앵글","경상북도 영주시 문수면 탄산리",0.547
NORMAL,영주,"무섬마을 일대",HIT,AREA,SHOPPING,"무섬마을","영주열쇠,영광열쇠,열쇠복사","경상북도 영주시 문수면 탄산리",0.547
NORMAL,영주,"무섬마을 일대",HIT,ANCHOR,SHOPPING,"무섬마을","미니슈퍼","경상북도 영주시 문수면 문평로 477",1.109
NORMAL,영주,"무섬마을 일대",HIT,ANCHOR,SHOPPING,"무섬마을","유리거울판매셔터샤시대영유리","경상북도 영주시 문수면 탄산리",0.547
NORMAL,영주,"무섬마을 일대",HIT,ANCHOR,SHOPPING,"무섬마을","유리거울판매셔터샤시대영유리","경상북도 영주시 문수면 탄산리",0.547
NORMAL,영주,"무섬마을 일대",HIT,ANCHOR,SHOPPING,"무섬마을","영주앵글,조립식앵글","경상북도 영주시 문수면 탄산리",0.547
NORMAL,영주,"무섬마을 일대",HIT,ANCHOR,SHOPPING,"무섬마을","영주열쇠,영광열쇠,열쇠복사","경상북도 영주시 문수면 탄산리",0.547
NORMAL,영주,"무섬마을 일대",HIT,LOCATION,SHOPPING,"영주","홈플러스 영주점","경상북도 영주시 대학로 29 홈플러스 영주점",8.602
NORMAL,영주,"무섬마을 일대",HIT,LOCATION,SHOPPING,"영주","노브랜드 영주가흥점","경상북도 영주시 대학로 248",9.658
NORMAL,영주,"무섬마을 일대",HIT,LOCATION,SHOPPING,"영주","하나로마트 안정농협로컬푸드직매장","경상북도 영주시 대학로284번길 5",9.996
NORMAL,영주,"무섬마을 일대",HIT,LOCATION,SHOPPING,"영주","다이소 영주본점","경상북도 영주시 대학로 37",8.568
NORMAL,영주,"무섬마을 일대",HIT,LOCATION,SHOPPING,"영주","영주할인마트","경상북도 영주시 구성로 376",10.345
NORMAL,영주,"무섬마을 일대",HIT,AREA,ATTRACTION,"무섬마을","영주 무섬외나무다리축제","경상북도 영주시 문수면 무섬로234번길 31-12",0.104
NORMAL,영주,"무섬마을 일대",HIT,AREA,ATTRACTION,"무섬마을","해우당고택","경상북도 영주시 문수면 수도리",0.100
NORMAL,영주,"무섬마을 일대",HIT,AREA,ATTRACTION,"무섬마을","영주수도리김위진가옥","경상북도 영주시 문수면 수도리",0.125
NORMAL,영주,"무섬마을 일대",HIT,ANCHOR,ATTRACTION,"무섬마을","영주 무섬외나무다리축제","경상북도 영주시 문수면 무섬로234번길 31-12",0.104
NORMAL,영주,"무섬마을 일대",HIT,ANCHOR,ATTRACTION,"무섬마을","해우당고택","경상북도 영주시 문수면 수도리",0.100
NORMAL,영주,"무섬마을 일대",HIT,ANCHOR,ATTRACTION,"무섬마을","영주수도리김위진가옥","경상북도 영주시 문수면 수도리",0.125
NORMAL,영주,"무섬마을 일대",HIT,LOCATION,ATTRACTION,"영주","부석사","경상북도 영주시 부석면 부석사로 345",30.232
NORMAL,영주,"무섬마을 일대",HIT,LOCATION,ATTRACTION,"영주","소백산풍기온천리조트","경상북도 영주시 풍기읍 죽령로 1400",21.537
NORMAL,영주,"무섬마을 일대",HIT,LOCATION,ATTRACTION,"영주","소수서원","경상북도 영주시 순흥면 소백로 2740",21.691
NORMAL,영주,"부석사·봉황산 방면",HIT,AREA,MEAL,"부석사","부석사식당","경상북도 영주시 부석면 부석사로 317",0.604
NORMAL,영주,"부석사·봉황산 방면",HIT,AREA,MEAL,"부석사","자미가","경상북도 영주시 부석면 부석사로 311 자미가식당",0.660
NORMAL,영주,"부석사·봉황산 방면",HIT,AREA,MEAL,"부석사","부석사 종점식당","경상북도 영주시 부석면 부석사로 319 1층 종점식당",0.574
NORMAL,영주,"부석사·봉황산 방면",HIT,ANCHOR,MEAL,"부석사","부석사식당","경상북도 영주시 부석면 부석사로 317",0.604
NORMAL,영주,"부석사·봉황산 방면",HIT,ANCHOR,MEAL,"부석사","자미가","경상북도 영주시 부석면 부석사로 311 자미가식당",0.660
NORMAL,영주,"부석사·봉황산 방면",HIT,ANCHOR,MEAL,"부석사","부석사 종점식당","경상북도 영주시 부석면 부석사로 319 1층 종점식당",0.574
NORMAL,영주,"부석사·봉황산 방면",HIT,LOCATION,MEAL,"영주","나드리","경상북도 영주시 중앙로 89 나드리",20.240
NORMAL,영주,"부석사·봉황산 방면",HIT,LOCATION,MEAL,"영주","뜬돌반점 영주택지본점","경상북도 영주시 대동로31번길 16-1 뜬돌반점 영주택지본점",21.484
NORMAL,영주,"부석사·봉황산 방면",HIT,LOCATION,MEAL,"영주","우동고 영주택지점","경상북도 영주시 대동로31번길 30 1호 우동고",21.337
NORMAL,영주,"부석사·봉황산 방면",HIT,LOCATION,MEAL,"영주","풍기 한결청국장","경상북도 영주시 풍기읍 인삼로 1-1 한결청국장",20.066
NORMAL,영주,"부석사·봉황산 방면",HIT,AREA,CAFE,"부석사","카페 마카다","경상북도 영주시 부석면 부석사로 305 1-2층",0.705
NORMAL,영주,"부석사·봉황산 방면",HIT,AREA,CAFE,"부석사","카페 무량수","경상북도 영주시 부석면 부석사로 338-11 카페 무량수",0.588
NORMAL,영주,"부석사·봉황산 방면",HIT,AREA,CAFE,"부석사","카페317","경상북도 영주시 부석면 부석사로 317 1층",0.595
NORMAL,영주,"부석사·봉황산 방면",HIT,AREA,CAFE,"부석사","플라잉스톤","경상북도 영주시 부석면 부석사로 313 플라잉스톤",0.624
NORMAL,영주,"부석사·봉황산 방면",HIT,AREA,CAFE,"부석사","가로수","경상북도 영주시 부석면 부석사로 338-5",0.568
NORMAL,영주,"부석사·봉황산 방면",HIT,ANCHOR,CAFE,"부석사","카페 마카다","경상북도 영주시 부석면 부석사로 305 1-2층",0.705
NORMAL,영주,"부석사·봉황산 방면",HIT,ANCHOR,CAFE,"부석사","카페 무량수","경상북도 영주시 부석면 부석사로 338-11 카페 무량수",0.588
NORMAL,영주,"부석사·봉황산 방면",HIT,ANCHOR,CAFE,"부석사","카페317","경상북도 영주시 부석면 부석사로 317 1층",0.595
NORMAL,영주,"부석사·봉황산 방면",HIT,ANCHOR,CAFE,"부석사","플라잉스톤","경상북도 영주시 부석면 부석사로 313 플라잉스톤",0.624
NORMAL,영주,"부석사·봉황산 방면",HIT,ANCHOR,CAFE,"부석사","가로수","경상북도 영주시 부석면 부석사로 338-5",0.568
NORMAL,영주,"부석사·봉황산 방면",HIT,LOCATION,CAFE,"영주","태극당","경상북도 영주시 번영로 154 태극당",20.065
NORMAL,영주,"부석사·봉황산 방면",HIT,LOCATION,CAFE,"영주","카페 하망주택","경상북도 영주시 중앙로106번길 13 카페하망주택",20.057
NORMAL,영주,"부석사·봉황산 방면",HIT,LOCATION,CAFE,"영주","오빵 본점","경상북도 영주시 대동로13번길 24 1층 오빵",21.462
NORMAL,영주,"부석사·봉황산 방면",HIT,LOCATION,CAFE,"영주","녹스고지","경상북도 영주시 두서길87번길 38",19.616
NORMAL,영주,"부석사·봉황산 방면",HIT,LOCATION,CAFE,"영주","파리바게뜨 경북영주역점","경상북도 영주시 대학로 21 파리바게뜨",21.782
NORMAL,영주,"부석사·봉황산 방면",HIT,AREA,SHOPPING,"부석사","장미슈퍼","경상북도 영주시 부석면 부석사로 313",0.630
NORMAL,영주,"부석사·봉황산 방면",HIT,AREA,SHOPPING,"부석사","부석사기념품","경상북도 영주시 부석면 부석사로 323 부석사기념품",0.548
NORMAL,영주,"부석사·봉황산 방면",HIT,AREA,SHOPPING,"부석사","부자상회","경상북도 영주시 부석면 부석사로 297",0.749
NORMAL,영주,"부석사·봉황산 방면",HIT,AREA,SHOPPING,"부석사","부석농원","경상북도 영주시 부석면 부석사로 340",0.533
NORMAL,영주,"부석사·봉황산 방면",HIT,AREA,SHOPPING,"부석사","연송고농원","경상북도 영주시 부석면 북지리 163",0.112
NORMAL,영주,"부석사·봉황산 방면",HIT,ANCHOR,SHOPPING,"부석사","장미슈퍼","경상북도 영주시 부석면 부석사로 313",0.630
NORMAL,영주,"부석사·봉황산 방면",HIT,ANCHOR,SHOPPING,"부석사","부석사기념품","경상북도 영주시 부석면 부석사로 323 부석사기념품",0.548
NORMAL,영주,"부석사·봉황산 방면",HIT,ANCHOR,SHOPPING,"부석사","부자상회","경상북도 영주시 부석면 부석사로 297",0.749
NORMAL,영주,"부석사·봉황산 방면",HIT,ANCHOR,SHOPPING,"부석사","부석농원","경상북도 영주시 부석면 부석사로 340",0.533
NORMAL,영주,"부석사·봉황산 방면",HIT,ANCHOR,SHOPPING,"부석사","연송고농원","경상북도 영주시 부석면 북지리 163",0.112
NORMAL,영주,"부석사·봉황산 방면",HIT,LOCATION,SHOPPING,"영주","홈플러스 영주점","경상북도 영주시 대학로 29 홈플러스 영주점",21.847
NORMAL,영주,"부석사·봉황산 방면",HIT,LOCATION,SHOPPING,"영주","노브랜드 영주가흥점","경상북도 영주시 대학로 248",21.388
NORMAL,영주,"부석사·봉황산 방면",HIT,LOCATION,SHOPPING,"영주","하나로마트 안정농협로컬푸드직매장","경상북도 영주시 대학로284번길 5",21.034
NORMAL,영주,"부석사·봉황산 방면",HIT,LOCATION,SHOPPING,"영주","다이소 영주본점","경상북도 영주시 대학로 37",21.899
NORMAL,영주,"부석사·봉황산 방면",HIT,LOCATION,SHOPPING,"영주","영주할인마트","경상북도 영주시 구성로 376",20.161
NORMAL,영주,"부석사·봉황산 방면",HIT,AREA,ATTRACTION,"부석사","부석사","경상북도 영주시 부석면 부석사로 345",0.024
NORMAL,영주,"부석사·봉황산 방면",HIT,AREA,ATTRACTION,"부석사","부석사","충청남도 서산시 부석면 부석사길 243",205.042
NORMAL,영주,"부석사·봉황산 방면",HIT,AREA,ATTRACTION,"부석사","부석사무량수전","경상북도 영주시 부석면 부석사로 345",0.061
NORMAL,영주,"부석사·봉황산 방면",HIT,AREA,ATTRACTION,"부석사","부석사무량수전앞석등","경상북도 영주시 부석면",0.052
NORMAL,영주,"부석사·봉황산 방면",HIT,ANCHOR,ATTRACTION,"부석사","부석사","경상북도 영주시 부석면 부석사로 345",0.024
NORMAL,영주,"부석사·봉황산 방면",HIT,ANCHOR,ATTRACTION,"부석사","부석사","충청남도 서산시 부석면 부석사길 243",205.042
NORMAL,영주,"부석사·봉황산 방면",HIT,ANCHOR,ATTRACTION,"부석사","부석사무량수전","경상북도 영주시 부석면 부석사로 345",0.061
NORMAL,영주,"부석사·봉황산 방면",HIT,ANCHOR,ATTRACTION,"부석사","부석사무량수전앞석등","경상북도 영주시 부석면",0.052
NORMAL,영주,"부석사·봉황산 방면",HIT,LOCATION,ATTRACTION,"영주","부석사","경상북도 영주시 부석면 부석사로 345",0.024
NORMAL,영주,"부석사·봉황산 방면",HIT,LOCATION,ATTRACTION,"영주","소백산풍기온천리조트","경상북도 영주시 풍기읍 죽령로 1400",22.165
NORMAL,영주,"부석사·봉황산 방면",HIT,LOCATION,ATTRACTION,"영주","소수서원","경상북도 영주시 순흥면 소백로 2740",12.688
NORMAL,영주,"선비촌·소수서원 일대",HIT,AREA,MEAL,"선비촌","선비촌종가집","경상북도 영주시 순흥면 소백로 2796",0.203
NORMAL,영주,"선비촌·소수서원 일대",HIT,AREA,MEAL,"선비촌","청화루","경상북도 영주시 순흥면 소백로 2796",0.428
NORMAL,영주,"선비촌·소수서원 일대",HIT,ANCHOR,MEAL,"소수서원","선비촌종가집","경상북도 영주시 순흥면 소백로 2796",0.203
NORMAL,영주,"선비촌·소수서원 일대",HIT,ANCHOR,MEAL,"소수서원","청화루","경상북도 영주시 순흥면 소백로 2796",0.428
NORMAL,영주,"선비촌·소수서원 일대",HIT,LOCATION,MEAL,"영주","나드리","경상북도 영주시 중앙로 89 나드리",12.044
NORMAL,영주,"선비촌·소수서원 일대",HIT,LOCATION,MEAL,"영주","뜬돌반점 영주택지본점","경상북도 영주시 대동로31번길 16-1 뜬돌반점 영주택지본점",12.357
NORMAL,영주,"선비촌·소수서원 일대",HIT,LOCATION,MEAL,"영주","우동고 영주택지점","경상북도 영주시 대동로31번길 30 1호 우동고",12.212
NORMAL,영주,"선비촌·소수서원 일대",HIT,LOCATION,MEAL,"영주","풍기 한결청국장","경상북도 영주시 풍기읍 인삼로 1-1 한결청국장",7.642
NORMAL,영주,"선비촌·소수서원 일대",HIT,AREA,CAFE,"선비촌","연화 카페","경상북도 영주시 순흥면 죽계로 26 연화 떡카페",0.775
NORMAL,영주,"선비촌·소수서원 일대",HIT,AREA,CAFE,"선비촌","카페파란문","경상북도 영주시 순흥면 소백로 2633 카페파란문",1.288
NORMAL,영주,"선비촌·소수서원 일대",HIT,AREA,CAFE,"선비촌","카페휴","경상북도 영주시 순흥면 소백로 2796",0.428
NORMAL,영주,"선비촌·소수서원 일대",HIT,AREA,CAFE,"선비촌","순흥다방","경상북도 영주시 순흥면 순흥로 52",1.270
NORMAL,영주,"선비촌·소수서원 일대",HIT,AREA,CAFE,"선비촌","토지다방","경상북도 영주시 순흥면 순흥로55번길 10 대흥각",1.329
NORMAL,영주,"선비촌·소수서원 일대",HIT,ANCHOR,CAFE,"소수서원","연화 카페","경상북도 영주시 순흥면 죽계로 26 연화 떡카페",0.775
NORMAL,영주,"선비촌·소수서원 일대",HIT,ANCHOR,CAFE,"소수서원","카페파란문","경상북도 영주시 순흥면 소백로 2633 카페파란문",1.288
NORMAL,영주,"선비촌·소수서원 일대",HIT,ANCHOR,CAFE,"소수서원","카페휴","경상북도 영주시 순흥면 소백로 2796",0.428
NORMAL,영주,"선비촌·소수서원 일대",HIT,ANCHOR,CAFE,"소수서원","순흥다방","경상북도 영주시 순흥면 순흥로 52",1.270
NORMAL,영주,"선비촌·소수서원 일대",HIT,ANCHOR,CAFE,"소수서원","토지다방","경상북도 영주시 순흥면 순흥로55번길 10 대흥각",1.329
NORMAL,영주,"선비촌·소수서원 일대",HIT,LOCATION,CAFE,"영주","태극당","경상북도 영주시 번영로 154 태극당",11.882
NORMAL,영주,"선비촌·소수서원 일대",HIT,LOCATION,CAFE,"영주","카페 하망주택","경상북도 영주시 중앙로106번길 13 카페하망주택",11.953
NORMAL,영주,"선비촌·소수서원 일대",HIT,LOCATION,CAFE,"영주","오빵 본점","경상북도 영주시 대동로13번길 24 1층 오빵",12.230
NORMAL,영주,"선비촌·소수서원 일대",HIT,LOCATION,CAFE,"영주","녹스고지","경상북도 영주시 두서길87번길 38",11.028
NORMAL,영주,"선비촌·소수서원 일대",HIT,LOCATION,CAFE,"영주","파리바게뜨 경북영주역점","경상북도 영주시 대학로 21 파리바게뜨",13.421
NORMAL,영주,"선비촌·소수서원 일대",HIT,AREA,SHOPPING,"선비촌","하나로마트 풍기농협순흥지점","경상북도 영주시 순흥면 순흥로 64",1.198
NORMAL,영주,"선비촌·소수서원 일대",HIT,AREA,SHOPPING,"선비촌","진미슈퍼","경상북도 영주시 순흥면 순흥로55번길 1",1.290
NORMAL,영주,"선비촌·소수서원 일대",HIT,AREA,SHOPPING,"선비촌","풍기애삼","경상북도 영주시 순흥면 소백로 2796 상가 C 풍기애삼",0.428
NORMAL,영주,"선비촌·소수서원 일대",HIT,AREA,SHOPPING,"선비촌","순흥초군농악보존회","경상북도 영주시 순흥면 순흥로55번길 14",1.351
NORMAL,영주,"선비촌·소수서원 일대",HIT,AREA,SHOPPING,"선비촌","새마을철물상사","경상북도 영주시 순흥면 순흥로 62",1.224
NORMAL,영주,"선비촌·소수서원 일대",HIT,ANCHOR,SHOPPING,"소수서원","하나로마트 풍기농협순흥지점","경상북도 영주시 순흥면 순흥로 64",1.198
NORMAL,영주,"선비촌·소수서원 일대",HIT,ANCHOR,SHOPPING,"소수서원","진미슈퍼","경상북도 영주시 순흥면 순흥로55번길 1",1.290
NORMAL,영주,"선비촌·소수서원 일대",HIT,ANCHOR,SHOPPING,"소수서원","풍기애삼","경상북도 영주시 순흥면 소백로 2796 상가 C 풍기애삼",0.428
NORMAL,영주,"선비촌·소수서원 일대",HIT,ANCHOR,SHOPPING,"소수서원","순흥초군농악보존회","경상북도 영주시 순흥면 순흥로55번길 14",1.351
NORMAL,영주,"선비촌·소수서원 일대",HIT,ANCHOR,SHOPPING,"소수서원","새마을철물상사","경상북도 영주시 순흥면 순흥로 62",1.224
NORMAL,영주,"선비촌·소수서원 일대",HIT,LOCATION,SHOPPING,"영주","홈플러스 영주점","경상북도 영주시 대학로 29 홈플러스 영주점",13.447
NORMAL,영주,"선비촌·소수서원 일대",HIT,LOCATION,SHOPPING,"영주","노브랜드 영주가흥점","경상북도 영주시 대학로 248",12.202
NORMAL,영주,"선비촌·소수서원 일대",HIT,LOCATION,SHOPPING,"영주","하나로마트 안정농협로컬푸드직매장","경상북도 영주시 대학로284번길 5",11.869
NORMAL,영주,"선비촌·소수서원 일대",HIT,LOCATION,SHOPPING,"영주","다이소 영주본점","경상북도 영주시 대학로 37",13.461
NORMAL,영주,"선비촌·소수서원 일대",HIT,LOCATION,SHOPPING,"영주","영주할인마트","경상북도 영주시 구성로 376",11.791
NORMAL,영주,"선비촌·소수서원 일대",HIT,AREA,ATTRACTION,"선비촌","소수서원","경상북도 영주시 순흥면 소백로 2740",0.217
NORMAL,영주,"선비촌·소수서원 일대",HIT,AREA,ATTRACTION,"선비촌","선비촌근린공원","경상남도 산청군 시천면 사리 481-2",194.952
NORMAL,영주,"선비촌·소수서원 일대",HIT,ANCHOR,ATTRACTION,"소수서원","소수서원","경상북도 영주시 순흥면 소백로 2740",0.217
NORMAL,영주,"선비촌·소수서원 일대",HIT,ANCHOR,ATTRACTION,"소수서원","소수서원강학당","경상북도 영주시 순흥면 내죽리",0.094
NORMAL,영주,"선비촌·소수서원 일대",HIT,LOCATION,ATTRACTION,"영주","부석사","경상북도 영주시 부석면 부석사로 345",12.507
NORMAL,영주,"선비촌·소수서원 일대",HIT,LOCATION,ATTRACTION,"영주","소백산풍기온천리조트","경상북도 영주시 풍기읍 죽령로 1400",9.892
NORMAL,영주,"선비촌·소수서원 일대",HIT,LOCATION,ATTRACTION,"영주","소수서원","경상북도 영주시 순흥면 소백로 2740",0.217
NORMAL,영주,"소수서원·선비촌 일대",HIT,AREA,MEAL,"소수서원","선비촌종가집","경상북도 영주시 순흥면 소백로 2796",0.203
NORMAL,영주,"소수서원·선비촌 일대",HIT,AREA,MEAL,"소수서원","청화루","경상북도 영주시 순흥면 소백로 2796",0.428
NORMAL,영주,"소수서원·선비촌 일대",HIT,ANCHOR,MEAL,"소수서원","선비촌종가집","경상북도 영주시 순흥면 소백로 2796",0.203
NORMAL,영주,"소수서원·선비촌 일대",HIT,ANCHOR,MEAL,"소수서원","청화루","경상북도 영주시 순흥면 소백로 2796",0.428
NORMAL,영주,"소수서원·선비촌 일대",HIT,LOCATION,MEAL,"영주","나드리","경상북도 영주시 중앙로 89 나드리",12.044
NORMAL,영주,"소수서원·선비촌 일대",HIT,LOCATION,MEAL,"영주","뜬돌반점 영주택지본점","경상북도 영주시 대동로31번길 16-1 뜬돌반점 영주택지본점",12.357
NORMAL,영주,"소수서원·선비촌 일대",HIT,LOCATION,MEAL,"영주","우동고 영주택지점","경상북도 영주시 대동로31번길 30 1호 우동고",12.212
NORMAL,영주,"소수서원·선비촌 일대",HIT,LOCATION,MEAL,"영주","풍기 한결청국장","경상북도 영주시 풍기읍 인삼로 1-1 한결청국장",7.642
NORMAL,영주,"소수서원·선비촌 일대",HIT,AREA,CAFE,"소수서원","연화 카페","경상북도 영주시 순흥면 죽계로 26 연화 떡카페",0.775
NORMAL,영주,"소수서원·선비촌 일대",HIT,AREA,CAFE,"소수서원","카페파란문","경상북도 영주시 순흥면 소백로 2633 카페파란문",1.288
NORMAL,영주,"소수서원·선비촌 일대",HIT,AREA,CAFE,"소수서원","카페휴","경상북도 영주시 순흥면 소백로 2796",0.428
NORMAL,영주,"소수서원·선비촌 일대",HIT,AREA,CAFE,"소수서원","순흥다방","경상북도 영주시 순흥면 순흥로 52",1.270
NORMAL,영주,"소수서원·선비촌 일대",HIT,AREA,CAFE,"소수서원","토지다방","경상북도 영주시 순흥면 순흥로55번길 10 대흥각",1.329
NORMAL,영주,"소수서원·선비촌 일대",HIT,ANCHOR,CAFE,"소수서원","연화 카페","경상북도 영주시 순흥면 죽계로 26 연화 떡카페",0.775
NORMAL,영주,"소수서원·선비촌 일대",HIT,ANCHOR,CAFE,"소수서원","카페파란문","경상북도 영주시 순흥면 소백로 2633 카페파란문",1.288
NORMAL,영주,"소수서원·선비촌 일대",HIT,ANCHOR,CAFE,"소수서원","카페휴","경상북도 영주시 순흥면 소백로 2796",0.428
NORMAL,영주,"소수서원·선비촌 일대",HIT,ANCHOR,CAFE,"소수서원","순흥다방","경상북도 영주시 순흥면 순흥로 52",1.270
NORMAL,영주,"소수서원·선비촌 일대",HIT,ANCHOR,CAFE,"소수서원","토지다방","경상북도 영주시 순흥면 순흥로55번길 10 대흥각",1.329
NORMAL,영주,"소수서원·선비촌 일대",HIT,LOCATION,CAFE,"영주","태극당","경상북도 영주시 번영로 154 태극당",11.882
NORMAL,영주,"소수서원·선비촌 일대",HIT,LOCATION,CAFE,"영주","카페 하망주택","경상북도 영주시 중앙로106번길 13 카페하망주택",11.953
NORMAL,영주,"소수서원·선비촌 일대",HIT,LOCATION,CAFE,"영주","오빵 본점","경상북도 영주시 대동로13번길 24 1층 오빵",12.230
NORMAL,영주,"소수서원·선비촌 일대",HIT,LOCATION,CAFE,"영주","녹스고지","경상북도 영주시 두서길87번길 38",11.028
NORMAL,영주,"소수서원·선비촌 일대",HIT,LOCATION,CAFE,"영주","파리바게뜨 경북영주역점","경상북도 영주시 대학로 21 파리바게뜨",13.421
NORMAL,영주,"소수서원·선비촌 일대",HIT,AREA,SHOPPING,"소수서원","하나로마트 풍기농협순흥지점","경상북도 영주시 순흥면 순흥로 64",1.198
NORMAL,영주,"소수서원·선비촌 일대",HIT,AREA,SHOPPING,"소수서원","진미슈퍼","경상북도 영주시 순흥면 순흥로55번길 1",1.290
NORMAL,영주,"소수서원·선비촌 일대",HIT,AREA,SHOPPING,"소수서원","풍기애삼","경상북도 영주시 순흥면 소백로 2796 상가 C 풍기애삼",0.428
NORMAL,영주,"소수서원·선비촌 일대",HIT,AREA,SHOPPING,"소수서원","순흥초군농악보존회","경상북도 영주시 순흥면 순흥로55번길 14",1.351
NORMAL,영주,"소수서원·선비촌 일대",HIT,AREA,SHOPPING,"소수서원","새마을철물상사","경상북도 영주시 순흥면 순흥로 62",1.224
NORMAL,영주,"소수서원·선비촌 일대",HIT,ANCHOR,SHOPPING,"소수서원","하나로마트 풍기농협순흥지점","경상북도 영주시 순흥면 순흥로 64",1.198
NORMAL,영주,"소수서원·선비촌 일대",HIT,ANCHOR,SHOPPING,"소수서원","진미슈퍼","경상북도 영주시 순흥면 순흥로55번길 1",1.290
NORMAL,영주,"소수서원·선비촌 일대",HIT,ANCHOR,SHOPPING,"소수서원","풍기애삼","경상북도 영주시 순흥면 소백로 2796 상가 C 풍기애삼",0.428
NORMAL,영주,"소수서원·선비촌 일대",HIT,ANCHOR,SHOPPING,"소수서원","순흥초군농악보존회","경상북도 영주시 순흥면 순흥로55번길 14",1.351
NORMAL,영주,"소수서원·선비촌 일대",HIT,ANCHOR,SHOPPING,"소수서원","새마을철물상사","경상북도 영주시 순흥면 순흥로 62",1.224
NORMAL,영주,"소수서원·선비촌 일대",HIT,LOCATION,SHOPPING,"영주","홈플러스 영주점","경상북도 영주시 대학로 29 홈플러스 영주점",13.447
NORMAL,영주,"소수서원·선비촌 일대",HIT,LOCATION,SHOPPING,"영주","노브랜드 영주가흥점","경상북도 영주시 대학로 248",12.202
NORMAL,영주,"소수서원·선비촌 일대",HIT,LOCATION,SHOPPING,"영주","하나로마트 안정농협로컬푸드직매장","경상북도 영주시 대학로284번길 5",11.869
NORMAL,영주,"소수서원·선비촌 일대",HIT,LOCATION,SHOPPING,"영주","다이소 영주본점","경상북도 영주시 대학로 37",13.461
NORMAL,영주,"소수서원·선비촌 일대",HIT,LOCATION,SHOPPING,"영주","영주할인마트","경상북도 영주시 구성로 376",11.791
NORMAL,영주,"소수서원·선비촌 일대",HIT,AREA,ATTRACTION,"소수서원","소수서원","경상북도 영주시 순흥면 소백로 2740",0.217
NORMAL,영주,"소수서원·선비촌 일대",HIT,AREA,ATTRACTION,"소수서원","소수서원강학당","경상북도 영주시 순흥면 내죽리",0.094
NORMAL,영주,"소수서원·선비촌 일대",HIT,ANCHOR,ATTRACTION,"소수서원","소수서원","경상북도 영주시 순흥면 소백로 2740",0.217
NORMAL,영주,"소수서원·선비촌 일대",HIT,ANCHOR,ATTRACTION,"소수서원","소수서원강학당","경상북도 영주시 순흥면 내죽리",0.094
NORMAL,영주,"소수서원·선비촌 일대",HIT,LOCATION,ATTRACTION,"영주","부석사","경상북도 영주시 부석면 부석사로 345",12.507
NORMAL,영주,"소수서원·선비촌 일대",HIT,LOCATION,ATTRACTION,"영주","소백산풍기온천리조트","경상북도 영주시 풍기읍 죽령로 1400",9.892
NORMAL,영주,"소수서원·선비촌 일대",HIT,LOCATION,ATTRACTION,"영주","소수서원","경상북도 영주시 순흥면 소백로 2740",0.217
WIDE,제주,,FALLBACK_LOCATION,LOCATION,MEAL,"제주","우진해장국","제주특별자치도 제주시 서사로 11",29.889
WIDE,제주,,FALLBACK_LOCATION,LOCATION,MEAL,"제주","이춘옥원조고등어쌈밥 제주애월본점","제주특별자치도 제주시 애월읍 일주서로 7213",29.331
WIDE,제주,,FALLBACK_LOCATION,LOCATION,MEAL,"제주","모루쿠다 서귀포올레시장점","제주특별자치도 서귀포시 태평로431번길 32 1층 모루쿠다 서귀포올레시장점",3.182
WIDE,제주,,FALLBACK_LOCATION,LOCATION,MEAL,"제주","고집돌우럭 중문점","제주특별자치도 서귀포시 일주서로 879",10.900
WIDE,제주,,FALLBACK_LOCATION,LOCATION,MEAL,"제주","동문올레수산 동문시장 본점","제주특별자치도 제주시 관덕로14길 10 동문올레수산 동문시장 본점",29.951
WIDE,제주,,FALLBACK_LOCATION,LOCATION,CAFE,"제주","소랑아시 소품샵&amp;선물가게","제주특별자치도 서귀포시 중문관광로 27 1층",11.047
WIDE,제주,,FALLBACK_LOCATION,LOCATION,CAFE,"제주","찰리공장 제주동문시장본점","제주특별자치도 제주시 중앙로13길 21 찰리공장 제주동문시장본점",29.870
WIDE,제주,,FALLBACK_LOCATION,LOCATION,CAFE,"제주","델문도","제주특별자치도 제주시 조천읍 조함해안로 519-10",35.756
WIDE,제주,,FALLBACK_LOCATION,LOCATION,CAFE,"제주","원앤온리","제주특별자치도 서귀포시 안덕면 산방로 141 원앤온리 제주",19.839
WIDE,제주,,FALLBACK_LOCATION,LOCATION,CAFE,"제주","아베베 베이커리 제주","제주특별자치도 제주시 동문로6길 4 1-3층(일도일동)",29.992
WIDE,제주,,FALLBACK_LOCATION,LOCATION,SHOPPING,"제주","JDC국내선면세점 제주국제공항점","제주특별자치도 제주시 공항로 2",29.576
WIDE,제주,,FALLBACK_LOCATION,LOCATION,SHOPPING,"제주","소랑아시 소품샵&amp;선물가게","제주특별자치도 서귀포시 중문관광로 27 1층",11.047
WIDE,제주,,FALLBACK_LOCATION,LOCATION,SHOPPING,"제주","이마트 서귀포점","제주특별자치도 서귀포시 일주동로 9209 E-마트",2.244
WIDE,제주,,FALLBACK_LOCATION,LOCATION,SHOPPING,"제주","이마트 신제주점","제주특별자치도 제주시 1100로 3348 이마트",27.352
WIDE,제주,,FALLBACK_LOCATION,LOCATION,SHOPPING,"제주","샵제주 공항점","제주특별자치도 제주시 다호북길 109 2층",29.212
WIDE,제주,,FALLBACK_LOCATION,LOCATION,ATTRACTION,"제주","카멜리아힐","제주특별자치도 서귀포시 안덕면 병악로 166",16.139
WIDE,제주,,FALLBACK_LOCATION,LOCATION,ATTRACTION,"제주","아르떼뮤지엄 제주","제주특별자치도 제주시 애월읍 어림비로 478",24.413
WIDE,제주,,FALLBACK_LOCATION,LOCATION,ATTRACTION,"제주","휴애리자연생활공원","제주특별자치도 서귀포시 남원읍 신례동로 256",11.956
WIDE,삼척,,FALLBACK_LOCATION,LOCATION,MEAL,"삼척","삼척보스대게 본점","강원특별자치도 삼척시 테마타운길 39 2층 삼척보스대게 본점",21.384
WIDE,삼척,,FALLBACK_LOCATION,LOCATION,MEAL,"삼척","강릉불고기 삼척점","강원특별자치도 삼척시 새천년도로 607",20.923
WIDE,삼척,,FALLBACK_LOCATION,LOCATION,MEAL,"삼척","일미어담","강원특별자치도 삼척시 테마타운길 19",21.410
WIDE,삼척,,FALLBACK_LOCATION,LOCATION,MEAL,"삼척","삼척전복해물뚝배기","강원특별자치도 삼척시 테마타운길 59 2층",21.392
WIDE,삼척,,FALLBACK_LOCATION,LOCATION,MEAL,"삼척","일미담","강원특별자치도 삼척시 테마타운길 49 101호",21.386
WIDE,삼척,,FALLBACK_LOCATION,LOCATION,CAFE,"삼척","보사노바 커피로스터스 삼척점","강원특별자치도 삼척시 새천년도로 517 보사노바커피 삼척점",21.394
WIDE,삼척,,FALLBACK_LOCATION,LOCATION,CAFE,"삼척","순두부젤라또 4호점","강원특별자치도 삼척시 테마타운길 69 1동 2층 201호",21.382
WIDE,삼척,,FALLBACK_LOCATION,LOCATION,CAFE,"삼척","카페 얼","강원특별자치도 삼척시 테마타운길 53 3동 2층 카페 얼(EARL)",21.393
WIDE,삼척,,FALLBACK_LOCATION,LOCATION,CAFE,"삼척","파리바게뜨 삼척교동점","강원특별자치도 삼척시 정상로 74",20.238
WIDE,삼척,,FALLBACK_LOCATION,LOCATION,CAFE,"삼척","1994커피","강원특별자치도 삼척시 테마타운길 69",21.385
WIDE,삼척,,FALLBACK_LOCATION,LOCATION,SHOPPING,"삼척","홈플러스 삼척점","강원특별자치도 삼척시 중앙로 258 홈플러스",19.654
WIDE,삼척,,FALLBACK_LOCATION,LOCATION,SHOPPING,"삼척","삼척농협하나로마트 교동지점","강원특별자치도 삼척시 정상로 78",20.290
WIDE,삼척,,FALLBACK_LOCATION,LOCATION,SHOPPING,"삼척","하나로마트 삼척농협본점","강원특별자치도 삼척시 진주로 14",19.048
WIDE,삼척,,FALLBACK_LOCATION,LOCATION,SHOPPING,"삼척","태화마트 삼척점","강원특별자치도 삼척시 정상안길 97 금강프라자",20.167
WIDE,삼척,,FALLBACK_LOCATION,LOCATION,SHOPPING,"삼척","good&amp;goods","강원특별자치도 삼척시 수로부인길 453",21.442
WIDE,삼척,,FALLBACK_LOCATION,LOCATION,ATTRACTION,"삼척","환선굴","강원특별자치도 삼척시 신기면 환선로 800 대이동굴관광센터",0.068
WIDE,삼척,,FALLBACK_LOCATION,LOCATION,ATTRACTION,"삼척","삼척해양레일바이크 궁촌정거장","강원특별자치도 삼척시 근덕면 공양왕길 2",22.817
WIDE,삼척,,FALLBACK_LOCATION,LOCATION,ATTRACTION,"삼척","삼척해수욕장","강원특별자치도 삼척시 갈천동",21.444
WIDE,통영,,FALLBACK_LOCATION,LOCATION,MEAL,"통영","동피랑쭈굴","경상남도 통영시 통영해안로 363-1",1.967
WIDE,통영,,FALLBACK_LOCATION,LOCATION,MEAL,"통영","대풍관","경상남도 통영시 해송정2길 29",1.831
WIDE,통영,,FALLBACK_LOCATION,LOCATION,MEAL,"통영","해미락","경상남도 통영시 남포2길 41 3층",0.644
WIDE,통영,,FALLBACK_LOCATION,LOCATION,CAFE,"통영","아르세","경상남도 통영시 광도면 창포길 6-16 1,2층",9.385
WIDE,통영,,FALLBACK_LOCATION,LOCATION,CAFE,"통영","바다담","경상남도 통영시 용남면 장문로 287-92 바다담",6.403
WIDE,통영,,FALLBACK_LOCATION,LOCATION,CAFE,"통영","나나의주전자","경상남도 통영시 용남면 연기길 269",6.516
WIDE,통영,,FALLBACK_LOCATION,LOCATION,CAFE,"통영","카페배양장","경상남도 통영시 산양읍 함박길 51 카페 배양장",7.682
WIDE,통영,,FALLBACK_LOCATION,LOCATION,CAFE,"통영","통영 오미사꿀빵","경상남도 통영시 도남로 110",0.920
WIDE,통영,,FALLBACK_LOCATION,LOCATION,SHOPPING,"통영","롯데마트 통영점","경상남도 통영시 무전대로 65 롯데마트 통영점",3.799
WIDE,통영,,FALLBACK_LOCATION,LOCATION,SHOPPING,"통영","이마트 통영점","경상남도 통영시 광도면 죽림4로 9",6.755
WIDE,통영,,FALLBACK_LOCATION,LOCATION,SHOPPING,"통영","탑마트 죽림점","경상남도 통영시 광도면 신죽1길 18",5.603
WIDE,통영,,FALLBACK_LOCATION,LOCATION,SHOPPING,"통영","뉴월드마트","경상남도 통영시 북신시장1길 12",3.324
WIDE,통영,,FALLBACK_LOCATION,LOCATION,SHOPPING,"통영","새통영농협하나로마트 본점","경상남도 통영시 광도면 죽림2로 49-49",6.177
WIDE,통영,,FALLBACK_LOCATION,LOCATION,ATTRACTION,"통영","나폴리농원","경상남도 통영시 산양읍 미륵산길 152 나폴리농원",2.741
WIDE,통영,,FALLBACK_LOCATION,LOCATION,ATTRACTION,"통영","이순신공원","경상남도 통영시 정량동 688-1",2.467
WIDE,서울,,FALLBACK_LOCATION,LOCATION,MEAL,"서울","명동교자 본점","서울특별시 중구 퇴계로 129",1.102
WIDE,서울,,FALLBACK_LOCATION,LOCATION,MEAL,"서울","장인닭갈비 강남점","서울특별시 강남구 테헤란로1길 19",8.847
WIDE,서울,,FALLBACK_LOCATION,LOCATION,CAFE,"서울","스타벅스 한국프레스센터점","서울특별시 중구 세종대로 124 (태평로1가)",0.218
WIDE,서울,,FALLBACK_LOCATION,LOCATION,CAFE,"서울","쟝블랑제리 낙성대본점","서울특별시 관악구 낙성대역길 8",10.336
WIDE,서울,,FALLBACK_LOCATION,LOCATION,CAFE,"서울","태극당","서울특별시 중구 동호로24길 7",2.567
WIDE,서울,,FALLBACK_LOCATION,LOCATION,CAFE,"서울","노티드 스튜디오 청담","서울특별시 강남구 도산대로53길 15 1층",7.256
WIDE,서울,,FALLBACK_LOCATION,LOCATION,CAFE,"서울","스타벅스 무교로점","서울특별시 중구 무교로 15 (무교동)",0.218
WIDE,서울,,FALLBACK_LOCATION,LOCATION,SHOPPING,"서울","코스트코코리아 상봉점","서울특별시 중랑구 망우로 336",10.319
WIDE,서울,,FALLBACK_LOCATION,LOCATION,SHOPPING,"서울","트레이더스 홀세일 클럽 월계점","서울특별시 노원구 마들로3길 17 트레이더스 홀세일 클럽 월계점",9.768
WIDE,서울,,FALLBACK_LOCATION,LOCATION,SHOPPING,"서울","현대백화점 더현대 서울","서울특별시 영등포구 여의대로 108 더현대 서울",6.532
WIDE,서울,,FALLBACK_LOCATION,LOCATION,SHOPPING,"서울","코스트코코리아 양평점","서울특별시 영등포구 선유로 156",8.910
WIDE,서울,,FALLBACK_LOCATION,LOCATION,SHOPPING,"서울","NC백화점 강서점","서울특별시 강서구 강서로56길 17 NC백화점 강서점",12.219
WIDE,서울,,FALLBACK_LOCATION,LOCATION,ATTRACTION,"서울","경복궁","서울특별시 종로구 사직로 161 경복궁",1.087
WIDE,서울,,FALLBACK_LOCATION,LOCATION,ATTRACTION,"서울","서울숲","서울특별시 성동구 뚝섬로 273",6.086
INCIDENT,순천,"원도심·문화의거리 일대",HIT,AREA,MEAL,"원도심","원도심펍","전남광주통합특별시 목포시 영산로59번길 21-1 원도심펍",101.779
INCIDENT,순천,"원도심·문화의거리 일대",HIT,AREA,MEAL,"원도심","나주볼테기","전남광주통합특별시 나주시 건재로 225 나주볼테기",69.681
INCIDENT,순천,"원도심·문화의거리 일대",HIT,AREA,MEAL,"원도심","청호","전남광주통합특별시 나주시 과원길 28 청호",70.288
INCIDENT,순천,"원도심·문화의거리 일대",HIT,AREA,MEAL,"원도심","문희 제주본점","제주특별자치도 제주시 중앙로24길 9 단독상가1층",183.577
INCIDENT,순천,"원도심·문화의거리 일대",HIT,LOCATION,MEAL,"순천","도원경","전남광주통합특별시 순천시 순천만길 309 1층 도원경",6.231
INCIDENT,순천,"원도심·문화의거리 일대",HIT,LOCATION,MEAL,"순천","순천게장 낭만별식 신대국가정원점","전남광주통합특별시 순천시 해룡면 매안로 72 1층",7.226
INCIDENT,순천,"원도심·문화의거리 일대",HIT,LOCATION,MEAL,"순천","어나더키친 스테이크하우스 순천","전남광주통합특별시 순천시 왕지4길 18 2층",4.281
INCIDENT,순천,"원도심·문화의거리 일대",HIT,LOCATION,MEAL,"순천","덕수파스타 순천 직영점","전남광주통합특별시 순천시 왕지2길 13-12 1층",4.158
INCIDENT,순천,"원도심·문화의거리 일대",HIT,LOCATION,MEAL,"순천","나나방콕 순천호수공원점","전남광주통합특별시 순천시 왕지4길 10 1층",4.319
INCIDENT,순천,"원도심·문화의거리 일대",HIT,AREA,CAFE,"원도심","파이브 코너 커피","전남광주통합특별시 목포시 산정로37번길 12 1층",101.027
INCIDENT,순천,"원도심·문화의거리 일대",HIT,AREA,CAFE,"원도심","라망드마망","전남광주통합특별시 순천시 중앙시장길 46 1층",0.540
INCIDENT,순천,"원도심·문화의거리 일대",HIT,AREA,CAFE,"원도심","당진원도심상점가관광라운지","충청남도 당진시 당진중앙2로 53-11 태양당",228.736
INCIDENT,순천,"원도심·문화의거리 일대",HIT,AREA,CAFE,"원도심","올리브카페","충청남도 서산시 대사동1로 11 1층",223.279
INCIDENT,순천,"원도심·문화의거리 일대",HIT,AREA,CAFE,"원도심","카페 희원","전남광주통합특별시 나주시 금성관길 23 카페 희원",70.268
INCIDENT,순천,"원도심·문화의거리 일대",HIT,LOCATION,CAFE,"순천","조훈모과자점 팔마점","전남광주통합특별시 순천시 팔마로 269 나동",3.572
INCIDENT,순천,"원도심·문화의거리 일대",HIT,LOCATION,CAFE,"순천","스타벅스 순천연향점","전남광주통합특별시 순천시 연향번영길 118 (연향동)",3.450
INCIDENT,순천,"원도심·문화의거리 일대",HIT,LOCATION,CAFE,"순천","스타벅스 순천호수공원점","전남광주통합특별시 순천시 왕지2길 17 (왕지동)",4.105
INCIDENT,순천,"원도심·문화의거리 일대",HIT,LOCATION,CAFE,"순천","스타벅스 순천신대점","전남광주통합특별시 순천시 해룡면 향매로 99",6.756
INCIDENT,순천,"원도심·문화의거리 일대",HIT,LOCATION,CAFE,"순천","브루웍스","전남광주통합특별시 순천시 역전길 61 브루웍스",1.814
INCIDENT,순천,"원도심·문화의거리 일대",HIT,AREA,SHOPPING,"원도심","지구별서점","전남광주통합특별시 목포시 수문로 63 지구별서점",102.058
INCIDENT,순천,"원도심·문화의거리 일대",HIT,AREA,SHOPPING,"원도심","당진원도심상점가활성구역","충청남도 당진시 당진중앙1로 79",228.784
INCIDENT,순천,"원도심·문화의거리 일대",HIT,AREA,SHOPPING,"원도심","제주원도심활성화자율상권조합","제주특별자치도 제주시 중앙로 43 2층",182.758
INCIDENT,순천,"원도심·문화의거리 일대",HIT,AREA,SHOPPING,"원도심","별별삼성OZ상권","충청북도 음성군 삼성면 대성로 611-1 1층",229.384
INCIDENT,순천,"원도심·문화의거리 일대",HIT,AREA,SHOPPING,"원도심","틸디엔드","제주특별자치도 제주시 관덕로 9-5 1층",183.042
INCIDENT,순천,"원도심·문화의거리 일대",HIT,LOCATION,SHOPPING,"순천","이마트 순천점","전남광주통합특별시 순천시 팔마로 191 (주)이마트",2.859
INCIDENT,순천,"원도심·문화의거리 일대",HIT,LOCATION,SHOPPING,"순천","순천농협파머스마켓","전남광주통합특별시 순천시 백연길 111",4.733
INCIDENT,순천,"원도심·문화의거리 일대",HIT,LOCATION,SHOPPING,"순천","홈플러스 순천점","전남광주통합특별시 순천시 신월큰길 10",3.637
INCIDENT,순천,"원도심·문화의거리 일대",HIT,LOCATION,SHOPPING,"순천","더팜식자재마트","전남광주통합특별시 순천시 해룡면 매안로 161",6.469
INCIDENT,순천,"원도심·문화의거리 일대",HIT,LOCATION,SHOPPING,"순천","다담식자재마트 순천점","전남광주통합특별시 순천시 해룡면 지봉로 384",4.921
INCIDENT,순천,"원도심·문화의거리 일대",HIT,LOCATION,ATTRACTION,"순천","순천만국가정원","전남광주통합특별시 순천시 국가정원1호길 47",3.985
INCIDENT,순천,"원도심·문화의거리 일대",HIT,LOCATION,ATTRACTION,"순천","순천만습지","전남광주통합특별시 순천시 순천만길 513-25",8.204
INCIDENT,순천,"원도심·문화의거리 일대",HIT,LOCATION,ATTRACTION,"순천","순천 낙안읍성","전남광주통합특별시 순천시 낙안면 충민길 30",13.818
INCIDENT,순천,"원도심·문화의거리 일대",HIT,LOCATION,ATTRACTION,"순천","순천드라마촬영장","전남광주통합특별시 순천시 비례골길 24",5.249
INCIDENT,순천,"원도심·문화의거리 일대",HIT,LOCATION,ATTRACTION,"순천","선암사","전남광주통합특별시 순천시 승주읍 선암사길 450",14.420
INCIDENT,통영,"도남동·통영항 일대",HIT,AREA,MEAL,"도남동","농우마실도남농원점","경상북도 상주시 용마로 359",181.044
INCIDENT,통영,"도남동·통영항 일대",HIT,AREA,MEAL,"도남동","국립낙동강생물자원관 푸드코트","경상북도 상주시 도남2길 137",180.494
INCIDENT,통영,"도남동·통영항 일대",HIT,AREA,MEAL,"도남동","경양식 썸","경상북도 상주시 도남2길 174",180.749
INCIDENT,통영,"도남동·통영항 일대",HIT,ANCHOR,MEAL,"통영케이블카","민수사횟집 앤 민다찌","경상남도 통영시 미수해안로 125-5 마이웨이빌딩 5층",1.510
INCIDENT,통영,"도남동·통영항 일대",HIT,ANCHOR,MEAL,"통영케이블카","울산다찌","경상남도 통영시 미수해안로 157",1.197
INCIDENT,통영,"도남동·통영항 일대",HIT,ANCHOR,MEAL,"통영케이블카","코카모메 통영점","경상남도 통영시 데메4길 63 상가 101호 코카모메 통영점",0.197
INCIDENT,통영,"도남동·통영항 일대",HIT,ANCHOR,MEAL,"통영케이블카","멘멘 통영점","경상남도 통영시 데메4길 68 상가 104호",0.209
INCIDENT,통영,"도남동·통영항 일대",HIT,LOCATION,MEAL,"통영","동피랑쭈굴","경상남도 통영시 통영해안로 363-1",1.967
INCIDENT,통영,"도남동·통영항 일대",HIT,LOCATION,MEAL,"통영","대풍관","경상남도 통영시 해송정2길 29",1.831
INCIDENT,통영,"도남동·통영항 일대",HIT,LOCATION,MEAL,"통영","해미락","경상남도 통영시 남포2길 41 3층",0.644
INCIDENT,통영,"도남동·통영항 일대",HIT,AREA,CAFE,"도남동","경천섬카페","경상북도 상주시 도남2길 174 경천섬카페",180.751
INCIDENT,통영,"도남동·통영항 일대",HIT,AREA,CAFE,"도남동","국립낙동강생물자원관카페","경상북도 상주시 도남2길 137",180.646
INCIDENT,통영,"도남동·통영항 일대",HIT,AREA,CAFE,"도남동","경천하녹","경상북도 상주시 도남2길 91 (도남서원 옆)",180.009
INCIDENT,통영,"도남동·통영항 일대",HIT,AREA,CAFE,"도남동","낙동관생물자원관 재미있담","경상북도 상주시 도남2길 137 국립낙동강생물자원관",180.466
INCIDENT,통영,"도남동·통영항 일대",HIT,AREA,CAFE,"도남동","자전거카페","경상북도 상주시 도남동",181.495
INCIDENT,통영,"도남동·통영항 일대",HIT,ANCHOR,CAFE,"통영케이블카","통영 오미사꿀빵","경상남도 통영시 도남로 110",0.920
INCIDENT,통영,"도남동·통영항 일대",HIT,ANCHOR,CAFE,"통영케이블카","드스텔라 로스터리","경상남도 통영시 운하1길 65 DESTELLARCOFFEE",1.457
INCIDENT,통영,"도남동·통영항 일대",HIT,ANCHOR,CAFE,"통영케이블카","파리바게뜨 통영봉평점","경상남도 통영시 봉수로 3 (봉평동)셈틀사랑애니클레스보습학원 1충",1.066
INCIDENT,통영,"도남동·통영항 일대",HIT,ANCHOR,CAFE,"통영케이블카","지저트","경상남도 통영시 봉수로 69-1 103호(봉평동, 광우주택)",0.906
INCIDENT,통영,"도남동·통영항 일대",HIT,ANCHOR,CAFE,"통영케이블카","포르투나호텔","경상남도 통영시 미수해안로 152",1.232
INCIDENT,통영,"도남동·통영항 일대",HIT,LOCATION,CAFE,"통영","아르세","경상남도 통영시 광도면 창포길 6-16 1,2층",9.385
INCIDENT,통영,"도남동·통영항 일대",HIT,LOCATION,CAFE,"통영","바다담","경상남도 통영시 용남면 장문로 287-92 바다담",6.403
INCIDENT,통영,"도남동·통영항 일대",HIT,LOCATION,CAFE,"통영","나나의주전자","경상남도 통영시 용남면 연기길 269",6.516
INCIDENT,통영,"도남동·통영항 일대",HIT,LOCATION,CAFE,"통영","카페배양장","경상남도 통영시 산양읍 함박길 51 카페 배양장",7.682
INCIDENT,통영,"도남동·통영항 일대",HIT,LOCATION,CAFE,"통영","통영 오미사꿀빵","경상남도 통영시 도남로 110",0.920
INCIDENT,통영,"도남동·통영항 일대",HIT,AREA,SHOPPING,"도남동","청호나이스렌탈.얼음정수기.공기청정기.비데.최저가총판H.","경상북도 상주시 도남동",180.624
INCIDENT,통영,"도남동·통영항 일대",HIT,AREA,SHOPPING,"도남동","빛과 바람","경상북도 상주시 용마로 304",180.629
INCIDENT,통영,"도남동·통영항 일대",HIT,AREA,SHOPPING,"도남동","(SK매직정수기렌탈.얼음정수기.공기청정기.비데","경상북도 상주시 도남동",180.624
INCIDENT,통영,"도남동·통영항 일대",HIT,AREA,SHOPPING,"도남동","상주고물상","경상북도 상주시 도남동",180.624
INCIDENT,통영,"도남동·통영항 일대",HIT,AREA,SHOPPING,"도남동","상주샷시샤시유리현관롤방충망방범창미세촘촘망","경상북도 상주시 도남동",180.624
INCIDENT,통영,"도남동·통영항 일대",HIT,ANCHOR,SHOPPING,"통영케이블카","탑마트 통영점","경상남도 통영시 미수해안로 164-13",1.189
INCIDENT,통영,"도남동·통영항 일대",HIT,ANCHOR,SHOPPING,"통영케이블카","다이소 탑마트통영점","경상남도 통영시 미수해안로 172",1.173
INCIDENT,통영,"도남동·통영항 일대",HIT,ANCHOR,SHOPPING,"통영케이블카","봄날의책방","경상남도 통영시 봉수1길 6-1",0.902
INCIDENT,통영,"도남동·통영항 일대",HIT,ANCHOR,SHOPPING,"통영케이블카","스카이마트","경상남도 통영시 데메4길 35",0.186
INCIDENT,통영,"도남동·통영항 일대",HIT,ANCHOR,SHOPPING,"통영케이블카","우리마트","경상남도 통영시 도남로 143",0.606
INCIDENT,통영,"도남동·통영항 일대",HIT,LOCATION,SHOPPING,"통영","롯데마트 통영점","경상남도 통영시 무전대로 65 롯데마트 통영점",3.799
INCIDENT,통영,"도남동·통영항 일대",HIT,LOCATION,SHOPPING,"통영","이마트 통영점","경상남도 통영시 광도면 죽림4로 9",6.755
INCIDENT,통영,"도남동·통영항 일대",HIT,LOCATION,SHOPPING,"통영","탑마트 죽림점","경상남도 통영시 광도면 신죽1길 18",5.603
INCIDENT,통영,"도남동·통영항 일대",HIT,LOCATION,SHOPPING,"통영","뉴월드마트","경상남도 통영시 북신시장1길 12",3.324
INCIDENT,통영,"도남동·통영항 일대",HIT,LOCATION,SHOPPING,"통영","새통영농협하나로마트 본점","경상남도 통영시 광도면 죽림2로 49-49",6.177
INCIDENT,통영,"도남동·통영항 일대",HIT,AREA,ATTRACTION,"도남동","상주보캠프존휴","경상북도 상주시 용마로 469-10",181.746
INCIDENT,통영,"도남동·통영항 일대",HIT,AREA,ATTRACTION,"도남동","도남서원","경상북도 상주시 도남2길 91",180.018
INCIDENT,통영,"도남동·통영항 일대",HIT,AREA,ATTRACTION,"도남동","상주보오토캠핑장","경상북도 상주시 용마로 164-34",180.912
INCIDENT,통영,"도남동·통영항 일대",HIT,ANCHOR,ATTRACTION,"통영케이블카","케이블카파크랜드오토캠핑장","경상남도 통영시 발개로 172-24",0.438
INCIDENT,통영,"도남동·통영항 일대",HIT,LOCATION,ATTRACTION,"통영","나폴리농원","경상남도 통영시 산양읍 미륵산길 152 나폴리농원",2.741
INCIDENT,통영,"도남동·통영항 일대",HIT,LOCATION,ATTRACTION,"통영","이순신공원","경상남도 통영시 정량동 688-1",2.467
INCIDENT,공주,"주말농장 일대",HIT,AREA,MEAL,"주말농장","백운주말농장","경기도 수원시 장안구 광교산로 564",97.086
INCIDENT,공주,"주말농장 일대",HIT,AREA,MEAL,"주말농장","동명주말농장식당","경상북도 칠곡군 동명면 동명팔거천2길 59-33",139.056
INCIDENT,공주,"주말농장 일대",HIT,AREA,MEAL,"주말농장","주말농장 우리식당","경상남도 거제시 옥포로4길 5-1 1층",225.777
INCIDENT,공주,"주말농장 일대",HIT,AREA,MEAL,"주말농장","이명자여사전통된장","충청북도 청주시 청원구 내수읍 청암로 192-38",48.149
INCIDENT,공주,"주말농장 일대",HIT,AREA,MEAL,"주말농장","주말농장가든","전북특별자치도 부안군 하서면 변산로 783-25 하서주말농장가든",93.616
INCIDENT,공주,"주말농장 일대",HIT,ANCHOR,MEAL,"무령왕릉","곰골식당","충청남도 공주시 봉황산1길 1-2 곰골식당",1.318
INCIDENT,공주,"주말농장 일대",HIT,ANCHOR,MEAL,"무령왕릉","명성불고기","충청남도 공주시 웅진로 200",1.104
INCIDENT,공주,"주말농장 일대",HIT,LOCATION,MEAL,"공주","정안알밤(하)휴게소","충청남도 공주시 정안면 논산천안고속도로 57 정안알밤(하)휴게소",12.066
INCIDENT,공주,"주말농장 일대",HIT,LOCATION,MEAL,"공주","공주쌍신집칼국수","충청남도 공주시 쌍신길 109-2 공주쌍신집칼국수",2.204
INCIDENT,공주,"주말농장 일대",HIT,LOCATION,MEAL,"공주","피탕김탕","충청남도 공주시 한적2길 47-5",2.912
INCIDENT,공주,"주말농장 일대",HIT,LOCATION,MEAL,"공주","열린매장2 정안알밤휴게소하행점","충청남도 공주시 정안면 논산천안고속도로 57",12.066
INCIDENT,공주,"주말농장 일대",HIT,AREA,CAFE,"주말농장","하이주주","대구광역시 달성군 옥포읍 용연사길 96-30 1층",147.889
INCIDENT,공주,"주말농장 일대",HIT,ANCHOR,CAFE,"무령왕릉","곡물집","충청남도 공주시 효심1길 12-1 1F 곡물집",1.495
INCIDENT,공주,"주말농장 일대",HIT,ANCHOR,CAFE,"무령왕릉","로컬커피","충청남도 공주시 용당길 55-7 로컬커피",0.571
INCIDENT,공주,"주말농장 일대",HIT,ANCHOR,CAFE,"무령왕릉","바므","충청남도 공주시 제민2길 3-2",1.350
INCIDENT,공주,"주말농장 일대",HIT,ANCHOR,CAFE,"무령왕릉","체스넛프렌즈 공주","충청남도 공주시 봉황로 64 체스넛프렌즈",1.329
INCIDENT,공주,"주말농장 일대",HIT,ANCHOR,CAFE,"무령왕릉","루치아의 뜰","충청남도 공주시 웅진로 145-8",1.302
INCIDENT,공주,"주말농장 일대",HIT,LOCATION,CAFE,"공주","베이커리 밤마을","충청남도 공주시 백미고을길 5-9 베이커리밤마을",0.869
INCIDENT,공주,"주말농장 일대",HIT,LOCATION,CAFE,"공주","공주밤빵 정안상휴게소","충청남도 공주시 정안면 논산천안고속도로 58",11.913
INCIDENT,공주,"주말농장 일대",HIT,LOCATION,CAFE,"공주","프린세스 피크닉 카페","충청남도 공주시 치미마을길 74 프린세스 피크닉카페",1.844
INCIDENT,공주,"주말농장 일대",HIT,LOCATION,CAFE,"공주","호도과자1 정안 하행휴게소","충청남도 공주시 정안면 논산천안고속도로 58",11.913
INCIDENT,공주,"주말농장 일대",HIT,LOCATION,CAFE,"공주","라루체","충청남도 공주시 반포면 계룡대로 1392",16.866
INCIDENT,공주,"주말농장 일대",HIT,AREA,SHOPPING,"주말농장","원평허브농원","경기도 화성시 효행구 매송면 매봉로 40-16",88.812
INCIDENT,공주,"주말농장 일대",HIT,AREA,SHOPPING,"주말농장","운정농약사운정농원","경기도 파주시 교하로 451",142.297
INCIDENT,공주,"주말농장 일대",HIT,AREA,SHOPPING,"주말농장","지평오차드","경기도 양평군 지평면 바깥섬부리1길 3-52",121.451
INCIDENT,공주,"주말농장 일대",HIT,AREA,SHOPPING,"주말농장","합덕부흥농약사","충청남도 당진시 합덕읍 당진3거리길 5",49.194
INCIDENT,공주,"주말농장 일대",HIT,AREA,SHOPPING,"주말농장","대가농원","경기도 남양주시 조안면 다산로761번길 15",118.259
INCIDENT,공주,"주말농장 일대",HIT,ANCHOR,SHOPPING,"무령왕릉","다이소 공주점","충청남도 공주시 웅진로 185-1",1.135
INCIDENT,공주,"주말농장 일대",HIT,ANCHOR,SHOPPING,"무령왕릉","공주산성시장","충청남도 공주시 용당길 22 산성시장고객지원센터",1.025
INCIDENT,공주,"주말농장 일대",HIT,ANCHOR,SHOPPING,"무령왕릉","다비치안경 공주산성시장점","충청남도 공주시 웅진로 207 1층 다비치안경",1.040
INCIDENT,공주,"주말농장 일대",HIT,ANCHOR,SHOPPING,"무령왕릉","공주축산직영매장","충청남도 공주시 용당길 10",0.979
INCIDENT,공주,"주말농장 일대",HIT,ANCHOR,SHOPPING,"무령왕릉","단편선","충청남도 공주시 웅진로 119-1 2층",1.528
INCIDENT,공주,"주말농장 일대",HIT,LOCATION,SHOPPING,"공주","다이소 공주신관점","충청남도 공주시 번영1로 37",1.982
INCIDENT,공주,"주말농장 일대",HIT,LOCATION,SHOPPING,"공주","탑할인유통","충청남도 공주시 흑수골길 30",2.642
INCIDENT,공주,"주말농장 일대",HIT,LOCATION,SHOPPING,"공주","서우마트 공주점","충청남도 공주시 장기로 24",3.258
INCIDENT,공주,"주말농장 일대",HIT,LOCATION,SHOPPING,"공주","잡화코너 정안(하)휴게소","충청남도 공주시 정안면 논산천안고속도로 57",12.066
INCIDENT,공주,"주말농장 일대",HIT,LOCATION,SHOPPING,"공주","GS더프레시 공주점","충청남도 공주시 무령로 310",1.974
INCIDENT,공주,"주말농장 일대",HIT,AREA,ATTRACTION,"주말농장","뿌리깊은나무숲","경기도 의왕시 학의동 474-1 뿌리깊은나무숲",102.925
INCIDENT,공주,"주말농장 일대",HIT,ANCHOR,ATTRACTION,"무령왕릉","공주무령왕릉과왕릉원","충청남도 공주시 왕릉로 37",0.105
INCIDENT,공주,"주말농장 일대",HIT,ANCHOR,ATTRACTION,"무령왕릉","백제무령왕릉연문","충청남도 공주시 금성동 221",0.793
INCIDENT,공주,"주말농장 일대",HIT,LOCATION,ATTRACTION,"공주","마곡사","충청남도 공주시 사곡면 마곡사로 966",14.076
INCIDENT,공주,"주말농장 일대",HIT,LOCATION,ATTRACTION,"공주","공산성","충청남도 공주시 금성동 53-51",1.097
INCIDENT,공주,"주말농장 일대",HIT,LOCATION,ATTRACTION,"공주","유구 색동수국정원","충청남도 공주시 유구읍 유구리 648-17",17.617
INCIDENT,공주,"주말농장 일대",HIT,LOCATION,ATTRACTION,"공주","동학사","충청남도 공주시 반포면 동학사1로 462",15.348
INCIDENT,공주,"주말농장 일대",HIT,LOCATION,ATTRACTION,"공주","히어위고글램핑&amp;바베큐","충청남도 공주시 정안면 느진묵길 89 1층",10.699
